PNDiscReq,57307
PathSetupReq,14938
PNHello,124153
PNDiscRsp,52067
PathSetupReq,65803
UpdateRouteReq,32560
UpdateRouteReq,19376
FindNodeRsp,38402
QueryRouteReq,83165
PathSetupReq,84218
UpdateRouteReq,86131
QueryRouteRsp,62146
QueryRouteReq,104986
PathSetupReq,92734
QueryRouteRsp,60844
QueryRouteReq,146914
PathSetupReq,142707
UpdateRouteReq,135874
UpdateRouteReq,89888
PathSetupReq,47569
UpdateRouteReq,28663
UpdateRouteReq,54963
QueryRouteRsp,173525
QueryRouteReq,52037
PathSetupReq,21951
UpdateRouteReq,65202
QueryRouteRsp,56676
PathSetupReq,26851
FindNodeReq,104887
UpdateRouteReq,51296
UpdateRouteReq,35406
PNDiscReq,111959
PathSetupReq,67536
FindNodeReq,105938
UpdateRouteReq,90329
UpdateRouteReq,226323
UpdateRouteReq,84118
UpdateRouteReq,30717
UpdateRouteReq,24987
PNHello,171641
PNDiscRsp,93314
FindNodeRsp,85670
FindNodeReq,63509
FindNodeRsp,50354
PNDiscReq,59191
FindNodeRsp,45395
PNHello,217907
PNDiscRsp,27151
FindNodeRsp,62377
FindNodeRsp,48541
FindNodeReq,110787
FindNodeRsp,75030
PNDiscReq,115587
FindNodeRsp,66434
FindNodeReq,59741
PNHello,57437
PNDiscRsp,38843
FindNodeRsp,66263
FindNodeRsp,59571
FindNodeRsp,77976
FindNodeReq,62446
FindNodeRsp,81663
FindNodeRsp,73077
FindNodeReq,104125
FindNodeRsp,65553
FindNodeRsp,59191
FindNodeRsp,64460
PNDiscReq,55323
FindNodeRsp,57047
FindNodeReq,91582
FindNodeRsp,70552
PNHello,59752
PNDiscRsp,27822
FindNodeRsp,64230
FindNodeReq,96340
FindNodeRsp,71484
FindNodeReq,92312
FindNodeRsp,61195
FindNodeReq,80550
FindNodeRsp,79118
FindNodeRsp,64731
FindNodeRsp,64009
FindNodeRsp,71113
FindNodeReq,109605
FindNodeRsp,74339
FindNodeRsp,55674
FindNodeReq,89768
FindNodeRsp,38953
FindNodeReq,131966
FindNodeRsp,67997
FindNodeRsp,51396
FindNodeReq,93134
FindNodeRsp,87573
FindNodeRsp,57568
FindNodeReq,105237
FindNodeReq,100027
FindNodeReq,97362
FindNodeRsp,43782
FindNodeRsp,48561
PNDiscReq,72786
FindNodeReq,72776
FindNodeRsp,56335
FindNodeReq,88395
FindNodeRsp,68498
FindNodeRsp,65854
PNHello,191628
PNDiscRsp,24376
FindNodeRsp,32781
FindNodeRsp,54933
FindNodeRsp,76533
FindNodeReq,52228
FindNodeReq,75832
FindNodeRsp,41387
FindNodeReq,58149
FindNodeRsp,66033
FindNodeRsp,41257
FindNodeRsp,39434
FindNodeRsp,63378
FindNodeRsp,80971
FindNodeReq,98615
FindNodeRsp,61194
FindNodeReq,51186
FindNodeReq,118251
FindNodeRsp,63709
PathSetupReq,31379
FindNodeRsp,54812
PathSetupReq,35476
FindNodeReq,102432
FindNodeRsp,61665
FindNodeReq,103654
PathSetupReq,23994
FindNodeRsp,72034
FindNodeRsp,62868
FindNodeReq,43501
PathSetupReq,29214
PathSetupReq,15188
FindNodeRsp,67136
FindNodeReq,72135
FindNodeRsp,59331
PathSetupReq,71263
FindNodeReq,91872
PathSetupReq,46397
PathSetupReq,52017
PathSetupReq,34735
FindNodeRsp,49673
FindNodeRsp,38272
FindNodeRsp,41338
FindNodeReq,72896
FindNodeRsp,59631
FindNodeReq,78838
FindNodeRsp,62476
FindNodeRsp,51997
FindNodeRsp,62998
FindNodeRsp,85520
FindNodeReq,68568
FindNodeRsp,91280
FindNodeReq,78217
FindNodeReq,91801
FindNodeRsp,71403
FindNodeReq,93364
FindNodeRsp,70192
FindNodeReq,92703
FindNodeReq,116077
FindNodeRsp,65342
FindNodeRsp,71133
FindNodeReq,82023
FindNodeReq,76934
FindNodeRsp,66905
FindNodeReq,75681
FindNodeRsp,51065
FindNodeReq,65753
PNDiscReq,47359
FindNodeRsp,40506
FindNodeReq,75021
FindNodeRsp,39674
FindNodeRsp,41598
FindNodeRsp,60283
FindNodeRsp,94387
FindNodeRsp,68448
FindNodeReq,117029
FindNodeRsp,87343
PNHello,40005
PNDiscRsp,26830
FindNodeRsp,64010
FindNodeReq,92994
FindNodeRsp,59862
FindNodeReq,67326
FindNodeReq,98264
FindNodeRsp,65372
FindNodeRsp,42860
FindNodeRsp,64440
FindNodeReq,118582
FindNodeReq,73607
FindNodeRsp,45926
FindNodeReq,93385
FindNodeReq,76623
FindNodeRsp,45104
FindNodeRsp,68819
FindNodeRsp,58219
FindNodeRsp,57107
FindNodeReq,97753
FindNodeReq,125124
FindNodeRsp,38863
FindNodeRsp,67036
FindNodeRsp,63969
FindNodeReq,110397
FindNodeReq,199894
FindNodeRsp,66705
FindNodeReq,89216
FindNodeRsp,61996
FindNodeReq,94306
FindNodeReq,80410
FindNodeRsp,77214
FindNodeRsp,65763
FindNodeReq,114023
FindNodeRsp,75561
FindNodeReq,111999
FindNodeRsp,65342
FindNodeRsp,53470
FindNodeRsp,44533
FindNodeRsp,41418
FindNodeReq,76063
FindNodeRsp,48040
FindNodeReq,99797
FindNodeRsp,45715
FindNodeRsp,37370
FindNodeReq,82504
FindNodeReq,67306
FindNodeRsp,63679
PathSetupReq,44523
FindNodeRsp,59371
PathSetupReq,65844
FindNodeRsp,62617
PathSetupReq,37640
FindNodeRsp,66024
FindNodeReq,139691
FindNodeRsp,63969
PathSetupReq,160741
PathSetupReq,31408
FindNodeRsp,76944
FindNodeRsp,71554
PathSetupReq,35176
FindNodeReq,92463
PathSetupReq,55113
PathSetupReq,55203
PathSetupReq,40526
FindNodeRsp,40475
FindNodeRsp,58810
FindNodeRsp,40476
FindNodeReq,100397
FindNodeReq,97894
FindNodeRsp,87995
FindNodeReq,89607
FindNodeRsp,60373
FindNodeRsp,59021
FindNodeRsp,58179
FindNodeReq,53740
FindNodeReq,50795
FindNodeReq,92282
FindNodeRsp,65442
FindNodeReq,72555
FindNodeReq,92303
FindNodeRsp,72035
FindNodeRsp,45415
FindNodeReq,85951
FindNodeReq,64510
FindNodeRsp,42389
FindNodeReq,55794
FindNodeReq,65202
FindNodeRsp,42900
FindNodeRsp,73287
FindNodeReq,105988
FindNodeRsp,65272
FindNodeReq,109895
FindNodeRsp,60393
FindNodeReq,64050
FindNodeRsp,56666
FindNodeRsp,48541
FindNodeReq,97903
FindNodeRsp,69791
FindNodeReq,166972
FindNodeRsp,66504
FindNodeRsp,69480
FindNodeReq,93444
FindNodeRsp,63068
FindNodeRsp,65653
FindNodeReq,92864
FindNodeRsp,90870
FindNodeReq,96430
FindNodeRsp,90318
FindNodeReq,89147
FindNodeReq,91311
FindNodeRsp,59622
FindNodeRsp,74710
FindNodeReq,103343
FindNodeRsp,56536
FindNodeReq,63258
FindNodeReq,66584
FindNodeRsp,73307
FindNodeReq,55754
FindNodeRsp,68318
FindNodeReq,86692
FindNodeReq,84258
FindNodeRsp,56395
FindNodeRsp,67036
PNDiscReq,70321
FindNodeRsp,65993
FindNodeRsp,73057
FindNodeRsp,40736
FindNodeReq,71604
FindNodeRsp,75351
FindNodeReq,67356
FindNodeRsp,65673
FindNodeRsp,49272
FindNodeRsp,67937
FindNodeRsp,50945
FindNodeRsp,54431
FindNodeReq,67236
FindNodeRsp,71884
FindNodeRsp,69049
FindNodeReq,150041
FindNodeRsp,70101
FindNodeReq,86541
FindNodeReq,83827
FindNodeReq,129262
FindNodeRsp,57288
FindNodeRsp,83687
FindNodeReq,106168
FindNodeRsp,37861
FindNodeReq,158777
FindNodeRsp,65422
PNHello,100518
PNDiscRsp,36819
FindNodeRsp,74840
PathSetupReq,33002
FindNodeRsp,73497
PathSetupReq,53009
PathSetupReq,53540
FindNodeRsp,57718
FindNodeReq,59711
FindNodeReq,106679
FindNodeReq,77294
FindNodeRsp,56296
FindNodeReq,107922
FindNodeReq,85590
FindNodeRsp,77595
FindNodeReq,136936
PathSetupReq,33342
PathSetupReq,40476
FindNodeRsp,65483
PathSetupReq,35136
FindNodeReq,107842
PathSetupReq,48470
FindNodeRsp,57157
PathSetupReq,45085
PathSetupReq,35366
FindNodeRsp,40305
FindNodeReq,83246
FindNodeRsp,63189
FindNodeRsp,60723
FindNodeRsp,69601
FindNodeRsp,43742
FindNodeRsp,57627
FindNodeReq,45545
FindNodeRsp,63980
FindNodeReq,106159
FindNodeRsp,59642
FindNodeReq,108353
FindNodeReq,135273
FindNodeReq,78977
FindNodeRsp,94717
FindNodeRsp,72786
FindNodeRsp,59642
FindNodeRsp,62016
FindNodeRsp,70131
FindNodeReq,88836
FindNodeRsp,42459
FindNodeReq,81111
FindNodeRsp,73878
FindNodeRsp,59832
FindNodeReq,137347
FindNodeRsp,50886
FindNodeReq,80310
FindNodeReq,94046
FindNodeReq,87384
FindNodeRsp,52077
FindNodeRsp,64871
FindNodeRsp,73537
FindNodeReq,87644
FindNodeRsp,57959
FindNodeReq,87473
FindNodeRsp,61215
FindNodeRsp,63338
FindNodeRsp,72656
FindNodeRsp,68197
FindNodeRsp,58069
FindNodeReq,107932
FindNodeReq,87063
FindNodeRsp,67887
FindNodeReq,153497
FindNodeReq,151964
FindNodeRsp,60213
FindNodeRsp,67586
FindNodeRsp,68208
FindNodeRsp,58189
FindNodeRsp,61214
FindNodeRsp,90810
FindNodeRsp,87223
FindNodeReq,94837
FindNodeRsp,56546
FindNodeReq,57497
FindNodeReq,108133
FindNodeRsp,86331
FindNodeReq,73878
FindNodeRsp,46137
FindNodeRsp,56696
FindNodeRsp,64270
FindNodeReq,118381
FindNodeRsp,69490
FindNodeRsp,67126
FindNodeReq,96070
FindNodeRsp,44523
FindNodeReq,73538
FindNodeRsp,58118
FindNodeRsp,59942
FindNodeRsp,58059
FindNodeReq,91671
FindNodeRsp,60283
PathSetupReq,76883
FindNodeReq,92183
FindNodeReq,64701
PathSetupReq,40576
FindNodeRsp,59701
FindNodeRsp,64140
FindNodeRsp,64851
PathSetupReq,42569
PathSetupReq,32511
FindNodeRsp,64039
PathSetupReq,141154
FindNodeReq,187160
PathSetupReq,35527
PathSetupReq,37220
PathSetupReq,40996
FindNodeRsp,66996
FindNodeRsp,68919
FindNodeReq,103724
FindNodeRsp,68608
FindNodeReq,85690
FindNodeReq,91481
PNDiscReq,74520
FindNodeReq,113743
FindNodeReq,102251
FindNodeRsp,56516
FindNodeRsp,60493
FindNodeRsp,62957
FindNodeRsp,74459
FindNodeReq,118762
FindNodeRsp,72997
FindNodeRsp,66835
FindNodeReq,82043
FindNodeRsp,58619
FindNodeReq,105327
FindNodeReq,102532
FindNodeRsp,74369
FindNodeRsp,60904
FindNodeReq,98284
FindNodeReq,100187
FindNodeReq,89608
FindNodeRsp,64510
FindNodeReq,119814
FindNodeReq,89627
FindNodeRsp,86572
FindNodeReq,118281
FindNodeRsp,96872
FindNodeReq,280635
FindNodeReq,140833
FindNodeRsp,47018
FindNodeRsp,63078
FindNodeRsp,42800
FindNodeReq,145832
FindNodeReq,66604
PNHello,56185
PNDiscRsp,37410
FindNodeRsp,47338
FindNodeReq,45234
FindNodeRsp,74009
FindNodeReq,104806
FindNodeRsp,41428
FindNodeReq,83095
FindNodeRsp,47729
FindNodeRsp,62406
FindNodeRsp,55854
FindNodeReq,123161
FindNodeRsp,72074
FindNodeRsp,61635
FindNodeRsp,90278
FindNodeRsp,58920
FindNodeRsp,105707
FindNodeReq,155321
FindNodeReq,108603
FindNodeReq,67667
FindNodeRsp,74580
FindNodeRsp,74369
FindNodeRsp,65212
FindNodeReq,103123
FindNodeRsp,63769
FindNodeRsp,61115
FindNodeRsp,75111
FindNodeRsp,67336
FindNodeReq,138288
FindNodeRsp,78196
FindNodeReq,126046
FindNodeReq,76974
FindNodeReq,126346
FindNodeRsp,63670
FindNodeRsp,65172
FindNodeReq,108923
FindNodeReq,97362
FindNodeRsp,66173
FindNodeRsp,62948
FindNodeRsp,64119
FindNodeReq,66384
FindNodeRsp,64350
FindNodeRsp,70612
PathSetupReq,51967
FindNodeRsp,52317
PathSetupReq,50865
FindNodeRsp,40826
FindNodeRsp,73978
FindNodeReq,65302
FindNodeRsp,72405
PathSetupReq,39764
PathSetupReq,36318
FindNodeRsp,64211
PathSetupReq,178123
FindNodeReq,101851
PathSetupReq,32410
PathSetupReq,39013
PathSetupReq,37110
FindNodeRsp,35617
FindNodeRsp,64300
FindNodeReq,96611
FindNodeRsp,71764
FindNodeReq,137577
FindNodeRsp,70993
FindNodeReq,91762
FindNodeReq,84768
FindNodeRsp,66344
FindNodeRsp,57637
FindNodeRsp,74089
FindNodeReq,95860
FindNodeRsp,88085
FindNodeRsp,94276
FindNodeReq,81462
FindNodeRsp,69020
FindNodeReq,78637
FindNodeReq,107050
FindNodeRsp,63269
FindNodeRsp,64060
FindNodeRsp,72876
FindNodeRsp,67717
FindNodeReq,76292
FindNodeRsp,64451
FindNodeReq,108042
FindNodeRsp,82504
FindNodeReq,133159
FindNodeReq,133339
FindNodeReq,78246
FindNodeRsp,79970
FindNodeRsp,90539
FindNodeRsp,80721
FindNodeRsp,72115
FindNodeRsp,63188
FindNodeRsp,66905
FindNodeRsp,71274
FindNodeReq,108022
FindNodeRsp,84668
FindNodeReq,81342
FindNodeRsp,63649
FindNodeReq,128600
FindNodeRsp,69229
FindNodeReq,70802
FindNodeReq,73387
UpdateRouteReq,58600
UpdateRouteReq,25247
UpdateRouteReq,26740
UpdateRouteReq,18124
FindNodeRsp,71544
UpdateRouteReq,34584
FindNodeReq,53670
FindNodeReq,161502
FindNodeRsp,64451
FindNodeReq,90079
FindNodeRsp,35787
FindNodeReq,83406
UpdateRouteReq,60844
UpdateRouteReq,48321
UpdateRouteReq,50815
UpdateRouteReq,22111
UpdateRouteReq,40556
UpdateRouteReq,24125
UpdateRouteReq,21480
UpdateRouteReq,21050
FindNodeReq,52178
UpdateRouteReq,31238
UpdateRouteReq,31890
UpdateRouteReq,56115
UpdateRouteReq,37590
UpdateRouteReq,23404
UpdateRouteReq,23123
UpdateRouteReq,15920
UpdateRouteReq,20399
UpdateRouteReq,22993
UpdateRouteReq,47779
UpdateRouteReq,101410
FindNodeRsp,76223
UpdateRouteReq,111810
UpdateRouteReq,58659
FindNodeReq,171221
FindNodeRsp,75531
FindNodeReq,87203
FindNodeReq,63539
UpdateRouteReq,58279
PNDiscReq,77996
UpdateRouteReq,58910
UpdateRouteReq,27291
UpdateRouteReq,35747
UpdateRouteReq,55144
UpdateRouteReq,1001683
UpdateRouteReq,930810
UpdateRouteReq,601475
Error,449461
UpdateRouteReq,625619
UpdateRouteReq,696743
UpdateRouteReq,806388
Error,720848
UpdateRouteReq,751325
UpdateRouteReq,865959
UpdateRouteReq,860138
UpdateRouteReq,860179
UpdateRouteReq,967980
UpdateRouteReq,462415
UpdateRouteReq,228848
UpdateRouteReq,36368
