PNDiscReq,148641
QueryRouteReq,178498
QueryRouteRsp,69738
UpdateRouteReq,104267
UpdateRouteReq,73577
QueryRouteReq,120197
PNHello,193345
PNDiscRsp,75958
QueryRouteRsp,94509
UpdateRouteReq,71524
UpdateRouteReq,67758
PathSetupReq,48971
QueryRouteReq,101112
UpdateRouteReq,67752
QueryRouteRsp,107433
UpdateRouteReq,83810
UpdateRouteReq,48682
UpdateRouteReq,42345
QueryRouteReq,45926
QueryRouteRsp,81976
PathSetupReq,24231
FindNodeRsp,132593
PathSetupReq,65979
FindNodeReq,232504
PNDiscReq,176248
FindNodeRsp,125021
FindNodeReq,160675
PNHello,126517
PNDiscRsp,139392
FindNodeReq,170912
FindNodeRsp,127695
FindNodeReq,160804
FindNodeReq,171283
FindNodeReq,191684
FindNodeRsp,118074
FindNodeReq,168748
PNDiscReq,132849
PNHello,207118
PNDiscRsp,64591
FindNodeRsp,146398
FindNodeRsp,128341
FindNodeReq,213149
FindNodeReq,160473
FindNodeReq,176832
FindNodeRsp,160515
FindNodeReq,130331
FindNodeReq,175052
FindNodeRsp,120445
PNHello,123576
PNDiscRsp,68623
FindNodeRsp,114447
FindNodeReq,106269
PNDiscReq,124994
FindNodeRsp,138650
FindNodeReq,191740
FindNodeRsp,133068
FindNodeReq,165562
FindNodeReq,192806
FindNodeReq,247041
FindNodeRsp,145477
FindNodeReq,161440
FindNodeRsp,138822
FindNodeReq,178952
FindNodeReq,224915
FindNodeRsp,138593
FindNodeRsp,125983
FindNodeReq,171058
FindNodeRsp,140245
FindNodeRsp,131537
FindNodeReq,195042
FindNodeRsp,134348
FindNodeReq,179531
FindNodeReq,173716
PNHello,126101
PNDiscRsp,67552
FindNodeRsp,129281
FindNodeReq,164149
FindNodeReq,164826
FindNodeRsp,164084
FindNodeReq,113328
PNDiscReq,121014
FindNodeRsp,121222
FindNodeRsp,130970
FindNodeReq,170124
FindNodeReq,169884
FindNodeRsp,108505
FindNodeReq,169386
FindNodeRsp,172573
FindNodeReq,175850
FindNodeReq,151961
FindNodeRsp,121401
FindNodeReq,165087
FindNodeReq,190509
FindNodeRsp,148817
FindNodeRsp,120437
FindNodeReq,172197
FindNodeReq,179711
FindNodeRsp,152101
FindNodeReq,127014
FindNodeReq,167863
FindNodeReq,129145
FindNodeRsp,131097
FindNodeRsp,130169
FindNodeRsp,128085
FindNodeRsp,132029
FindNodeRsp,123582
FindNodeReq,177481
FindNodeReq,174551
FindNodeRsp,127190
FindNodeReq,169936
FindNodeReq,178325
FindNodeRsp,111483
FindNodeRsp,136266
FindNodeReq,179904
FindNodeRsp,124522
FindNodeReq,165893
PNHello,123130
PNDiscRsp,75091
FindNodeRsp,108842
FindNodeRsp,109507
FindNodeReq,175505
FindNodeRsp,140992
FindNodeReq,170096
FindNodeRsp,187624
FindNodeReq,191498
FindNodeReq,168684
FindNodeRsp,128722
FindNodeReq,158525
FindNodeReq,163496
FindNodeReq,168688
PNDiscReq,125817
FindNodeRsp,114098
FindNodeReq,168497
FindNodeRsp,111529
FindNodeReq,178273
FindNodeRsp,125129
FindNodeRsp,164657
FindNodeRsp,130986
FindNodeReq,172169
FindNodeRsp,124996
FindNodeReq,147045
FindNodeReq,164217
FindNodeRsp,157644
FindNodeReq,174196
FindNodeRsp,106353
FindNodeReq,177781
PathSetupReq,65369
FindNodeReq,176254
FindNodeRsp,167369
FindNodeReq,168126
PathSetupReq,105390
PathSetupReq,98720
FindNodeRsp,168971
FindNodeReq,171983
PathSetupReq,67614
FindNodeRsp,141021
FindNodeRsp,161749
PathSetupReq,120731
PathSetupReq,96163
PathSetupReq,103417
PathSetupReq,130143
PathSetupReq,135441
FindNodeReq,124070
FindNodeReq,231719
FindNodeReq,182160
FindNodeRsp,126119
FindNodeReq,175614
FindNodeReq,197986
FindNodeRsp,195622
FindNodeRsp,181407
FindNodeReq,175402
FindNodeRsp,217476
FindNodeReq,171045
FindNodeRsp,122712
FindNodeReq,161160
FindNodeReq,165801
FindNodeReq,172642
FindNodeRsp,158970
FindNodeReq,167628
FindNodeRsp,113396
FindNodeReq,173664
FindNodeRsp,135211
FindNodeReq,166978
FindNodeRsp,161948
FindNodeReq,152735
FindNodeReq,178253
FindNodeReq,175411
FindNodeRsp,131481
FindNodeReq,166707
FindNodeReq,162557
FindNodeReq,172876
FindNodeRsp,208047
FindNodeReq,121269
FindNodeRsp,136146
FindNodeReq,168646
FindNodeRsp,142577
FindNodeReq,176881
FindNodeRsp,121877
FindNodeReq,125341
FindNodeReq,200996
FindNodeRsp,132003
FindNodeReq,172208
FindNodeReq,177931
FindNodeRsp,111252
FindNodeReq,163802
FindNodeReq,170316
FindNodeRsp,136507
FindNodeReq,122475
FindNodeReq,168668
FindNodeRsp,129198
FindNodeRsp,112002
FindNodeReq,175894
FindNodeReq,201502
FindNodeRsp,113553
FindNodeReq,162889
FindNodeReq,168392
FindNodeReq,172109
FindNodeRsp,140761
FindNodeReq,181941
FindNodeRsp,143719
PNHello,125872
PNDiscRsp,67226
FindNodeRsp,127245
FindNodeReq,170020
FindNodeReq,171672
FindNodeRsp,135297
FindNodeReq,174475
FindNodeRsp,125437
FindNodeRsp,138465
FindNodeRsp,133374
FindNodeReq,194218
FindNodeReq,173067
FindNodeRsp,154178
FindNodeReq,169109
FindNodeRsp,153800
FindNodeReq,128698
FindNodeReq,178941
FindNodeRsp,146266
FindNodeReq,142617
FindNodeReq,175504
FindNodeReq,171021
FindNodeReq,172440
FindNodeReq,174696
FindNodeReq,179740
FindNodeRsp,131447
PNDiscReq,132129
FindNodeRsp,135085
FindNodeReq,160808
FindNodeReq,151112
FindNodeRsp,153819
FindNodeReq,163757
FindNodeReq,170814
FindNodeReq,134651
FindNodeRsp,117959
FindNodeReq,120262
FindNodeRsp,162461
FindNodeReq,171705
FindNodeRsp,130527
FindNodeRsp,117632
FindNodeReq,172577
FindNodeRsp,140577
FindNodeRsp,131499
FindNodeReq,175429
FindNodeRsp,154611
FindNodeReq,128093
FindNodeReq,212188
FindNodeReq,172364
FindNodeReq,129733
FindNodeRsp,154197
FindNodeReq,179366
FindNodeReq,174753
FindNodeRsp,122730
FindNodeReq,163153
FindNodeReq,168436
FindNodeRsp,150472
FindNodeReq,167313
FindNodeRsp,160528
FindNodeReq,161274
FindNodeRsp,106658
FindNodeReq,162126
FindNodeReq,177416
FindNodeRsp,129792
FindNodeRsp,130436
FindNodeReq,176215
FindNodeRsp,131473
FindNodeReq,132458
FindNodeRsp,136339
FindNodeReq,117338
FindNodeRsp,108658
FindNodeReq,173288
PathSetupReq,65215
FindNodeRsp,169313
PathSetupReq,79019
PathSetupReq,97562
FindNodeRsp,144395
FindNodeReq,208031
FindNodeReq,174888
PathSetupReq,64535
FindNodeRsp,141961
PathSetupReq,49641
PathSetupReq,76613
PathSetupReq,38167
FindNodeRsp,107061
PathSetupReq,96398
PathSetupReq,66635
FindNodeReq,170256
FindNodeReq,166332
FindNodeReq,173453
FindNodeRsp,119438
FindNodeRsp,173626
FindNodeReq,125461
FindNodeReq,171908
FindNodeRsp,121195
FindNodeReq,171476
FindNodeRsp,119829
FindNodeRsp,125446
FindNodeReq,296305
FindNodeRsp,111578
FindNodeRsp,191680
FindNodeReq,186007
FindNodeRsp,122950
FindNodeRsp,113181
FindNodeReq,128013
FindNodeReq,170949
FindNodeRsp,137243
FindNodeReq,175319
FindNodeReq,162094
FindNodeRsp,146953
FindNodeReq,211614
FindNodeReq,175035
FindNodeRsp,115141
FindNodeRsp,140201
FindNodeReq,136394
FindNodeReq,158729
FindNodeRsp,133452
FindNodeReq,126994
FindNodeReq,177556
FindNodeRsp,144969
FindNodeReq,161681
FindNodeReq,197758
FindNodeRsp,100464
FindNodeReq,133098
FindNodeRsp,129339
FindNodeReq,174351
FindNodeRsp,132237
FindNodeReq,163917
FindNodeReq,128685
FindNodeRsp,165607
FindNodeReq,124331
FindNodeReq,175304
FindNodeRsp,126550
FindNodeReq,177309
FindNodeRsp,129090
FindNodeReq,201490
FindNodeReq,169417
FindNodeRsp,147690
FindNodeReq,171015
FindNodeRsp,99656
FindNodeReq,145141
FindNodeRsp,143528
FindNodeRsp,207096
FindNodeRsp,150461
FindNodeRsp,154817
FindNodeReq,159440
FindNodeReq,175736
FindNodeRsp,121164
FindNodeReq,124377
FindNodeReq,131566
FindNodeRsp,103419
FindNodeReq,175328
FindNodeReq,176693
FindNodeRsp,131505
FindNodeReq,178585
FindNodeRsp,110030
FindNodeRsp,162596
FindNodeReq,164837
FindNodeReq,185784
FindNodeReq,172992
FindNodeRsp,163529
FindNodeReq,128355
FindNodeReq,196996
FindNodeReq,166710
FindNodeRsp,162636
FindNodeReq,169124
FindNodeReq,180498
FindNodeRsp,145984
FindNodeReq,174956
FindNodeReq,169426
FindNodeReq,172908
FindNodeRsp,137491
FindNodeRsp,131862
FindNodeReq,160969
FindNodeReq,179553
FindNodeRsp,129996
FindNodeReq,133531
FindNodeRsp,109701
FindNodeRsp,139713
FindNodeReq,170439
FindNodeRsp,149862
FindNodeReq,174635
FindNodeReq,164783
FindNodeReq,215060
FindNodeReq,138270
FindNodeRsp,131641
FindNodeReq,170372
FindNodeRsp,124843
FindNodeRsp,127806
FindNodeReq,120612
FindNodeRsp,184786
FindNodeReq,168993
FindNodeReq,168204
FindNodeRsp,116393
FindNodeReq,181300
FindNodeReq,194572
PNHello,72318
PNDiscRsp,68731
FindNodeRsp,252355
FindNodeRsp,111811
FindNodeReq,178280
FindNodeRsp,189857
FindNodeRsp,150880
PathSetupReq,65280
FindNodeReq,170846
FindNodeRsp,121038
FindNodeReq,161697
PathSetupReq,76996
PathSetupReq,84637
FindNodeRsp,134030
FindNodeReq,175456
FindNodeReq,163933
FindNodeReq,125413
PathSetupReq,66482
FindNodeRsp,140708
PathSetupReq,153049
PathSetupReq,126038
PathSetupReq,102929
PathSetupReq,95694
PathSetupReq,65643
FindNodeReq,172582
FindNodeRsp,129270
FindNodeReq,123795
FindNodeRsp,149037
FindNodeReq,229365
FindNodeRsp,112029
FindNodeReq,166938
FindNodeRsp,131932
FindNodeRsp,135816
FindNodeReq,171904
PNDiscReq,123438
FindNodeRsp,118111
FindNodeRsp,107558
FindNodeReq,216487
FindNodeReq,171317
FindNodeRsp,132759
FindNodeRsp,123994
FindNodeReq,163431
FindNodeReq,172575
FindNodeReq,177753
FindNodeRsp,141843
FindNodeReq,169782
FindNodeReq,180284
FindNodeRsp,132601
FindNodeRsp,138108
FindNodeRsp,132947
FindNodeReq,203191
FindNodeRsp,134178
FindNodeRsp,130198
FindNodeReq,161191
FindNodeRsp,136097
FindNodeRsp,120070
FindNodeRsp,134442
FindNodeRsp,105812
FindNodeReq,177536
FindNodeReq,179196
FindNodeRsp,107757
FindNodeReq,189836
FindNodeRsp,136449
FindNodeRsp,143717
FindNodeReq,170590
FindNodeReq,190760
FindNodeRsp,131278
FindNodeReq,186552
FindNodeReq,187944
FindNodeRsp,129904
FindNodeReq,159125
FindNodeReq,162541
FindNodeRsp,112758
FindNodeReq,188034
FindNodeReq,175420
FindNodeRsp,110045
FindNodeReq,163777
FindNodeRsp,136181
FindNodeRsp,109776
FindNodeReq,176712
FindNodeRsp,113057
FindNodeReq,176677
FindNodeReq,172265
FindNodeRsp,126977
FindNodeReq,169244
FindNodeReq,172280
FindNodeRsp,110220
FindNodeRsp,145075
FindNodeReq,176592
FindNodeReq,173287
FindNodeReq,169901
FindNodeReq,179362
FindNodeRsp,111223
FindNodeReq,161437
FindNodeReq,195790
FindNodeRsp,107352
FindNodeReq,171400
FindNodeRsp,152917
FindNodeReq,173689
FindNodeReq,173592
FindNodeRsp,120442
FindNodeReq,159011
FindNodeRsp,108528
FindNodeReq,179301
FindNodeRsp,136917
FindNodeRsp,131665
FindNodeRsp,109637
PathSetupReq,66580
FindNodeReq,160336
FindNodeReq,162804
FindNodeReq,170631
PathSetupReq,83014
FindNodeReq,177340
FindNodeRsp,130420
FindNodeRsp,128183
PathSetupReq,118913
PathSetupReq,102041
PathSetupReq,95687
PathSetupReq,64885
FindNodeReq,171825
FindNodeRsp,130075
FindNodeReq,125737
FindNodeReq,177318
FindNodeReq,171600
FindNodeReq,161024
FindNodeRsp,124754
FindNodeReq,179444
FindNodeRsp,134701
FindNodeRsp,118125
FindNodeReq,168923
FindNodeReq,235899
FindNodeRsp,108017
FindNodeReq,185298
FindNodeReq,161549
FindNodeRsp,132194
FindNodeRsp,127261
FindNodeRsp,125416
FindNodeReq,174560
FindNodeReq,163282
FindNodeRsp,107373
FindNodeReq,176814
FindNodeReq,161740
FindNodeReq,108918
FindNodeRsp,141052
FindNodeReq,177847
FindNodeReq,172810
FindNodeReq,127566
FindNodeRsp,119268
FindNodeReq,180136
FindNodeReq,178038
FindNodeRsp,112953
FindNodeRsp,130029
FindNodeReq,173770
FindNodeReq,179099
FindNodeRsp,125812
PNHello,124453
PNDiscRsp,67775
FindNodeReq,170908
FindNodeRsp,119643
FindNodeRsp,118277
FindNodeReq,173252
FindNodeRsp,133637
FindNodeRsp,132100
FindNodeReq,177204
FindNodeRsp,107676
FindNodeReq,172260
FindNodeRsp,151361
FindNodeReq,179853
FindNodeReq,169640
FindNodeRsp,120153
FindNodeReq,177743
FindNodeRsp,113110
FindNodeRsp,112508
FindNodeReq,203656
FindNodeReq,177760
FindNodeRsp,113518
PNDiscReq,122730
FindNodeRsp,112223
FindNodeReq,175427
FindNodeRsp,137019
FindNodeReq,178917
FindNodeReq,157797
FindNodeReq,99892
FindNodeReq,114130
FindNodeRsp,139042
FindNodeReq,171872
FindNodeReq,175643
FindNodeReq,179104
FindNodeRsp,139297
FindNodeReq,222695
FindNodeRsp,121929
FindNodeReq,230736
FindNodeRsp,110125
FindNodeReq,169433
FindNodeReq,139719
FindNodeReq,100738
FindNodeRsp,108513
FindNodeRsp,135489
FindNodeReq,169724
FindNodeReq,191473
FindNodeRsp,110732
FindNodeReq,166661
FindNodeReq,177530
FindNodeRsp,135101
FindNodeReq,98254
PathSetupReq,65726
FindNodeRsp,132963
FindNodeReq,174852
FindNodeRsp,107501
FindNodeReq,169091
PathSetupReq,83235
FindNodeReq,179784
FindNodeRsp,136600
PathSetupReq,119522
PathSetupReq,103547
PathSetupReq,81094
PathSetupReq,39186
FindNodeReq,194444
FindNodeRsp,132507
FindNodeReq,177700
FindNodeReq,199803
FindNodeReq,172698
FindNodeReq,178093
FindNodeReq,167766
FindNodeRsp,132421
FindNodeReq,177069
FindNodeReq,176784
FindNodeRsp,136744
FindNodeRsp,111798
FindNodeRsp,131085
FindNodeReq,167066
FindNodeRsp,110706
FindNodeReq,154153
FindNodeReq,108438
FindNodeReq,94538
FindNodeRsp,141058
FindNodeReq,168753
FindNodeReq,100609
FindNodeRsp,133038
FindNodeReq,168905
FindNodeReq,168696
FindNodeRsp,130910
FindNodeRsp,135517
FindNodeReq,99682
FindNodeRsp,127616
FindNodeReq,176163
FindNodeReq,166004
FindNodeRsp,105248
FindNodeReq,171849
FindNodeReq,164180
FindNodeRsp,134512
FindNodeReq,164833
FindNodeRsp,123354
FindNodeReq,256618
FindNodeReq,97488
FindNodeRsp,125577
FindNodeRsp,106622
FindNodeRsp,134838
FindNodeReq,165909
FindNodeRsp,142251
FindNodeReq,192300
FindNodeRsp,132988
FindNodeReq,165577
FindNodeRsp,101354
FindNodeRsp,138213
FindNodeReq,193414
UpdateRouteReq,213225
UpdateRouteReq,362429
UpdateRouteReq,504437
UpdateRouteReq,332709
UpdateRouteReq,474851
UpdateRouteReq,588153
FindNodeReq,139190
FindNodeRsp,84895
FindNodeReq,160877
FindNodeReq,164384
FindNodeRsp,78734
FindNodeRsp,115640
FindNodeReq,155273
FindNodeReq,155149
FindNodeRsp,83270
Error,111021
Error,118038
Error,101209
Error,45635
FindNodeReq,157624
FindNodeReq,214487
UpdateRouteReq,107494
UpdateRouteReq,139585
FindNodeReq,243634
UpdateRouteReq,52135
PathTeardownReq,40126
FindNodeRsp,101464
QueryRouteReq,145613
UpdateRouteReq,139401
UpdateRouteReq,181104
UpdateRouteReq,52505
PathSetupReq,38009
UpdateRouteReq,178702
Error,172445
UpdateRouteReq,70057
Error,173016
Error,174348
UpdateRouteReq,60745
Error,81891
UpdateRouteReq,67594
Error,213132
UpdateRouteReq,209705
QueryRouteReq,144765
Error,159589
Error,191772
Error,95496
FindNodeRsp,66951
UpdateRouteReq,90501
UpdateRouteReq,86614
FindNodeReq,180940
PathTeardownReq,65861
UpdateRouteReq,70670
UpdateRouteReq,77484
UpdateRouteReq,94026
UpdateRouteReq,83000
FindNodeRsp,118443
UpdateRouteReq,43452
QueryRouteReq,174051
UpdateRouteReq,117638
PathSetupReq,43013
UpdateRouteReq,68771
UpdateRouteReq,59883
UpdateRouteReq,44596
PathSetupReq,42029
UpdateRouteReq,100471
UpdateRouteReq,96207
UpdateRouteReq,54959
UpdateRouteReq,97901
UpdateRouteReq,181582
UpdateRouteReq,138259
UpdateRouteReq,57784
UpdateRouteReq,42190
UpdateRouteReq,42236
UpdateRouteReq,101768
Error,230779
Error,165706
Error,165745
Error,82730
UpdateRouteReq,167131
UpdateRouteReq,122557
FindNodeRsp,112078
FindNodeReq,204262
UpdateRouteReq,104787
UpdateRouteReq,163137
UpdateRouteReq,43972
UpdateRouteReq,44262
UpdateRouteReq,42359
FindNodeReq,161197
FindNodeReq,164137
FindNodeRsp,95332
FindNodeRsp,75275
FindNodeReq,156357
FindNodeReq,158210
FindNodeReq,164164
FindNodeReq,165999
FindNodeRsp,113030
FindNodeReq,162100
FindNodeRsp,76731
FindNodeReq,161273
FindNodeReq,251803
UpdateRouteReq,134976
UpdateRouteReq,71371
PathTeardownReq,40104
Error,106633
UpdateRouteReq,223684
UpdateRouteReq,168757
UpdateRouteReq,89858
UpdateRouteReq,96851
Error,141399
UpdateRouteReq,81504
UpdateRouteReq,86354
UpdateRouteReq,46479
Error,182912
Error,258823
FindNodeReq,84322
PathSetupReq,47463
UpdateRouteReq,54262
UpdateRouteReq,47859
Error,90756
FindNodeReq,75851
Error,126895
FindNodeReq,183786
Error,104305
FindNodeReq,186749
Error,97943
UpdateRouteReq,50511
UpdateRouteReq,88698
UpdateRouteReq,87419
Error,136803
FindNodeReq,142617
UpdateRouteReq,54434
Error,104744
UpdateRouteReq,77927
FindNodeReq,83280
PathTeardownReq,38979
UpdateRouteReq,96750
UpdateRouteReq,93893
Error,89026
UpdateRouteReq,72831
PathTeardownReq,43312
FindNodeReq,152968
PathSetupReq,79978
PathTeardownReq,73734
UpdateRouteReq,56488
PathSetupReq,83302
FindNodeReq,176684
UpdateRouteReq,54869
UpdateRouteReq,46679
UpdateRouteReq,154948
UpdateRouteReq,101098
UpdateRouteReq,95299
FindNodeReq,84160
PathTeardownReq,65219
UpdateRouteReq,72878
UpdateRouteReq,76299
PathSetupReq,82697
FindNodeReq,157214
FindNodeReq,85418
UpdateRouteReq,58327
UpdateRouteReq,41883
UpdateRouteReq,93384
PathSetupReq,85932
FindNodeReq,168481
UpdateRouteReq,70258
UpdateRouteReq,46012
PathTeardownReq,35807
FindNodeReq,167481
PathTeardownReq,165732
UpdateRouteReq,106879
FindNodeReq,107239
FindNodeReq,113947
PathSetupReq,39112
UpdateRouteReq,52212
FindNodeReq,244451
FindNodeReq,145265
PathTeardownReq,83797
FindNodeReq,74227
FindNodeReq,82293
UpdateRouteReq,51303
FindNodeReq,142354
FindNodeReq,160488
FindNodeReq,108646
FindNodeReq,142655
FindNodeReq,86771
FindNodeReq,75493
UpdateRouteReq,56577
PathSetupReq,278740
UpdateRouteReq,308094
FindNodeReq,155721
PathTeardownReq,41867
PathSetupReq,41791
UpdateRouteReq,52706
PathTeardownReq,42025
FindNodeReq,110646
FindNodeRsp,199111
UpdateRouteReq,54428
PathSetupReq,62866
PathTeardownReq,38147
FindNodeRsp,342419
UpdateRouteReq,385908
Error,73348
FindNodeRsp,79122
Error,112069
Error,84634
Error,82270
Error,48239
FindNodeReq,163284
UpdateRouteReq,117507
FindNodeRsp,76839
FindNodeReq,157755
FindNodeRsp,76873
PathSetupReq,130737
FindNodeReq,155649
FindNodeRsp,75347
FindNodeReq,154949
FindNodeRsp,75214
PNDiscReq,159605
FindNodeReq,156140
FindNodeReq,156295
FindNodeReq,156685
FindNodeRsp,81038
FindNodeReq,155441
FindNodeReq,154753
FindNodeRsp,79460
FindNodeRsp,78411
FindNodeRsp,78899
FindNodeRsp,79763
FindNodeRsp,78102
FindNodeRsp,78507
FindNodeRsp,78553
FindNodeReq,157096
FindNodeRsp,79715
FindNodeRsp,80047
FindNodeRsp,78880
FindNodeRsp,81662
FindNodeReq,156789
PathSetupReq,128169
FindNodeRsp,79618
FindNodeReq,158980
FindNodeReq,154932
FindNodeRsp,79929
FindNodeReq,156160
FindNodeRsp,78895
FindNodeRsp,80470
FindNodeRsp,77978
FindNodeRsp,81914
FindNodeReq,158337
FindNodeRsp,78398
FindNodeRsp,80344
FindNodeReq,155403
PNDiscReq,115822
FindNodeRsp,79560
FindNodeReq,153385
FindNodeRsp,75791
FindNodeReq,157145
FindNodeRsp,76366
FindNodeReq,180229
FindNodeReq,153721
FindNodeRsp,74520
FindNodeRsp,74862
PathSetupReq,129941
FindNodeRsp,70998
FindNodeReq,154225
FindNodeReq,154033
FindNodeRsp,70877
FindNodeReq,154238
FindNodeRsp,71558
FindNodeReq,154025
FindNodeRsp,70980
FindNodeRsp,74160
FindNodeRsp,72062
FindNodeReq,143897
FindNodeRsp,71946
UpdateRouteReq,85104
FindNodeRsp,51412
UpdateRouteReq,40963
FindNodeReq,139597
FindNodeRsp,51433
FindNodeReq,140320
FindNodeRsp,52035
FindNodeReq,140741
FindNodeRsp,56165
FindNodeRsp,51555
FindNodeReq,139861
FindNodeReq,140251
FindNodeRsp,50878
FindNodeReq,140059
Error,104622
Error,44427
UpdateRouteReq,54887
UpdateRouteReq,37375
FindNodeRsp,56971
UpdateRouteReq,46737
FindNodeReq,140298
FindNodeRsp,51791
FindNodeReq,140359
FindNodeRsp,50589
FindNodeReq,139045
UpdateRouteReq,57203
UpdateRouteReq,42957
FindNodeRsp,57467
UpdateRouteReq,46931
FindNodeReq,139992
FindNodeRsp,52509
FindNodeReq,139248
UpdateRouteReq,77727
UpdateRouteReq,63022
FindNodeRsp,56892
UpdateRouteReq,47166
FindNodeReq,141833
FindNodeRsp,75766
FindNodeReq,141803
Error,102597
Error,79630
Error,41932
FindNodeRsp,50615
FindNodeReq,138897
UpdateRouteReq,62946
UpdateRouteReq,104442
Error,109505
UpdateRouteReq,67123
Error,118657
Error,74636
FindNodeRsp,51123
FindNodeReq,139426
Error,157642
Error,113062
Error,41252
FindNodeRsp,50115
FindNodeReq,138829
Error,103902
Error,78580
Error,40877
FindNodeRsp,54155
FindNodeRsp,49692
FindNodeReq,136649
FindNodeReq,138459
FindNodeRsp,49596
FindNodeReq,136686
FindNodeRsp,48813
FindNodeReq,137057
FindNodeRsp,49431
FindNodeReq,136719
FindNodeRsp,49135
FindNodeReq,137169
FindNodeRsp,49893
FindNodeReq,136257
FindNodeRsp,50117
FindNodeReq,136966
FindNodeRsp,52451
FindNodeReq,125463
FindNodeRsp,49119
FindNodeReq,136259
FindNodeRsp,48976
FindNodeReq,136813
FindNodeRsp,49579
FindNodeReq,135833
FindNodeRsp,49287
FindNodeReq,137766
PathSetupReq,49999
FindNodeRsp,48906
FindNodeReq,166541
FindNodeRsp,55541
FindNodeRsp,49755
FindNodeReq,136535
FindNodeReq,138962
FindNodeRsp,43781
FindNodeReq,128435
FindNodeRsp,26498
FindNodeReq,135548
FindNodeRsp,54624
FindNodeReq,147145
FindNodeRsp,49895
FindNodeReq,139781
PNDiscReq,109489
FindNodeRsp,51347
FindNodeReq,139047
FindNodeRsp,50791
FindNodeReq,140272
QueryRouteReq,177936
UpdateRouteReq,173688
QueryRouteRsp,95226
QueryRouteRsp,98682
QueryRouteReq,100211
UpdateRouteReq,71014
PathSetupReq,39378
UpdateRouteReq,50661
FindNodeReq,161177
FindNodeRsp,93350
FindNodeReq,154701
FindNodeRsp,99100
FindNodeReq,159764
FindNodeRsp,99650
FindNodeRsp,95503
FindNodeReq,195276
FindNodeReq,160666
FindNodeRsp,101685
FindNodeRsp,104554
FindNodeRsp,96153
FindNodeReq,153092
FindNodeRsp,98229
FindNodeRsp,104330
FindNodeRsp,98738
FindNodeReq,154082
FindNodeReq,158861
FindNodeRsp,104277
FindNodeReq,152064
FindNodeRsp,99086
FindNodeReq,160133
FindNodeRsp,101154
FindNodeReq,153886
FindNodeReq,155259
FindNodeRsp,88774
FindNodeRsp,88146
FindNodeReq,153309
FindNodeRsp,89767
FindNodeRsp,89338
FindNodeReq,157014
FindNodeRsp,101838
FindNodeRsp,101456
FindNodeReq,153369
FindNodeRsp,98238
FindNodeReq,162666
FindNodeRsp,100943
FindNodeRsp,99585
FindNodeReq,184104
FindNodeRsp,99507
UpdateRouteReq,76930
UpdateRouteReq,49003
PathTeardownReq,39955
FindNodeRsp,88164
UpdateRouteReq,75396
UpdateRouteReq,52690
UpdateRouteReq,47137
PathSetupReq,35990
FindNodeRsp,101114
FindNodeReq,161388
FindNodeRsp,98734
FindNodeReq,155277
FindNodeRsp,96370
FindNodeReq,157645
FindNodeRsp,91809
UpdateRouteReq,77170
UpdateRouteReq,52713
PathTeardownReq,69194
FindNodeReq,159778
FindNodeRsp,99622
FindNodeReq,157469
FindNodeRsp,86794
UpdateRouteReq,70559
PathSetupReq,39343
FindNodeReq,157182
FindNodeReq,154798
FindNodeRsp,100647
FindNodeReq,152285
UpdateRouteReq,78762
UpdateRouteReq,53319
PathTeardownReq,70234
FindNodeRsp,75753
UpdateRouteReq,74702
PathSetupReq,72835
FindNodeReq,173850
UpdateRouteReq,78170
UpdateRouteReq,54219
UpdateRouteReq,51565
FindNodeRsp,98343
FindNodeReq,155390
FindNodeRsp,89138
FindNodeReq,152053
UpdateRouteReq,75631
UpdateRouteReq,52875
PathTeardownReq,70042
FindNodeReq,159441
FindNodeReq,156054
FindNodeRsp,84890
UpdateRouteReq,79879
UpdateRouteReq,54746
PathSetupReq,68623
UpdateRouteReq,53867
FindNodeRsp,101516
FindNodeReq,179273
FindNodeReq,198668
FindNodeRsp,100543
UpdateRouteReq,91631
UpdateRouteReq,57168
PathTeardownReq,71749
FindNodeRsp,106173
FindNodeReq,156864
UpdateRouteReq,70308
PathSetupReq,40777
UpdateRouteReq,49597
FindNodeRsp,88165
UpdateRouteReq,77950
UpdateRouteReq,54259
PathTeardownReq,95565
FindNodeRsp,87295
UpdateRouteReq,76334
UpdateRouteReq,51383
UpdateRouteReq,44866
PathSetupReq,36423
FindNodeReq,160597
FindNodeRsp,96450
FindNodeReq,183116
FindNodeRsp,88162
FindNodeReq,158317
FindNodeRsp,99217
FindNodeRsp,87107
PathSetupReq,60240
FindNodeRsp,87816
PathSetupReq,61788
PathSetupReq,55339
FindNodeReq,169117
FindNodeRsp,122130
FindNodeRsp,95018
FindNodeReq,170645
FindNodeRsp,96167
FindNodeReq,161741
FindNodeRsp,97394
FindNodeReq,150912
FindNodeReq,169144
FindNodeRsp,101014
FindNodeReq,160917
PathSetupReq,59567
FindNodeReq,161917
FindNodeRsp,78725
FindNodeRsp,101992
FindNodeReq,162140
FindNodeRsp,97087
FindNodeReq,158581
FindNodeReq,158437
FindNodeRsp,86755
FindNodeRsp,103306
FindNodeReq,162436
FindNodeReq,159364
FindNodeRsp,98386
FindNodeRsp,90205
FindNodeReq,160549
FindNodeRsp,100687
FindNodeReq,162020
FindNodeReq,162722
FindNodeRsp,97418
FindNodeReq,161612
FindNodeRsp,98114
FindNodeRsp,98333
FindNodeReq,152116
FindNodeRsp,132771
FindNodeReq,152489
FindNodeRsp,96343
FindNodeRsp,99768
FindNodeReq,152712
FindNodeRsp,100842
FindNodeReq,154963
FindNodeReq,159809
FindNodeRsp,105728
FindNodeRsp,85475
FindNodeReq,152473
FindNodeRsp,88762
FindNodeReq,156152
FindNodeRsp,89631
FindNodeReq,156233
FindNodeRsp,100779
FindNodeReq,156081
FindNodeReq,156675
FindNodeRsp,87490
FindNodeReq,159717
FindNodeRsp,96718
FindNodeReq,157135
FindNodeRsp,85818
FindNodeReq,150717
FindNodeRsp,94728
FindNodeRsp,96744
FindNodeReq,155363
FindNodeRsp,99516
FindNodeReq,162491
UpdateRouteReq,55087
UpdateRouteReq,41985
FindNodeReq,158596
UpdateRouteReq,48894
FindNodeReq,97782
FindNodeRsp,96958
FindNodeReq,196268
FindNodeRsp,87046
FindNodeReq,152305
FindNodeReq,153653
FindNodeReq,154789
FindNodeRsp,86975
PNDiscReq,163384
FindNodeReq,152073
UpdateRouteReq,53489
UpdateRouteReq,42709
UpdateRouteReq,68778
FindNodeRsp,73022
FindNodeReq,159653
FindNodeRsp,97419
UpdateRouteReq,53066
UpdateRouteReq,41479
FindNodeReq,156384
UpdateRouteReq,57099
FindNodeRsp,98254
FindNodeReq,152229
FindNodeRsp,96831
FindNodeReq,157949
FindNodeRsp,78373
UpdateRouteReq,55607
UpdateRouteReq,42779
FindNodeReq,162325
UpdateRouteReq,55186
FindNodeReq,144141
FindNodeReq,88594
FindNodeReq,77809
FindNodeReq,63104
FindNodeReq,73566
UpdateRouteReq,42534
FindNodeReq,157418
UpdateRouteReq,49111
FindNodeRsp,99058
FindNodeReq,152508
FindNodeReq,162792
FindNodeReq,152682
FindNodeRsp,95858
FindNodeRsp,94992
UpdateRouteReq,54129
UpdateRouteReq,41490
UpdateRouteReq,67536
FindNodeRsp,97786
FindNodeRsp,87959
FindNodeReq,150584
FindNodeReq,161345
FindNodeRsp,82249
FindNodeReq,151969
FindNodeRsp,77953
FindNodeRsp,117142
FindNodeReq,206741
FindNodeRsp,86113
FindNodeRsp,99848
FindNodeReq,151397
FindNodeReq,153478
FindNodeReq,89586
FindNodeRsp,94725
FindNodeReq,160259
FindNodeRsp,103159
FindNodeRsp,89565
FindNodeReq,158291
FindNodeRsp,97203
PathSetupReq,60940
FindNodeReq,156110
FindNodeRsp,87497
FindNodeReq,151273
PathSetupReq,59937
PathSetupReq,78837
FindNodeReq,154557
FindNodeRsp,96243
FindNodeRsp,92562
FindNodeRsp,98385
FindNodeRsp,100974
FindNodeRsp,85407
PathSetupReq,56738
FindNodeReq,160141
FindNodeRsp,88322
FindNodeReq,155325
FindNodeRsp,92131
FindNodeRsp,126749
FindNodeReq,150672
FindNodeReq,152953
FindNodeRsp,84770
FindNodeReq,161828
FindNodeRsp,96115
FindNodeReq,152217
FindNodeRsp,95910
FindNodeRsp,90494
FindNodeReq,151184
FindNodeRsp,96078
FindNodeReq,177512
FindNodeReq,158709
FindNodeRsp,100709
FindNodeRsp,94751
FindNodeRsp,93735
FindNodeReq,154676
FindNodeRsp,98838
FindNodeReq,153108
FindNodeReq,89100
FindNodeRsp,99529
FindNodeReq,150712
FindNodeReq,160561
FindNodeReq,156211
FindNodeRsp,87014
FindNodeReq,152669
FindNodeRsp,99650
FindNodeReq,150981
FindNodeReq,158671
FindNodeRsp,96180
FindNodeRsp,96706
FindNodeRsp,98796
FindNodeReq,152618
FindNodeRsp,96364
FindNodeRsp,97159
FindNodeReq,159493
FindNodeRsp,99106
FindNodeReq,151840
FindNodeRsp,97926
FindNodeReq,157339
FindNodeRsp,88806
FindNodeRsp,93004
FindNodeRsp,102108
FindNodeReq,156532
FindNodeRsp,100496
FindNodeRsp,98570
UpdateRouteReq,77866
UpdateRouteReq,51137
PathTeardownReq,39710
FindNodeReq,155831
FindNodeReq,158621
FindNodeRsp,99681
FindNodeRsp,98783
FindNodeReq,158341
UpdateRouteReq,70986
PathSetupReq,37472
UpdateRouteReq,47459
FindNodeReq,155877
FindNodeRsp,101870
FindNodeReq,158977
FindNodeRsp,86822
FindNodeReq,154218
FindNodeReq,157591
FindNodeRsp,97998
UpdateRouteReq,79505
UpdateRouteReq,55938
PathTeardownReq,68415
FindNodeReq,157766
FindNodeRsp,85070
UpdateRouteReq,73071
PathSetupReq,38569
UpdateRouteReq,46910
UpdateRouteReq,43089
FindNodeReq,153855
FindNodeRsp,97471
FindNodeRsp,84442
UpdateRouteReq,74471
UpdateRouteReq,53050
PathTeardownReq,68501
FindNodeReq,165105
FindNodeRsp,87416
FindNodeReq,152245
FindNodeRsp,102976
FindNodeReq,178616
FindNodeRsp,86904
FindNodeReq,150197
FindNodeRsp,89344
UpdateRouteReq,49555
PathSetupReq,36501
UpdateRouteReq,73716
FindNodeReq,159145
FindNodeRsp,85675
FindNodeReq,153481
FindNodeReq,158573
FindNodeRsp,100677
UpdateRouteReq,78467
UpdateRouteReq,52899
PathTeardownReq,48376
FindNodeReq,152030
FindNodeRsp,86084
FindNodeReq,151512
FindNodeReq,158265
UpdateRouteReq,70779
PathSetupReq,38899
UpdateRouteReq,48546
UpdateRouteReq,43274
FindNodeRsp,89131
FindNodeReq,152081
UpdateRouteReq,76470
UpdateRouteReq,52599
PathTeardownReq,68643
FindNodeRsp,96338
UpdateRouteReq,75967
UpdateRouteReq,49255
PathSetupReq,38520
FindNodeRsp,105833
FindNodeReq,155559
FindNodeRsp,88506
FindNodeReq,136774
FindNodeRsp,99118
PathSetupReq,60825
FindNodeRsp,101114
FindNodeReq,158211
FindNodeRsp,99106
PathSetupReq,56841
PathSetupReq,54806
FindNodeRsp,102510
FindNodeRsp,94986
FindNodeRsp,98840
FindNodeReq,149722
FindNodeRsp,88522
FindNodeReq,160277
FindNodeRsp,77744
PathSetupReq,56887
FindNodeReq,159429
FindNodeReq,154493
FindNodeRsp,109194
FindNodeReq,150948
PNDiscReq,126726
FindNodeRsp,88306
FindNodeReq,167773
FindNodeRsp,81947
FindNodeReq,177772
FindNodeRsp,98067
FindNodeRsp,98878
FindNodeReq,150710
FindNodeRsp,95666
FindNodeRsp,101188
FindNodeReq,152110
FindNodeRsp,101014
FindNodeReq,153220
FindNodeReq,172736
FindNodeReq,214555
FindNodeRsp,97862
FindNodeRsp,104105
FindNodeReq,159273
FindNodeRsp,96770
FindNodeRsp,86420
FindNodeReq,160121
FindNodeRsp,80147
FindNodeReq,152255
FindNodeRsp,95530
FindNodeReq,151103
FindNodeRsp,102525
FindNodeReq,109634
FindNodeRsp,66855
FindNodeReq,151589
FindNodeReq,160217
FindNodeRsp,95270
FindNodeReq,150726
FindNodeReq,160753
FindNodeReq,160152
FindNodeRsp,96313
FindNodeReq,178997
FindNodeRsp,85958
FindNodeRsp,90238
FindNodeRsp,100398
FindNodeReq,154708
FindNodeReq,156026
FindNodeReq,157995
FindNodeRsp,99138
FindNodeRsp,96047
FindNodeRsp,69279
FindNodeRsp,86737
FindNodeReq,159022
FindNodeRsp,96879
FindNodeRsp,99746
FindNodeReq,159533
FindNodeRsp,90158
FindNodeRsp,95518
FindNodeReq,154995
FindNodeRsp,99390
FindNodeReq,153220
FindNodeRsp,89904
FindNodeRsp,86964
FindNodeReq,103854
FindNodeReq,152241
FindNodeReq,161330
FindNodeReq,158333
FindNodeRsp,97834
FindNodeReq,152837
FindNodeRsp,83827
FindNodeRsp,102911
FindNodeReq,162863
FindNodeReq,156285
FindNodeReq,157207
FindNodeRsp,98694
FindNodeRsp,102851
FindNodeReq,159349
FindNodeReq,155351
FindNodeRsp,100078
FindNodeRsp,100041
FindNodeReq,160252
FindNodeRsp,92392
FindNodeReq,160248
FindNodeRsp,86476
FindNodeReq,106842
FindNodeRsp,85669
FindNodeReq,105020
FindNodeRsp,86811
FindNodeReq,159849
FindNodeRsp,100440
FindNodeReq,159697
FindNodeReq,155101
FindNodeRsp,96116
FindNodeReq,151523
FindNodeRsp,99923
FindNodeRsp,87862
PathSetupReq,59905
FindNodeRsp,86215
FindNodeReq,158211
FindNodeReq,161473
FindNodeReq,154931
FindNodeRsp,96682
PathSetupReq,60795
FindNodeReq,151733
PathSetupReq,54682
FindNodeRsp,93864
FindNodeReq,160980
FindNodeRsp,85106
FindNodeRsp,90118
FindNodeRsp,98518
FindNodeRsp,100503
FindNodeReq,156505
FindNodeReq,152030
PathSetupReq,58668
FindNodeReq,159548
FindNodeReq,155786
FindNodeRsp,97935
FindNodeReq,152599
FindNodeRsp,86442
FindNodeRsp,97620
FindNodeReq,158717
FindNodeRsp,89719
FindNodeRsp,120326
FindNodeReq,210169
FindNodeReq,155168
FindNodeRsp,91804
FindNodeReq,151815
FindNodeReq,161348
FindNodeRsp,86992
FindNodeRsp,98808
FindNodeRsp,88142
FindNodeRsp,92966
FindNodeRsp,99425
FindNodeReq,153397
FindNodeRsp,99044
FindNodeReq,154296
FindNodeRsp,97208
FindNodeRsp,87314
FindNodeRsp,86884
FindNodeRsp,85874
FindNodeReq,200114
FindNodeReq,151977
FindNodeRsp,88994
FindNodeReq,158253
FindNodeReq,163029
FindNodeRsp,96498
FindNodeReq,159281
FindNodeRsp,97754
FindNodeReq,150817
FindNodeRsp,86116
FindNodeRsp,87046
FindNodeRsp,116173
FindNodeReq,205715
FindNodeRsp,95698
FindNodeRsp,96112
FindNodeReq,158843
FindNodeRsp,86096
FindNodeReq,159881
FindNodeRsp,99491
FindNodeReq,150993
FindNodeReq,154533
FindNodeRsp,85366
FindNodeReq,156649
UpdateRouteReq,77444
UpdateRouteReq,48055
PathTeardownReq,40556
FindNodeRsp,100327
FindNodeReq,138412
PNDiscReq,126508
FindNodeReq,156448
FindNodeRsp,87392
FindNodeReq,160277
FindNodeReq,150265
FindNodeReq,154381
FindNodeRsp,113624
UpdateRouteReq,71088
UpdateRouteReq,48126
PathSetupReq,37608
FindNodeRsp,95667
FindNodeReq,153869
FindNodeReq,159217
FindNodeRsp,100838
UpdateRouteReq,76936
UpdateRouteReq,51780
PathTeardownReq,68988
FindNodeRsp,99360
FindNodeReq,150349
FindNodeReq,160898
UpdateRouteReq,75351
PathSetupReq,42079
UpdateRouteReq,52861
UpdateRouteReq,47055
FindNodeRsp,101458
UpdateRouteReq,75591
UpdateRouteReq,53361
PathTeardownReq,69090
FindNodeReq,155325
FindNodeRsp,98598
UpdateRouteReq,71034
PathSetupReq,37564
UpdateRouteReq,70472
FindNodeRsp,86787
FindNodeRsp,103501
FindNodeRsp,99896
FindNodeReq,150448
UpdateRouteReq,75944
UpdateRouteReq,52744
PathTeardownReq,65683
FindNodeRsp,100654
FindNodeReq,160218
UpdateRouteReq,70475
PathSetupReq,37299
UpdateRouteReq,50802
UpdateRouteReq,45631
FindNodeRsp,100662
FindNodeReq,152788
UpdateRouteReq,76039
UpdateRouteReq,52699
PathTeardownReq,68988
FindNodeRsp,98318
FindNodeReq,158455
UpdateRouteReq,70974
PathSetupReq,37435
UpdateRouteReq,49233
FindNodeRsp,84867
FindNodeReq,159901
FindNodeReq,160033
FindNodeReq,154092
FindNodeRsp,96285
UpdateRouteReq,77619
UpdateRouteReq,51824
PathTeardownReq,67350
FindNodeReq,154025
FindNodeRsp,96020
FindNodeReq,151084
FindNodeRsp,89234
UpdateRouteReq,72700
UpdateRouteReq,47499
UpdateRouteReq,44219
PathSetupReq,61123
FindNodeReq,155126
FindNodeRsp,98636
FindNodeRsp,98200
PathSetupReq,60755
FindNodeRsp,93912
FindNodeReq,151153
FindNodeRsp,87598
PathSetupReq,61366
FindNodeReq,152025
PathSetupReq,54636
FindNodeRsp,101586
FindNodeRsp,100245
FindNodeReq,153335
FindNodeRsp,86435
FindNodeRsp,94207
FindNodeRsp,89688
FindNodeReq,152330
PathSetupReq,58331
FindNodeRsp,87858
FindNodeReq,158233
FindNodeRsp,90120
FindNodeRsp,89758
FindNodeReq,159491
FindNodeRsp,124565
FindNodeReq,213420
FindNodeReq,160784
FindNodeRsp,85256
FindNodeReq,160912
FindNodeRsp,89720
FindNodeReq,158233
FindNodeReq,158776
FindNodeRsp,124913
FindNodeReq,215019
FindNodeRsp,99383
FindNodeReq,187208
FindNodeRsp,96134
FindNodeRsp,102736
FindNodeReq,158591
FindNodeReq,200940
FindNodeRsp,94251
FindNodeReq,178320
FindNodeReq,173991
FindNodeReq,156649
FindNodeRsp,97594
FindNodeRsp,98401
FindNodeReq,158660
FindNodeRsp,100242
FindNodeReq,150943
FindNodeRsp,99463
FindNodeReq,161357
FindNodeRsp,101222
FindNodeReq,152002
FindNodeReq,155753
FindNodeRsp,84320
FindNodeRsp,96918
FindNodeRsp,90603
FindNodeReq,158549
FindNodeRsp,97922
FindNodeRsp,102814
FindNodeReq,153479
FindNodeReq,183528
FindNodeRsp,101110
FindNodeRsp,94029
FindNodeRsp,99170
FindNodeReq,155857
FindNodeRsp,98826
FindNodeReq,150569
FindNodeReq,160113
FindNodeRsp,97337
FindNodeRsp,100823
FindNodeReq,151167
FindNodeReq,156977
FindNodeRsp,97930
FindNodeReq,155825
FindNodeRsp,87343
FindNodeReq,153642
FindNodeReq,159968
FindNodeReq,156524
FindNodeRsp,90582
FindNodeRsp,98292
FindNodeRsp,100192
FindNodeReq,158820
FindNodeRsp,97534
FindNodeReq,151993
FindNodeReq,155553
FindNodeReq,156502
FindNodeRsp,98306
FindNodeRsp,86960
FindNodeReq,151126
FindNodeReq,160852
FindNodeRsp,116710
FindNodeReq,204476
FindNodeRsp,103054
FindNodeReq,155343
FindNodeRsp,86495
FindNodeRsp,96202
FindNodeReq,150891
FindNodeReq,108784
FindNodeRsp,70897
FindNodeRsp,89599
FindNodeRsp,101318
FindNodeReq,158897
FindNodeRsp,97029
FindNodeReq,151380
FindNodeReq,155889
FindNodeReq,159676
FindNodeRsp,99470
FindNodeRsp,117921
FindNodeReq,205042
FindNodeRsp,87908
FindNodeReq,159489
FindNodeRsp,99962
PathSetupReq,60951
FindNodeReq,156195
FindNodeRsp,99585
FindNodeReq,158116
FindNodeReq,151767
PathSetupReq,61377
FindNodeRsp,85968
PathSetupReq,55299
FindNodeReq,160188
FindNodeRsp,86947
FindNodeReq,157326
FindNodeRsp,97782
FindNodeRsp,87618
FindNodeReq,160249
FindNodeRsp,102034
FindNodeReq,161501
FindNodeRsp,128072
PathSetupReq,57291
FindNodeReq,149258
