PNHello,139071
PNDiscRsp,43881
FindNodeReq,224582
UpdateRouteReq,65606
QueryRouteReq,124244
QueryRouteRsp,103479
PNDiscReq,148061
UpdateRouteReq,152425
UpdateRouteReq,191108
UpdateRouteReq,214899
UpdateRouteReq,243015
UpdateRouteReq,254158
UpdateRouteReq,201301
UpdateRouteReq,273829
QueryRouteReq,153985
UpdateRouteReq,168387
QueryRouteRsp,87174
QueryRouteReq,274516
UpdateRouteReq,359068
UpdateRouteReq,132627
QueryRouteRsp,266654
UpdateRouteReq,154785
UpdateRouteReq,73974
QueryRouteReq,172654
QueryRouteRsp,85105
UpdateRouteReq,65199
PathSetupReq,42497
FindNodeRsp,96558
UpdateRouteReq,165103
PathSetupReq,86574
UpdateRouteReq,153324
UpdateRouteReq,266653
UpdateRouteReq,547233
UpdateRouteReq,94877
PathSetupReq,123270
PNHello,200868
PNDiscRsp,112637
PNDiscReq,223457
FindNodeRsp,115423
FindNodeRsp,127061
FindNodeReq,209780
FindNodeRsp,114889
PNHello,126877
PNDiscRsp,69632
PNDiscReq,134330
FindNodeRsp,130101
FindNodeReq,158533
FindNodeRsp,116290
FindNodeRsp,124342
FindNodeReq,156214
FindNodeReq,152489
FindNodeRsp,119814
FindNodeRsp,130299
FindNodeReq,160788
PNDiscReq,131906
FindNodeRsp,146364
PNHello,126646
PNDiscRsp,69114
FindNodeReq,180507
FindNodeReq,166709
FindNodeReq,115118
FindNodeReq,162488
FindNodeReq,129814
FindNodeRsp,113790
FindNodeReq,114380
FindNodeRsp,116613
FindNodeRsp,121805
FindNodeRsp,129524
FindNodeRsp,124725
FindNodeRsp,135317
FindNodeReq,170932
FindNodeRsp,111963
FindNodeRsp,130848
FindNodeRsp,120936
FindNodeRsp,133133
FindNodeReq,153443
FindNodeRsp,122550
PNDiscReq,131323
FindNodeRsp,133657
FindNodeReq,168883
PNHello,124538
PNDiscRsp,67802
FindNodeRsp,133409
FindNodeRsp,131123
FindNodeReq,176420
FindNodeReq,225141
FindNodeReq,156403
FindNodeReq,156105
FindNodeRsp,135542
FindNodeReq,157055
FindNodeReq,167763
FindNodeRsp,124135
FindNodeRsp,119496
FindNodeRsp,118461
FindNodeReq,176560
FindNodeRsp,122502
FindNodeRsp,141627
FindNodeRsp,127424
FindNodeRsp,121757
FindNodeReq,158460
FindNodeRsp,116641
FindNodeReq,168510
FindNodeRsp,126852
FindNodeRsp,122902
FindNodeRsp,129546
FindNodeRsp,128518
FindNodeReq,151621
FindNodeReq,175804
FindNodeReq,175965
FindNodeReq,173832
FindNodeReq,156701
FindNodeReq,126499
FindNodeReq,152457
FindNodeRsp,118128
FindNodeReq,168012
FindNodeRsp,111685
FindNodeRsp,106178
FindNodeRsp,116489
FindNodeReq,152899
FindNodeRsp,123783
FindNodeRsp,126313
FindNodeRsp,112975
FindNodeRsp,117238
PNDiscReq,132485
FindNodeReq,176840
FindNodeRsp,146010
FindNodeRsp,133269
FindNodeReq,175072
FindNodeRsp,128185
PNHello,124388
PNDiscRsp,69790
FindNodeRsp,152755
FindNodeReq,158260
FindNodeRsp,118501
PathSetupReq,80044
FindNodeRsp,117037
FindNodeReq,176420
FindNodeReq,178734
PathSetupReq,89622
FindNodeReq,159716
FindNodeReq,105769
PathSetupReq,103790
PathSetupReq,83862
FindNodeRsp,95480
PathSetupReq,146570
PathSetupReq,182005
PathSetupReq,45920
FindNodeReq,172412
PathSetupReq,77666
FindNodeRsp,119001
PathSetupReq,77399
FindNodeRsp,112190
FindNodeRsp,121232
FindNodeRsp,132081
FindNodeRsp,123937
FindNodeRsp,123872
FindNodeRsp,112354
FindNodeRsp,118919
FindNodeRsp,122397
FindNodeRsp,115724
FindNodeRsp,146635
FindNodeReq,151078
FindNodeRsp,155038
FindNodeReq,177712
FindNodeReq,175802
FindNodeReq,157152
FindNodeReq,157200
FindNodeRsp,158924
FindNodeReq,170147
FindNodeRsp,149456
FindNodeRsp,119706
FindNodeRsp,128261
FindNodeReq,177642
FindNodeReq,174588
FindNodeRsp,109509
FindNodeRsp,122339
FindNodeReq,134421
FindNodeRsp,125037
FindNodeRsp,146353
FindNodeRsp,153604
FindNodeRsp,121034
FindNodeReq,120399
FindNodeRsp,111470
FindNodeRsp,107912
FindNodeRsp,139499
FindNodeReq,180116
FindNodeReq,178274
FindNodeReq,176873
FindNodeRsp,122787
FindNodeReq,161072
FindNodeReq,129182
FindNodeReq,134948
FindNodeRsp,105659
FindNodeReq,215215
FindNodeReq,161697
FindNodeRsp,121271
FindNodeRsp,125647
FindNodeRsp,127447
FindNodeRsp,123757
FindNodeReq,153647
FindNodeRsp,118517
FindNodeRsp,128166
FindNodeRsp,161140
FindNodeReq,158317
FindNodeRsp,113469
FindNodeReq,138726
FindNodeRsp,151325
FindNodeRsp,121093
FindNodeRsp,122910
FindNodeReq,168060
PNDiscReq,130059
FindNodeRsp,135581
FindNodeReq,177471
FindNodeReq,176012
FindNodeReq,178118
FindNodeReq,158027
FindNodeReq,129084
FindNodeRsp,131646
FindNodeReq,135395
FindNodeReq,170196
FindNodeRsp,126214
FindNodeRsp,117094
FindNodeRsp,152114
FindNodeReq,177078
FindNodeRsp,123049
FindNodeRsp,121893
FindNodeReq,168976
FindNodeReq,181596
FindNodeRsp,126278
FindNodeRsp,126222
PNHello,124605
PNDiscRsp,66766
FindNodeRsp,122783
FindNodeRsp,124090
FindNodeRsp,121263
FindNodeReq,167792
FindNodeRsp,152859
FindNodeRsp,111057
PathSetupReq,65033
PathSetupReq,80674
FindNodeReq,153872
FindNodeReq,174744
FindNodeReq,156612
FindNodeReq,157082
FindNodeRsp,119671
PathSetupReq,104714
FindNodeReq,109705
PathSetupReq,80184
FindNodeRsp,122145
PathSetupReq,98839
PathSetupReq,89159
PathSetupReq,45884
FindNodeReq,168956
PathSetupReq,76471
PathSetupReq,85747
FindNodeRsp,102625
FindNodeRsp,188636
FindNodeReq,173160
FindNodeRsp,112349
FindNodeRsp,157740
FindNodeRsp,112383
FindNodeRsp,138624
FindNodeRsp,125409
FindNodeReq,177537
FindNodeRsp,184592
FindNodeReq,169109
FindNodeRsp,129583
FindNodeRsp,94836
FindNodeRsp,93379
FindNodeRsp,118898
FindNodeReq,175676
FindNodeReq,165551
FindNodeReq,184448
FindNodeReq,179076
FindNodeReq,130257
FindNodeReq,110438
FindNodeRsp,174393
FindNodeReq,166561
FindNodeRsp,111338
FindNodeRsp,119130
FindNodeRsp,193627
FindNodeReq,169090
FindNodeRsp,110925
FindNodeReq,168309
FindNodeRsp,116851
FindNodeReq,180420
FindNodeReq,109912
FindNodeRsp,117622
FindNodeRsp,121566
FindNodeRsp,187621
FindNodeReq,171532
FindNodeRsp,127556
FindNodeRsp,126826
FindNodeRsp,118438
FindNodeReq,174025
FindNodeRsp,123470
FindNodeReq,175356
FindNodeReq,228355
FindNodeReq,138845
FindNodeReq,178963
FindNodeReq,178861
FindNodeRsp,274934
FindNodeReq,178081
FindNodeRsp,95653
FindNodeReq,168941
FindNodeRsp,120474
FindNodeRsp,177807
FindNodeReq,180429
FindNodeRsp,133461
FindNodeRsp,115546
FindNodeRsp,120717
FindNodeReq,171658
FindNodeRsp,135153
FindNodeRsp,111938
FindNodeReq,171174
FindNodeRsp,129530
FindNodeRsp,133077
FindNodeReq,176800
FindNodeRsp,120029
FindNodeRsp,116952
FindNodeRsp,115605
FindNodeReq,175522
FindNodeReq,123777
FindNodeReq,178736
FindNodeReq,179177
FindNodeRsp,117009
FindNodeReq,170678
FindNodeRsp,128737
FindNodeRsp,119521
FindNodeRsp,117944
FindNodeRsp,134483
FindNodeReq,168872
FindNodeReq,169802
FindNodeRsp,134677
FindNodeRsp,130448
FindNodeRsp,109061
FindNodeReq,177615
FindNodeRsp,119123
FindNodeRsp,132221
FindNodeReq,128369
FindNodeReq,170241
FindNodeRsp,129642
FindNodeRsp,133383
FindNodeReq,177701
FindNodeRsp,133393
FindNodeReq,175889
FindNodeReq,168162
PathSetupReq,67168
PathSetupReq,65711
FindNodeReq,176043
FindNodeReq,178151
FindNodeReq,179505
FindNodeReq,182772
FindNodeReq,178854
FindNodeReq,178227
FindNodeRsp,113289
PathSetupReq,105538
PathSetupReq,83831
FindNodeReq,167349
FindNodeRsp,129229
PathSetupReq,80163
PathSetupReq,66267
PathSetupReq,64106
FindNodeReq,123202
FindNodeReq,170408
PathSetupReq,80480
PathSetupReq,64903
FindNodeRsp,119955
FindNodeRsp,119205
FindNodeRsp,55110
FindNodeReq,172922
FindNodeReq,173135
FindNodeRsp,133161
PNDiscReq,133739
FindNodeReq,180707
FindNodeReq,180558
FindNodeRsp,132158
FindNodeReq,198308
FindNodeRsp,124957
FindNodeRsp,119129
FindNodeRsp,131904
FindNodeRsp,135139
PNHello,125429
PNDiscRsp,70806
FindNodeRsp,136512
FindNodeReq,179276
FindNodeReq,181024
FindNodeReq,178528
FindNodeRsp,130771
FindNodeReq,171741
FindNodeRsp,115074
FindNodeRsp,139131
FindNodeReq,171531
FindNodeReq,177420
FindNodeRsp,107065
FindNodeRsp,133173
FindNodeRsp,130068
FindNodeRsp,136891
FindNodeRsp,129838
FindNodeRsp,116077
FindNodeReq,180012
FindNodeReq,180229
FindNodeReq,170685
FindNodeRsp,126978
FindNodeRsp,126252
FindNodeRsp,115145
FindNodeRsp,139543
FindNodeReq,173021
FindNodeRsp,110209
FindNodeReq,176925
FindNodeRsp,136285
FindNodeRsp,137881
PathSetupReq,87354
FindNodeReq,180344
FindNodeReq,179525
FindNodeReq,142397
FindNodeRsp,136865
PathSetupReq,75547
PathSetupReq,103192
PathSetupReq,90004
FindNodeReq,169620
PathSetupReq,111615
PathSetupReq,98604
FindNodeReq,171212
FindNodeRsp,117279
FindNodeRsp,132090
FindNodeReq,171451
FindNodeReq,176876
FindNodeRsp,136957
FindNodeReq,170444
FindNodeRsp,130777
FindNodeRsp,141252
FindNodeReq,181832
FindNodeReq,174082
FindNodeReq,183187
FindNodeReq,181727
FindNodeReq,180784
FindNodeRsp,130493
FindNodeReq,229947
FindNodeReq,172538
FindNodeRsp,125706
FindNodeRsp,105826
FindNodeReq,170296
FindNodeRsp,113630
FindNodeReq,173220
FindNodeReq,171674
FindNodeRsp,116485
FindNodeReq,175183
FindNodeReq,181592
FindNodeReq,169706
FindNodeReq,181975
FindNodeReq,181284
FindNodeReq,142743
FindNodeRsp,132107
FindNodeReq,170340
FindNodeRsp,128643
FindNodeReq,176655
FindNodeRsp,116392
FindNodeReq,174076
FindNodeReq,174647
FindNodeRsp,133341
FindNodeReq,169799
FindNodeReq,177732
FindNodeReq,169525
FindNodeRsp,135670
FindNodeReq,170336
FindNodeRsp,133773
FindNodeReq,181516
FindNodeReq,175789
PNDiscReq,130701
FindNodeRsp,134547
FindNodeReq,182614
FindNodeReq,180064
FindNodeReq,173180
FindNodeRsp,119678
FindNodeRsp,109558
FindNodeRsp,131525
FindNodeRsp,112490
FindNodeRsp,128794
FindNodeRsp,128576
PNHello,125005
PNDiscRsp,67455
FindNodeRsp,136047
FindNodeRsp,112850
FindNodeRsp,128646
PathSetupReq,87910
FindNodeReq,180036
FindNodeReq,177864
PathSetupReq,66883
PathSetupReq,82158
PathSetupReq,89367
FindNodeReq,168144
PathSetupReq,110341
PathSetupReq,113743
FindNodeRsp,124072
FindNodeRsp,157166
FindNodeReq,175516
FindNodeRsp,138533
FindNodeRsp,130612
FindNodeReq,169770
FindNodeRsp,123737
FindNodeReq,172048
FindNodeRsp,105413
FindNodeRsp,110804
FindNodeReq,177352
FindNodeReq,177935
FindNodeReq,190596
FindNodeReq,167896
FindNodeRsp,117437
FindNodeRsp,112954
FindNodeReq,215562
FindNodeRsp,109802
FindNodeRsp,131507
FindNodeRsp,111749
FindNodeRsp,126907
FindNodeRsp,115494
FindNodeReq,166557
FindNodeRsp,126353
FindNodeReq,177283
FindNodeReq,175256
FindNodeReq,164756
FindNodeRsp,126312
FindNodeRsp,115259
UpdateRouteReq,278006
UpdateRouteReq,401255
UpdateRouteReq,567595
UpdateRouteReq,691528
UpdateRouteReq,275676
UpdateRouteReq,406535
FindNodeReq,521969
FindNodeReq,79192
FindNodeReq,74855
FindNodeReq,108366
FindNodeReq,76146
UpdateRouteReq,94414
FindNodeRsp,123379
FindNodeRsp,77182
FindNodeReq,175744
FindNodeRsp,111513
FindNodeReq,157675
FindNodeRsp,76342
UpdateRouteReq,87559
FindNodeRsp,76855
FindNodeReq,156208
UpdateRouteReq,48692
UpdateRouteReq,40181
Error,112460
Error,85451
Error,82582
Error,43494
FindNodeRsp,149587
FindNodeReq,164551
FindNodeReq,155887
FindNodeRsp,127303
UpdateRouteReq,72227
PathTeardownReq,37987
FindNodeReq,167315
UpdateRouteReq,72919
PathSetupReq,144016
UpdateRouteReq,44680
UpdateRouteReq,45935
UpdateRouteReq,44936
UpdateRouteReq,45044
UpdateRouteReq,107465
UpdateRouteReq,68443
UpdateRouteReq,84204
FindNodeReq,154811
FindNodeRsp,75295
UpdateRouteReq,162295
UpdateRouteReq,164789
FindNodeReq,155429
UpdateRouteReq,158073
FindNodeRsp,76594
UpdateRouteReq,168368
Error,165055
Error,164636
Error,75309
FindNodeRsp,111922
UpdateRouteReq,74642
PathTeardownReq,54421
UpdateRouteReq,94630
UpdateRouteReq,64245
UpdateRouteReq,47323
UpdateRouteReq,43494
PathSetupReq,36603
UpdateRouteReq,42455
FindNodeReq,149961
FindNodeReq,149782
FindNodeReq,151429
FindNodeReq,152208
UpdateRouteReq,73538
FindNodeReq,166724
FindNodeReq,93318
FindNodeReq,76172
FindNodeReq,73175
UpdateRouteReq,42132
UpdateRouteReq,47362
UpdateRouteReq,93356
FindNodeRsp,106508
UpdateRouteReq,48926
FindNodeReq,158137
FindNodeReq,99377
FindNodeReq,156077
UpdateRouteReq,150587
UpdateRouteReq,85630
UpdateRouteReq,103120
PathTeardownReq,54801
Error,164497
Error,34968
Error,212208
UpdateRouteReq,208702
UpdateRouteReq,70205
UpdateRouteReq,71607
Error,133449
Error,83725
Error,100450
Error,47951
Error,35271
UpdateRouteReq,50023
UpdateRouteReq,65599
PathTeardownReq,91185
PathSetupReq,68454
FindNodeReq,91698
FindNodeReq,78813
UpdateRouteReq,56409
FindNodeReq,82544
FindNodeReq,77060
PathSetupReq,43473
Error,97958
UpdateRouteReq,70260
UpdateRouteReq,98986
PathTeardownReq,40507
PathSetupReq,64694
Error,157253
UpdateRouteReq,57604
UpdateRouteReq,68997
Error,155116
UpdateRouteReq,47850
Error,175977
Error,84420
FindNodeReq,185200
UpdateRouteReq,61039
UpdateRouteReq,62071
UpdateRouteReq,44763
UpdateRouteReq,54849
FindNodeRsp,121799
UpdateRouteReq,91854
Error,89439
UpdateRouteReq,49631
UpdateRouteReq,209722
UpdateRouteReq,250509
UpdateRouteReq,50242
UpdateRouteReq,47821
PathTeardownReq,39506
UpdateRouteReq,73872
PathSetupReq,62636
Error,166242
PathTeardownReq,42720
Error,166356
PathSetupReq,44042
PathTeardownReq,62634
Error,194639
PathSetupReq,62659
PathTeardownReq,40934
Error,103256
UpdateRouteReq,77570
UpdateRouteReq,65761
UpdateRouteReq,42812
PathSetupReq,44932
UpdateRouteReq,43308
Error,58683
UpdateRouteReq,83210
Error,115399
UpdateRouteReq,50617
UpdateRouteReq,89498
UpdateRouteReq,102621
UpdateRouteReq,97218
UpdateRouteReq,136052
FindNodeReq,134488
UpdateRouteReq,85456
UpdateRouteReq,158993
UpdateRouteReq,161783
UpdateRouteReq,22821
UpdateRouteReq,20263
UpdateRouteReq,24186
UpdateRouteReq,28040
UpdateRouteReq,24052
UpdateRouteReq,22522
UpdateRouteReq,19789
UpdateRouteReq,19688
UpdateRouteReq,19032
UpdateRouteReq,23316
UpdateRouteReq,21281
UpdateRouteReq,68429
UpdateRouteReq,71743
UpdateRouteReq,92935
UpdateRouteReq,97827
UpdateRouteReq,100505
UpdateRouteReq,24767
UpdateRouteReq,32376
UpdateRouteReq,28165
UpdateRouteReq,56607
UpdateRouteReq,59462
UpdateRouteReq,34384
UpdateRouteReq,36211
UpdateRouteReq,51857
UpdateRouteReq,46131
UpdateRouteReq,20569
UpdateRouteReq,24352
UpdateRouteReq,44584
UpdateRouteReq,32597
UpdateRouteReq,32896
UpdateRouteReq,52140
UpdateRouteReq,33005
UpdateRouteReq,25454
UpdateRouteReq,19342
UpdateRouteReq,25519
UpdateRouteReq,19400
UpdateRouteReq,52558
UpdateRouteReq,53880
UpdateRouteReq,74971
UpdateRouteReq,78405
UpdateRouteReq,59693
UpdateRouteReq,61995
UpdateRouteReq,60799
UpdateRouteReq,58311
UpdateRouteReq,61086
UpdateRouteReq,36824
UpdateRouteReq,32228
UpdateRouteReq,24959
UpdateRouteReq,22885
UpdateRouteReq,19430
UpdateRouteReq,19684
UpdateRouteReq,23463
UpdateRouteReq,32502
UpdateRouteReq,21185
UpdateRouteReq,55609
UpdateRouteReq,58170
UpdateRouteReq,24392
UpdateRouteReq,21534
UpdateRouteReq,20050
UpdateRouteReq,18630
UpdateRouteReq,33312
UpdateRouteReq,20486
UpdateRouteReq,55947
UpdateRouteReq,58670
UpdateRouteReq,23340
UpdateRouteReq,21753
UpdateRouteReq,19423
UpdateRouteReq,18704
UpdateRouteReq,22525
UpdateRouteReq,31749
UpdateRouteReq,20698
UpdateRouteReq,55263
UpdateRouteReq,57833
UpdateRouteReq,22597
UpdateRouteReq,21667
UpdateRouteReq,19328
UpdateRouteReq,18604
UpdateRouteReq,38272
UpdateRouteReq,40071
UpdateRouteReq,47197
FindNodeRsp,67648
UpdateRouteReq,55888
UpdateRouteReq,58494
UpdateRouteReq,38812
UpdateRouteReq,38335
UpdateRouteReq,18826
UpdateRouteReq,31696
UpdateRouteReq,31479
UpdateRouteReq,31425
UpdateRouteReq,28685
UpdateRouteReq,55356
UpdateRouteReq,59151
UpdateRouteReq,29907
UpdateRouteReq,22351
UpdateRouteReq,19079
UpdateRouteReq,34061
UpdateRouteReq,35752
UpdateRouteReq,56100
UpdateRouteReq,88804
UpdateRouteReq,103851
UpdateRouteReq,55751
UpdateRouteReq,59679
UpdateRouteReq,77226
UpdateRouteReq,57951
UpdateRouteReq,60843
UpdateRouteReq,36815
UpdateRouteReq,37842
UpdateRouteReq,60378
UpdateRouteReq,105285
UpdateRouteReq,123403
UpdateRouteReq,58275
UpdateRouteReq,61773
UpdateRouteReq,23782
UpdateRouteReq,21737
UpdateRouteReq,19729
UpdateRouteReq,32768
UpdateRouteReq,36347
UpdateRouteReq,51336
UpdateRouteReq,54374
UpdateRouteReq,57411
UpdateRouteReq,23033
UpdateRouteReq,21741
UpdateRouteReq,19657
UpdateRouteReq,42093
UpdateRouteReq,36067
UpdateRouteReq,50866
UpdateRouteReq,54349
UpdateRouteReq,57229
UpdateRouteReq,23220
UpdateRouteReq,21737
UpdateRouteReq,18953
UpdateRouteReq,31876
UpdateRouteReq,35432
UpdateRouteReq,50593
UpdateRouteReq,54222
UpdateRouteReq,57161
UpdateRouteReq,32105
UpdateRouteReq,21312
UpdateRouteReq,19641
UpdateRouteReq,36151
UpdateRouteReq,28487
UpdateRouteReq,56600
UpdateRouteReq,60276
UpdateRouteReq,60860
UpdateRouteReq,58312
UpdateRouteReq,61361
UpdateRouteReq,36184
UpdateRouteReq,33488
UpdateRouteReq,32450
UpdateRouteReq,23361
UpdateRouteReq,19169
UpdateRouteReq,33574
UpdateRouteReq,28568
UpdateRouteReq,58046
UpdateRouteReq,61708
UpdateRouteReq,60594
UpdateRouteReq,58062
UpdateRouteReq,61511
UpdateRouteReq,36364
UpdateRouteReq,32042
UpdateRouteReq,35466
UpdateRouteReq,22533
UpdateRouteReq,19431
UpdateRouteReq,80541
UpdateRouteReq,123115
UpdateRouteReq,124994
UpdateRouteReq,60009
UpdateRouteReq,63886
UpdateRouteReq,24707
UpdateRouteReq,21906
UpdateRouteReq,19693
UpdateRouteReq,33610
UpdateRouteReq,51843
UpdateRouteReq,53166
UpdateRouteReq,56292
UpdateRouteReq,59095
UpdateRouteReq,22986
UpdateRouteReq,21883
UpdateRouteReq,19134
UpdateRouteReq,32733
UpdateRouteReq,36067
UpdateRouteReq,50579
UpdateRouteReq,56038
UpdateRouteReq,59803
UpdateRouteReq,29435
UpdateRouteReq,21994
UpdateRouteReq,19095
UpdateRouteReq,32384
UpdateRouteReq,35950
UpdateRouteReq,50909
UpdateRouteReq,55446
UpdateRouteReq,58354
UpdateRouteReq,23250
UpdateRouteReq,21937
UpdateRouteReq,19231
UpdateRouteReq,31851
UpdateRouteReq,35375
UpdateRouteReq,50452
UpdateRouteReq,56388
UpdateRouteReq,60402
UpdateRouteReq,23476
UpdateRouteReq,21673
UpdateRouteReq,19404
UpdateRouteReq,32225
UpdateRouteReq,35473
UpdateRouteReq,50514
UpdateRouteReq,55856
UpdateRouteReq,59611
UpdateRouteReq,22864
UpdateRouteReq,22298
UpdateRouteReq,19283
UpdateRouteReq,31788
UpdateRouteReq,35393
UpdateRouteReq,50312
UpdateRouteReq,57547
UpdateRouteReq,61347
UpdateRouteReq,23094
UpdateRouteReq,21933
UpdateRouteReq,19462
UpdateRouteReq,18776
UpdateRouteReq,22578
UpdateRouteReq,22054
UpdateRouteReq,31656
UpdateRouteReq,20497
UpdateRouteReq,55460
UpdateRouteReq,59211
UpdateRouteReq,23422
UpdateRouteReq,21547
UpdateRouteReq,19073
UpdateRouteReq,19375
UpdateRouteReq,33230
UpdateRouteReq,35028
UpdateRouteReq,31796
UpdateRouteReq,20551
UpdateRouteReq,67679
UpdateRouteReq,71771
FindNodeReq,80854
UpdateRouteReq,82804
UpdateRouteReq,37577
UpdateRouteReq,38437
UpdateRouteReq,23052
UpdateRouteReq,41696
UpdateRouteReq,44016
UpdateRouteReq,63353
UpdateRouteReq,66914
UpdateRouteReq,71607
UpdateRouteReq,39484
UpdateRouteReq,26449
UpdateRouteReq,23806
UpdateRouteReq,99517
UpdateRouteReq,97048
UpdateRouteReq,99970
UpdateRouteReq,156194
UpdateRouteReq,74619
UpdateRouteReq,78843
UpdateRouteReq,28815
UpdateRouteReq,26854
UpdateRouteReq,23520
UpdateRouteReq,122497
UpdateRouteReq,118761
UpdateRouteReq,122941
UpdateRouteReq,177605
UpdateRouteReq,201139
UpdateRouteReq,54676
UpdateRouteReq,43602
UpdateRouteReq,29930
UpdateRouteReq,25418
UpdateRouteReq,52126
UpdateRouteReq,26990
UpdateRouteReq,23158
UpdateRouteReq,69896
UpdateRouteReq,74615
UpdateRouteReq,32027
UpdateRouteReq,55548
UpdateRouteReq,27890
UpdateRouteReq,26515
UpdateRouteReq,23420
UpdateRouteReq,61031
UpdateRouteReq,53564
UpdateRouteReq,58543
UpdateRouteReq,115461
UpdateRouteReq,111973
UpdateRouteReq,118473
UpdateRouteReq,137422
UpdateRouteReq,131526
UpdateRouteReq,129078
UpdateRouteReq,173428
UpdateRouteReq,61286
UpdateRouteReq,26628
UpdateRouteReq,72690
UpdateRouteReq,69736
UpdateRouteReq,73893
UpdateRouteReq,53810
UpdateRouteReq,55106
UpdateRouteReq,38469
UpdateRouteReq,42662
UpdateRouteReq,28605
UpdateRouteReq,23544
UpdateRouteReq,40729
UpdateRouteReq,35953
UpdateRouteReq,25194
UpdateRouteReq,28298
UpdateRouteReq,23625
UpdateRouteReq,39666
UpdateRouteReq,35959
UpdateRouteReq,34769
UpdateRouteReq,28019
UpdateRouteReq,23189
UpdateRouteReq,39574
UpdateRouteReq,35732
UpdateRouteReq,24609
UpdateRouteReq,39261
UpdateRouteReq,47824
UpdateRouteReq,50935
UpdateRouteReq,54468
UpdateRouteReq,34427
UpdateRouteReq,27170
UpdateRouteReq,23252
UpdateRouteReq,62114
UpdateRouteReq,92396
UpdateRouteReq,30414
UpdateRouteReq,23610
UpdateRouteReq,63097
UpdateRouteReq,49275
UpdateRouteReq,73831
UpdateRouteReq,41612
UpdateRouteReq,67408
UpdateRouteReq,113891
UpdateRouteReq,132545
UpdateRouteReq,64535
UpdateRouteReq,61084
UpdateRouteReq,44537
UpdateRouteReq,27345
UpdateRouteReq,85246
UpdateRouteReq,89919
UpdateRouteReq,93785
UpdateRouteReq,53387
UpdateRouteReq,44967
UpdateRouteReq,79101
UpdateRouteReq,99467
UpdateRouteReq,88349
UpdateRouteReq,113490
UpdateRouteReq,96993
UpdateRouteReq,117918
UpdateRouteReq,123220
UpdateRouteReq,126856
UpdateRouteReq,54562
UpdateRouteReq,79780
UpdateRouteReq,88620
UpdateRouteReq,103077
UpdateRouteReq,127935
UpdateRouteReq,78280
UpdateRouteReq,101489
UpdateRouteReq,106813
UpdateRouteReq,126416
UpdateRouteReq,52889
UpdateRouteReq,77131
UpdateRouteReq,97963
UpdateRouteReq,103477
UpdateRouteReq,128528
UpdateRouteReq,62411
UpdateRouteReq,62646
UpdateRouteReq,52595
UpdateRouteReq,25614
UpdateRouteReq,39908
UpdateRouteReq,40796
UpdateRouteReq,28672
UpdateRouteReq,25724
UpdateRouteReq,60166
UpdateRouteReq,83408
UpdateRouteReq,86801
UpdateRouteReq,38862
UpdateRouteReq,39448
UpdateRouteReq,27750
UpdateRouteReq,25309
UpdateRouteReq,28327
UpdateRouteReq,23537
UpdateRouteReq,57724
UpdateRouteReq,24514
UpdateRouteReq,46008
UpdateRouteReq,46382
UpdateRouteReq,23172
UpdateRouteReq,28264
UpdateRouteReq,38930
UpdateRouteReq,34468
UpdateRouteReq,24738
UpdateRouteReq,27607
UpdateRouteReq,23518
UpdateRouteReq,28632
UpdateRouteReq,37999
UpdateRouteReq,25265
UpdateRouteReq,24558
UpdateRouteReq,27530
UpdateRouteReq,23756
UpdateRouteReq,59948
UpdateRouteReq,71668
UpdateRouteReq,73540
UpdateRouteReq,94725
UpdateRouteReq,28676
UpdateRouteReq,28819
UpdateRouteReq,27470
UpdateRouteReq,38028
UpdateRouteReq,25714
UpdateRouteReq,49039
UpdateRouteReq,48929
UpdateRouteReq,49313
UpdateRouteReq,84658
UpdateRouteReq,41102
UpdateRouteReq,38474
UpdateRouteReq,35105
FindNodeReq,44810
FindNodeReq,40658
UpdateRouteReq,124746
UpdateRouteReq,109893
UpdateRouteReq,112619
UpdateRouteReq,33996
UpdateRouteReq,35282
UpdateRouteReq,21394
UpdateRouteReq,20780
UpdateRouteReq,37948
UpdateRouteReq,39041
UpdateRouteReq,41883
UpdateRouteReq,19381
UpdateRouteReq,18637
UpdateRouteReq,29111
UpdateRouteReq,35039
UpdateRouteReq,50352
UpdateRouteReq,26337
UpdateRouteReq,23538
UpdateRouteReq,18572
UpdateRouteReq,21492
UpdateRouteReq,19607
UpdateRouteReq,22151
UpdateRouteReq,18310
UpdateRouteReq,22948
UpdateRouteReq,18150
UpdateRouteReq,31282
UpdateRouteReq,33752
UpdateRouteReq,43313
UpdateRouteReq,61772
UpdateRouteReq,64391
UpdateRouteReq,51124
UpdateRouteReq,53899
UpdateRouteReq,22111
UpdateRouteReq,20632
UpdateRouteReq,19024
UpdateRouteReq,21070
UpdateRouteReq,20851
UpdateRouteReq,28462
UpdateRouteReq,19405
UpdateRouteReq,51777
UpdateRouteReq,54097
UpdateRouteReq,62518
UpdateRouteReq,58628
UpdateRouteReq,60069
UpdateRouteReq,26304
UpdateRouteReq,22124
UpdateRouteReq,32819
UpdateRouteReq,22814
UpdateRouteReq,20317
UpdateRouteReq,22220
UpdateRouteReq,18580
UpdateRouteReq,22164
UpdateRouteReq,37330
UpdateRouteReq,57579
UpdateRouteReq,54206
UpdateRouteReq,56323
UpdateRouteReq,57724
UpdateRouteReq,53941
UpdateRouteReq,55801
UpdateRouteReq,34737
UpdateRouteReq,35900
UpdateRouteReq,48904
UpdateRouteReq,91979
UpdateRouteReq,23395
UpdateRouteReq,20995
UpdateRouteReq,18418
UpdateRouteReq,95183
UpdateRouteReq,91466
UpdateRouteReq,94504
UpdateRouteReq,140321
UpdateRouteReq,158889
UpdateRouteReq,55395
UpdateRouteReq,58011
UpdateRouteReq,22194
UpdateRouteReq,19483
UpdateRouteReq,18479
UpdateRouteReq,30909
UpdateRouteReq,34600
UpdateRouteReq,48369
UpdateRouteReq,54151
UpdateRouteReq,57562
UpdateRouteReq,21710
UpdateRouteReq,19853
UpdateRouteReq,18501
UpdateRouteReq,30780
UpdateRouteReq,33794
UpdateRouteReq,47436
UpdateRouteReq,54120
UpdateRouteReq,57656
UpdateRouteReq,21062
UpdateRouteReq,19838
UpdateRouteReq,18210
UpdateRouteReq,30195
UpdateRouteReq,26708
UpdateRouteReq,52325
UpdateRouteReq,56192
UpdateRouteReq,30271
UpdateRouteReq,19906
UpdateRouteReq,18009
UpdateRouteReq,30960
UpdateRouteReq,27257
UpdateRouteReq,53449
UpdateRouteReq,57107
UpdateRouteReq,20999
UpdateRouteReq,19824
UpdateRouteReq,18405
UpdateRouteReq,30400
UpdateRouteReq,26679
UpdateRouteReq,52412
UpdateRouteReq,56048
UpdateRouteReq,75082
UpdateRouteReq,56615
UpdateRouteReq,59197
UpdateRouteReq,34492
UpdateRouteReq,29331
UpdateRouteReq,22766
UpdateRouteReq,20177
UpdateRouteReq,21573
UpdateRouteReq,36728
UpdateRouteReq,58749
UpdateRouteReq,108237
UpdateRouteReq,64010
UpdateRouteReq,67869
UpdateRouteReq,35448
UpdateRouteReq,22292
UpdateRouteReq,20724
UpdateRouteReq,89258
UpdateRouteReq,129074
UpdateRouteReq,149020
UpdateRouteReq,62075
UpdateRouteReq,64865
UpdateRouteReq,24720
UpdateRouteReq,22715
UpdateRouteReq,20641
UpdateRouteReq,35329
UpdateRouteReq,38060
UpdateRouteReq,54353
UpdateRouteReq,62083
UpdateRouteReq,65807
UpdateRouteReq,34211
UpdateRouteReq,22269
UpdateRouteReq,20654
UpdateRouteReq,34555
UpdateRouteReq,37991
UpdateRouteReq,54322
UpdateRouteReq,59243
UpdateRouteReq,63458
UpdateRouteReq,24244
UpdateRouteReq,22486
UpdateRouteReq,20870
UpdateRouteReq,34189
UpdateRouteReq,37544
UpdateRouteReq,53497
UpdateRouteReq,60080
UpdateRouteReq,64476
UpdateRouteReq,34056
UpdateRouteReq,22815
UpdateRouteReq,20517
UpdateRouteReq,34260
UpdateRouteReq,29819
UpdateRouteReq,31027
UpdateRouteReq,59328
UpdateRouteReq,63552
UpdateRouteReq,23943
UpdateRouteReq,22364
UpdateRouteReq,20686
UpdateRouteReq,19773
UpdateRouteReq,22975
UpdateRouteReq,22574
UpdateRouteReq,33442
UpdateRouteReq,21995
UpdateRouteReq,60003
UpdateRouteReq,63942
UpdateRouteReq,33861
UpdateRouteReq,22599
UpdateRouteReq,37083
UpdateRouteReq,21237
UpdateRouteReq,38644
UpdateRouteReq,40181
UpdateRouteReq,55043
UpdateRouteReq,79133
UpdateRouteReq,62467
UpdateRouteReq,66971
UpdateRouteReq,25544
UpdateRouteReq,23797
UpdateRouteReq,22075
UpdateRouteReq,24005
UpdateRouteReq,25160
UpdateRouteReq,23679
UpdateRouteReq,22077
UpdateRouteReq,93849
UpdateRouteReq,124206
UpdateRouteReq,142704
UpdateRouteReq,146136
UpdateRouteReq,76283
UpdateRouteReq,35237
UpdateRouteReq,35599
UpdateRouteReq,25054
UpdateRouteReq,23874
UpdateRouteReq,24866
UpdateRouteReq,23454
UpdateRouteReq,24617
UpdateRouteReq,36405
UpdateRouteReq,33083
UpdateRouteReq,79611
UpdateRouteReq,69018
UpdateRouteReq,96394
UpdateRouteReq,33964
UpdateRouteReq,35011
UpdateRouteReq,48689
UpdateRouteReq,49893
UpdateRouteReq,32205
UpdateRouteReq,64298
UpdateRouteReq,68818
UpdateRouteReq,67274
UpdateRouteReq,81896
UpdateRouteReq,35814
UpdateRouteReq,36650
UpdateRouteReq,36094
UpdateRouteReq,32086
UpdateRouteReq,44777
UpdateRouteReq,36484
UpdateRouteReq,35912
UpdateRouteReq,32246
UpdateRouteReq,36200
UpdateRouteReq,36911
UpdateRouteReq,38627
UpdateRouteReq,40781
UpdateRouteReq,51591
UpdateRouteReq,44962
UpdateRouteReq,36402
UpdateRouteReq,38041
UpdateRouteReq,40394
UpdateRouteReq,58989
UpdateRouteReq,63191
UpdateRouteReq,67966
UpdateRouteReq,39876
UpdateRouteReq,41205
UpdateRouteReq,59899
UpdateRouteReq,93881
UpdateRouteReq,98524
UpdateRouteReq,121350
UpdateRouteReq,126049
UpdateRouteReq,34119
UpdateRouteReq,26178
UpdateRouteReq,25413
UpdateRouteReq,36385
UpdateRouteReq,34607
UpdateRouteReq,36882
UpdateRouteReq,21759
UpdateRouteReq,38766
UpdateRouteReq,40877
UpdateRouteReq,34955
UpdateRouteReq,23683
UpdateRouteReq,72021
UpdateRouteReq,94198
UpdateRouteReq,97102
UpdateRouteReq,46508
UpdateRouteReq,48331
UpdateRouteReq,42611
UpdateRouteReq,35477
UpdateRouteReq,36130
UpdateRouteReq,38536
UpdateRouteReq,40497
UpdateRouteReq,60540
UpdateRouteReq,34715
UpdateRouteReq,35582
UpdateRouteReq,35819
UpdateRouteReq,31971
UpdateRouteReq,35658
UpdateRouteReq,36240
UpdateRouteReq,39165
UpdateRouteReq,41043
UpdateRouteReq,61528
UpdateRouteReq,33141
UpdateRouteReq,33531
UpdateRouteReq,35229
UpdateRouteReq,36797
UpdateRouteReq,55760
UpdateRouteReq,70201
UpdateRouteReq,72426
UpdateRouteReq,95644
UpdateRouteReq,99946
UpdateRouteReq,102951
UpdateRouteReq,36783
UpdateRouteReq,38807
UpdateRouteReq,50202
UpdateRouteReq,72290
UpdateRouteReq,58242
UpdateRouteReq,61709
UpdateRouteReq,23610
UpdateRouteReq,21149
UpdateRouteReq,23863
UpdateRouteReq,22013
UpdateRouteReq,49402
UpdateRouteReq,32566
UpdateRouteReq,33625
UpdateRouteReq,33269
UpdateRouteReq,30106
UpdateRouteReq,78694
UpdateRouteReq,80804
UpdateRouteReq,104595
UpdateRouteReq,122035
UpdateRouteReq,124937
UpdateRouteReq,34419
UpdateRouteReq,36805
UpdateRouteReq,31538
UpdateRouteReq,22243
UpdateRouteReq,33556
UpdateRouteReq,34321
UpdateRouteReq,34569
UpdateRouteReq,36214
UpdateRouteReq,54674
UpdateRouteReq,95038
UpdateRouteReq,116502
UpdateRouteReq,133605
UpdateRouteReq,137036
UpdateRouteReq,64461
UpdateRouteReq,66719
UpdateRouteReq,71321
UpdateRouteReq,95066
UpdateRouteReq,59356
UpdateRouteReq,62414
UpdateRouteReq,30375
UpdateRouteReq,31185
UpdateRouteReq,21877
UpdateRouteReq,61579
UpdateRouteReq,63800
UpdateRouteReq,87122
UpdateRouteReq,32008
UpdateRouteReq,32931
UpdateRouteReq,23918
UpdateRouteReq,24622
UpdateRouteReq,21769
UpdateRouteReq,51643
UpdateRouteReq,72667
UpdateRouteReq,57108
UpdateRouteReq,60511
UpdateRouteReq,30872
UpdateRouteReq,32629
UpdateRouteReq,32185
UpdateRouteReq,21947
UpdateRouteReq,61590
UpdateRouteReq,63897
UpdateRouteReq,87136
UpdateRouteReq,57100
UpdateRouteReq,60635
UpdateRouteReq,35913
UpdateRouteReq,37386
UpdateRouteReq,54306
UpdateRouteReq,77621
UpdateRouteReq,99730
UpdateRouteReq,98378
UpdateRouteReq,102689
UpdateRouteReq,123267
UpdateRouteReq,66582
UpdateRouteReq,69908
UpdateRouteReq,34617
UpdateRouteReq,21971
UpdateRouteReq,61589
UpdateRouteReq,64241
UpdateRouteReq,87551
UpdateRouteReq,48809
UpdateRouteReq,68318
UpdateRouteReq,81110
UpdateRouteReq,85475
UpdateRouteReq,88543
FindNodeRsp,116302
FindNodeRsp,76661
FindNodeRsp,77006
FindNodeRsp,87551
PathSetupReq,138513
FindNodeRsp,79907
FindNodeReq,159248
FindNodeRsp,80394
FindNodeRsp,80633
FindNodeReq,155603
FindNodeRsp,80115
PNDiscReq,169631
FindNodeRsp,85495
FindNodeReq,155401
FindNodeRsp,82211
FindNodeRsp,81536
FindNodeReq,157155
FindNodeRsp,83031
FindNodeReq,183391
FindNodeReq,155256
FindNodeRsp,83448
FindNodeReq,155765
FindNodeRsp,82086
FindNodeReq,154336
FindNodeRsp,81929
FindNodeRsp,84059
FindNodeReq,153325
PathSetupReq,139006
FindNodeRsp,84808
FindNodeReq,156182
FindNodeRsp,82101
FindNodeReq,155569
FindNodeReq,154625
FindNodeRsp,82022
FindNodeReq,155480
FindNodeRsp,82296
FindNodeReq,154641
FindNodeReq,154026
FindNodeRsp,81478
FindNodeRsp,80925
FindNodeReq,153486
PNDiscReq,116361
FindNodeRsp,82220
FindNodeRsp,79604
Error,72837
FindNodeRsp,83031
FindNodeRsp,80438
FindNodeReq,152512
FindNodeReq,153996
PathSetupReq,139305
FindNodeReq,152061
FindNodeReq,151259
FindNodeRsp,75317
FindNodeRsp,76044
FindNodeRsp,73438
FindNodeRsp,75091
FindNodeRsp,73380
FindNodeRsp,78945
UpdateRouteReq,234327
FindNodeRsp,77383
UpdateRouteReq,74848
Error,118315
Error,84314
Error,77192
Error,42937
FindNodeReq,136057
FindNodeRsp,53135
FindNodeReq,136301
FindNodeRsp,54044
Error,103343
Error,82442
Error,77520
Error,42808
UpdateRouteReq,71959
UpdateRouteReq,62211
FindNodeRsp,84623
UpdateRouteReq,82111
FindNodeReq,133673
Error,126365
Error,47203
FindNodeReq,135724
FindNodeRsp,81542
UpdateRouteReq,76292
FindNodeReq,132429
Error,100518
Error,80475
Error,74755
Error,41390
FindNodeRsp,49857
FindNodeReq,131099
FindNodeRsp,51259
FindNodeRsp,80530
UpdateRouteReq,73986
FindNodeReq,131513
FindNodeRsp,51667
FindNodeReq,131337
FindNodeRsp,81838
UpdateRouteReq,74663
FindNodeReq,131375
FindNodeReq,131067
FindNodeRsp,51604
FindNodeRsp,54367
FindNodeReq,131299
FindNodeRsp,50408
FindNodeReq,132173
FindNodeRsp,50415
FindNodeReq,131217
FindNodeRsp,50312
FindNodeReq,131564
FindNodeRsp,49555
FindNodeReq,152725
FindNodeRsp,49686
FindNodeReq,131094
FindNodeRsp,50491
FindNodeReq,131499
FindNodeRsp,50644
FindNodeReq,128889
FindNodeRsp,50811
FindNodeReq,131490
FindNodeRsp,49679
FindNodeReq,130686
FindNodeRsp,49995
FindNodeReq,131382
FindNodeRsp,50583
FindNodeReq,131687
FindNodeReq,131185
FindNodeRsp,50246
FindNodeReq,123198
FindNodeRsp,55339
FindNodeRsp,51949
FindNodeReq,131413
FindNodeRsp,50710
FindNodeReq,131733
FindNodeRsp,51265
FindNodeReq,131270
FindNodeRsp,51559
FindNodeReq,133030
FindNodeRsp,50885
FindNodeReq,133586
FindNodeRsp,52622
FindNodeReq,132344
FindNodeRsp,55057
FindNodeReq,133361
FindNodeRsp,53715
FindNodeReq,132705
FindNodeRsp,52159
FindNodeReq,131842
FindNodeRsp,54558
FindNodeReq,131237
FindNodeRsp,54231
PathSetupReq,51946
FindNodeReq,132617
FindNodeRsp,55010
FindNodeReq,131520
FindNodeReq,132449
FindNodeRsp,54604
FindNodeRsp,57475
FindNodeReq,132725
FindNodeRsp,55436
FindNodeReq,113742
FindNodeRsp,46211
FindNodeReq,177206
FindNodeRsp,54034
FindNodeReq,174070
FindNodeRsp,57979
FindNodeReq,140616
FindNodeRsp,54762
FindNodeReq,138443
FindNodeRsp,54308
FindNodeReq,140389
FindNodeRsp,55299
FindNodeReq,140933
FindNodeRsp,54664
FindNodeReq,141469
FindNodeRsp,54339
PNDiscReq,114925
FindNodeReq,166344
FindNodeRsp,71146
FindNodeReq,139515
FindNodeRsp,58107
FindNodeReq,75736
FindNodeReq,139252
FindNodeRsp,52532
FindNodeReq,159153
FindNodeRsp,57710
FindNodeRsp,53643
FindNodeReq,73982
FindNodeRsp,52697
FindNodeReq,73580
FindNodeRsp,53379
FindNodeReq,139531
FindNodeRsp,53059
FindNodeReq,136979
FindNodeRsp,54315
FindNodeReq,137965
FindNodeRsp,52214
FindNodeReq,138501
FindNodeRsp,53341
FindNodeReq,137633
FindNodeRsp,53442
FindNodeReq,139029
FindNodeRsp,52953
FindNodeReq,140369
FindNodeRsp,51471
FindNodeReq,138411
FindNodeRsp,52620
FindNodeReq,138225
FindNodeRsp,51567
FindNodeReq,138645
FindNodeReq,137406
FindNodeRsp,52739
FindNodeRsp,57931
FindNodeReq,140665
FindNodeRsp,55390
FindNodeReq,139265
FindNodeRsp,55143
FindNodeReq,139197
FindNodeRsp,55369
FindNodeReq,138626
FindNodeRsp,55512
FindNodeReq,139842
FindNodeRsp,56190
FindNodeReq,141028
FindNodeRsp,55138
FindNodeReq,162137
FindNodeRsp,55481
FindNodeReq,137905
FindNodeRsp,55495
FindNodeReq,138597
FindNodeRsp,55426
FindNodeReq,139615
FindNodeRsp,55351
FindNodeReq,138681
FindNodeRsp,55177
FindNodeReq,140453
FindNodeReq,137737
FindNodeRsp,53712
FindNodeReq,162235
FindNodeRsp,58533
FindNodeRsp,53869
FindNodeReq,138016
FindNodeRsp,54187
FindNodeReq,137639
FindNodeRsp,54506
FindNodeReq,140082
FindNodeRsp,55257
FindNodeReq,139310
FindNodeRsp,55775
FindNodeReq,137621
FindNodeRsp,53817
FindNodeReq,138019
FindNodeRsp,53887
FindNodeReq,137833
FindNodeRsp,54746
FindNodeReq,138257
FindNodeRsp,55062
FindNodeReq,138457
FindNodeRsp,55777
FindNodeReq,165469
FindNodeRsp,54678
PathSetupReq,50863
FindNodeReq,138116
FindNodeRsp,54565
FindNodeReq,140137
FindNodeReq,164460
FindNodeRsp,52441
FindNodeRsp,78394
FindNodeReq,139748
FindNodeRsp,53982
FindNodeReq,138903
FindNodeRsp,53969
FindNodeReq,138988
FindNodeRsp,52741
FindNodeReq,138853
FindNodeRsp,53427
FindNodeReq,139321
FindNodeRsp,54204
FindNodeReq,139213
FindNodeRsp,53229
FindNodeReq,139993
FindNodeRsp,52287
FindNodeReq,143705
FindNodeRsp,53042
FindNodeReq,141325
FindNodeRsp,53846
FindNodeReq,141160
FindNodeRsp,52517
FindNodeReq,139312
FindNodeRsp,53643
FindNodeReq,140082
FindNodeReq,138648
FindNodeRsp,53765
FindNodeRsp,57223
FindNodeReq,140528
FindNodeRsp,53918
FindNodeReq,139297
FindNodeRsp,52848
FindNodeReq,139889
FindNodeRsp,52443
FindNodeReq,139322
FindNodeRsp,53599
FindNodeRsp,53326
UpdateRouteReq,41652
FindNodeReq,140703
FindNodeRsp,52939
FindNodeReq,141755
FindNodeRsp,58878
UpdateRouteReq,44275
FindNodeReq,142895
FindNodeRsp,53744
FindNodeReq,140257
FindNodeRsp,53612
FindNodeRsp,57295
UpdateRouteReq,44279
FindNodeReq,141086
FindNodeRsp,52735
FindNodeReq,141513
FindNodeRsp,57694
UpdateRouteReq,43607
FindNodeReq,141985
FindNodeReq,160385
FindNodeRsp,52728
FindNodeRsp,56884
FindNodeReq,139189
FindNodeRsp,52118
UpdateRouteReq,73387
UpdateRouteReq,67226
UpdateRouteReq,71211
UpdateRouteReq,63319
FindNodeRsp,113206
UpdateRouteReq,74286
PathSetupReq,62298
UpdateRouteReq,70364
QueryRouteRsp,110965
QueryRouteRsp,76967
FindNodeReq,157286
FindNodeRsp,79804
FindNodeReq,161418
FindNodeRsp,101290
FindNodeReq,163577
FindNodeRsp,103467
FindNodeReq,151904
FindNodeRsp,103014
FindNodeReq,161797
FindNodeReq,154017
FindNodeRsp,102910
FindNodeReq,157387
FindNodeReq,152428
FindNodeRsp,104647
FindNodeReq,163253
FindNodeReq,153721
FindNodeRsp,89891
PNDiscReq,161820
FindNodeReq,162639
FindNodeRsp,101034
FindNodeReq,165176
FindNodeRsp,108083
FindNodeReq,154596
FindNodeReq,152603
FindNodeRsp,94674
FindNodeRsp,97137
FindNodeRsp,89558
FindNodeRsp,79275
FindNodeRsp,81189
FindNodeRsp,103234
FindNodeReq,160726
FindNodeReq,156149
FindNodeRsp,105836
FindNodeReq,161307
FindNodeRsp,96698
FindNodeRsp,80238
FindNodeReq,164628
FindNodeReq,153788
FindNodeRsp,92418
FindNodeRsp,81961
FindNodeReq,159176
FindNodeReq,152781
FindNodeRsp,99422
PathSetupReq,64858
FindNodeRsp,82412
PathSetupReq,55703
FindNodeReq,153285
PathSetupReq,65516
FindNodeRsp,89480
FindNodeReq,152523
FindNodeRsp,91825
FindNodeRsp,85874
FindNodeRsp,136122
FindNodeReq,160051
FindNodeRsp,98918
FindNodeReq,159041
FindNodeRsp,88236
PathSetupReq,76897
FindNodeRsp,100170
FindNodeReq,164612
FindNodeRsp,83973
FindNodeReq,151434
FindNodeRsp,108529
FindNodeReq,163305
FindNodeRsp,104851
FindNodeRsp,134477
FindNodeRsp,99343
FindNodeRsp,80711
FindNodeRsp,104241
FindNodeReq,152875
FindNodeRsp,94992
FindNodeRsp,86552
FindNodeReq,152818
FindNodeRsp,103030
FindNodeReq,155961
FindNodeRsp,107315
FindNodeRsp,101872
FindNodeReq,162788
FindNodeRsp,92956
FindNodeReq,156513
FindNodeRsp,114882
FindNodeRsp,87204
FindNodeRsp,97336
FindNodeReq,156032
FindNodeRsp,81173
FindNodeRsp,103270
FindNodeRsp,91547
FindNodeReq,162471
FindNodeRsp,98434
FindNodeReq,166009
FindNodeRsp,94016
FindNodeReq,153779
FindNodeRsp,80673
FindNodeRsp,83415
FindNodeRsp,82954
FindNodeRsp,92978
FindNodeRsp,102890
FindNodeReq,159609
FindNodeRsp,98114
FindNodeReq,161202
FindNodeReq,152797
FindNodeRsp,99318
FindNodeReq,159247
UpdateRouteReq,99673
UpdateRouteReq,73402
PathTeardownReq,50771
FindNodeReq,139192
FindNodeRsp,87558
UpdateRouteReq,91869
UpdateRouteReq,73308
UpdateRouteReq,64703
PathSetupReq,47974
FindNodeReq,160276
FindNodeRsp,91923
FindNodeRsp,98270
UpdateRouteReq,96014
UpdateRouteReq,74688
PathTeardownReq,53395
FindNodeRsp,79693
FindNodeReq,165515
UpdateRouteReq,81086
PathSetupReq,62867
UpdateRouteReq,72442
UpdateRouteReq,71875
FindNodeReq,153073
FindNodeRsp,91694
FindNodeRsp,81554
FindNodeReq,161393
FindNodeReq,153067
FindNodeRsp,96669
FindNodeReq,156080
FindNodeRsp,93860
FindNodeReq,158580
FindNodeRsp,107003
UpdateRouteReq,100014
UpdateRouteReq,74069
PathTeardownReq,57113
FindNodeRsp,91869
FindNodeRsp,100479
FindNodeRsp,86834
FindNodeReq,162196
FindNodeRsp,91654
FindNodeRsp,81862
FindNodeReq,156249
FindNodeRsp,95176
UpdateRouteReq,101384
PathSetupReq,67117
UpdateRouteReq,80882
UpdateRouteReq,77106
FindNodeReq,156864
FindNodeRsp,143591
UpdateRouteReq,87952
UpdateRouteReq,62216
PathTeardownReq,50154
FindNodeRsp,89004
UpdateRouteReq,56517
PathSetupReq,44132
FindNodeReq,164980
FindNodeReq,157805
FindNodeRsp,102233
FindNodeReq,162120
PathSetupReq,66602
FindNodeReq,160606
UpdateRouteReq,82933
FindNodeRsp,84429
PathSetupReq,57026
UpdateRouteReq,79124
FindNodeReq,154024
PathSetupReq,61052
FindNodeReq,152196
FindNodeRsp,92787
FindNodeRsp,88226
FindNodeRsp,79082
UpdateRouteReq,77474
UpdateRouteReq,55574
PathTeardownReq,44795
FindNodeRsp,88000
FindNodeRsp,91779
UpdateRouteReq,56307
PathSetupReq,44547
FindNodeReq,159294
UpdateRouteReq,81032
FindNodeRsp,100098
FindNodeReq,166742
UpdateRouteReq,78962
PathSetupReq,58819
FindNodeRsp,93640
FindNodeReq,161488
FindNodeRsp,100982
UpdateRouteReq,78254
UpdateRouteReq,55934
PathTeardownReq,48431
FindNodeRsp,77025
UpdateRouteReq,54991
PathSetupReq,40097
FindNodeReq,162115
UpdateRouteReq,79629
FindNodeReq,158590
FindNodeRsp,89622
FindNodeReq,161056
UpdateRouteReq,83193
FindNodeRsp,80370
UpdateRouteReq,80935
FindNodeReq,157210
PNDiscReq,126813
FindNodeRsp,91354
FindNodeRsp,108766
FindNodeReq,162435
FindNodeRsp,80549
FindNodeReq,153026
FindNodeReq,152337
FindNodeReq,158289
FindNodeRsp,88844
FindNodeReq,159939
FindNodeRsp,85546
FindNodeRsp,93932
FindNodeRsp,79651
FindNodeRsp,94168
FindNodeReq,164037
FindNodeRsp,84685
FindNodeReq,179596
UpdateRouteReq,48605
FindNodeRsp,100021
FindNodeReq,155298
FindNodeRsp,96098
FindNodeReq,160952
UpdateRouteReq,61363
FindNodeRsp,71841
FindNodeReq,154860
FindNodeReq,159604
FindNodeReq,144937
FindNodeReq,94970
FindNodeReq,76702
FindNodeReq,71170
UpdateRouteReq,44051
UpdateRouteReq,57311
FindNodeRsp,74253
FindNodeRsp,91432
FindNodeRsp,88798
UpdateRouteReq,49902
FindNodeReq,154901
FindNodeRsp,86079
FindNodeReq,162755
UpdateRouteReq,72723
FindNodeRsp,75506
FindNodeRsp,85304
FindNodeRsp,101306
FindNodeRsp,81067
FindNodeReq,154056
FindNodeReq,165157
UpdateRouteReq,56897
FindNodeRsp,91653
FindNodeReq,161340
FindNodeReq,156042
FindNodeReq,152849
FindNodeRsp,94782
FindNodeReq,159611
FindNodeRsp,94723
FindNodeRsp,93994
FindNodeReq,155903
FindNodeRsp,90096
FindNodeRsp,81634
FindNodeReq,145346
FindNodeReq,93407
FindNodeReq,82274
FindNodeReq,75107
UpdateRouteReq,44050
UpdateRouteReq,72985
FindNodeRsp,100442
FindNodeReq,154332
FindNodeRsp,93843
FindNodeReq,152306
FindNodeReq,161648
FindNodeRsp,92434
FindNodeReq,154305
FindNodeRsp,91946
FindNodeReq,143901
FindNodeReq,94086
FindNodeReq,78313
FindNodeReq,72604
UpdateRouteReq,44551
FindNodeRsp,119279
UpdateRouteReq,116287
FindNodeReq,163084
FindNodeRsp,85262
FindNodeRsp,96529
FindNodeReq,153395
FindNodeReq,153895
FindNodeRsp,100246
FindNodeRsp,103724
FindNodeRsp,81416
FindNodeReq,149597
FindNodeRsp,121261
FindNodeReq,164592
FindNodeReq,143608
FindNodeReq,92529
FindNodeReq,79219
FindNodeReq,74779
UpdateRouteReq,45759
UpdateRouteReq,63389
FindNodeRsp,95548
FindNodeReq,164337
FindNodeReq,154603
FindNodeRsp,83892
FindNodeReq,164329
FindNodeReq,163836
FindNodeRsp,96541
FindNodeReq,161770
FindNodeRsp,82025
FindNodeRsp,95283
FindNodeReq,161953
PathSetupReq,64293
FindNodeReq,161979
FindNodeReq,145883
FindNodeReq,92710
FindNodeReq,77346
FindNodeReq,72606
UpdateRouteReq,45217
UpdateRouteReq,71609
FindNodeRsp,91682
PathSetupReq,61683
FindNodeReq,156598
FindNodeRsp,90683
FindNodeReq,153705
FindNodeRsp,170684
FindNodeRsp,93184
FindNodeRsp,96295
FindNodeRsp,84147
FindNodeRsp,98660
FindNodeReq,151835
PathSetupReq,40107
FindNodeReq,156756
FindNodeRsp,93071
FindNodeReq,160425
FindNodeReq,144444
FindNodeReq,95617
FindNodeReq,80623
FindNodeReq,72473
UpdateRouteReq,44971
UpdateRouteReq,64065
FindNodeRsp,133427
FindNodeRsp,83720
FindNodeReq,159311
FindNodeReq,153206
FindNodeReq,153509
FindNodeRsp,98398
FindNodeReq,154176
FindNodeReq,146595
FindNodeReq,91802
FindNodeReq,77406
FindNodeReq,72547
UpdateRouteReq,44228
UpdateRouteReq,70338
FindNodeRsp,96328
FindNodeReq,163633
FindNodeRsp,91891
FindNodeReq,162301
FindNodeRsp,90732
FindNodeReq,155621
FindNodeReq,156882
FindNodeRsp,92613
FindNodeReq,154226
FindNodeReq,145037
FindNodeReq,94099
FindNodeReq,80323
FindNodeReq,73611
UpdateRouteReq,44790
FindNodeRsp,113483
UpdateRouteReq,111663
FindNodeRsp,86065
FindNodeRsp,91772
FindNodeReq,152629
FindNodeReq,164230
FindNodeReq,157877
FindNodeRsp,94532
FindNodeReq,163552
FindNodeRsp,91138
FindNodeRsp,103814
FindNodeReq,146275
FindNodeReq,90289
FindNodeReq,74479
FindNodeReq,71515
UpdateRouteReq,44187
FindNodeReq,161043
UpdateRouteReq,53855
FindNodeRsp,81642
FindNodeReq,157536
FindNodeRsp,84363
FindNodeRsp,83749
FindNodeReq,158264
FindNodeRsp,116638
FindNodeReq,145226
FindNodeReq,92493
FindNodeReq,75818
FindNodeReq,73210
UpdateRouteReq,44790
FindNodeReq,159348
UpdateRouteReq,54811
FindNodeRsp,81248
FindNodeReq,163020
FindNodeRsp,94250
FindNodeReq,154129
FindNodeRsp,83947
FindNodeReq,157840
FindNodeReq,153908
FindNodeRsp,92452
FindNodeReq,250913
FindNodeReq,159180
FindNodeRsp,87140
FindNodeRsp,81198
FindNodeRsp,84980
FindNodeReq,161889
FindNodeReq,160665
FindNodeReq,154732
FindNodeRsp,94526
FindNodeReq,145237
FindNodeReq,121806
FindNodeReq,178098
FindNodeReq,92946
UpdateRouteReq,45799
FindNodeRsp,90374
UpdateRouteReq,48836
FindNodeReq,158201
FindNodeReq,150801
FindNodeRsp,80433
FindNodeReq,151384
FindNodeRsp,100067
UpdateRouteReq,81144
UpdateRouteReq,52927
PathTeardownReq,66213
FindNodeReq,151406
FindNodeReq,142713
FindNodeReq,92080
FindNodeReq,76342
FindNodeReq,72070
UpdateRouteReq,45639
UpdateRouteReq,72502
UpdateRouteReq,76286
PathSetupReq,63151
UpdateRouteReq,55339
UpdateRouteReq,72279
FindNodeRsp,77900
FindNodeReq,161378
UpdateRouteReq,72460
UpdateRouteReq,50771
FindNodeRsp,89726
FindNodeReq,153970
FindNodeReq,152106
UpdateRouteReq,78855
UpdateRouteReq,59529
PathTeardownReq,70631
FindNodeRsp,94188
FindNodeReq,161111
FindNodeReq,154820
FindNodeReq,157688
PNDiscReq,128217
FindNodeRsp,89296
UpdateRouteReq,57418
PathSetupReq,44652
UpdateRouteReq,79144
UpdateRouteReq,51417
FindNodeReq,154127
FindNodeReq,164628
FindNodeRsp,77458
FindNodeReq,160261
FindNodeReq,156162
FindNodeRsp,92874
FindNodeReq,152613
FindNodeRsp,85444
FindNodeReq,159316
FindNodeRsp,81679
FindNodeReq,157654
UpdateRouteReq,78665
UpdateRouteReq,81173
PathTeardownReq,70355
FindNodeRsp,87949
FindNodeRsp,90002
FindNodeReq,157569
FindNodeReq,144283
FindNodeReq,92478
FindNodeReq,75824
UpdateRouteReq,45133
UpdateRouteReq,72382
UpdateRouteReq,78382
PathSetupReq,68812
UpdateRouteReq,79644
FindNodeRsp,112133
UpdateRouteReq,112623
FindNodeReq,159857
UpdateRouteReq,73385
UpdateRouteReq,48413
FindNodeRsp,80736
FindNodeReq,161807
FindNodeReq,152826
FindNodeReq,154674
FindNodeRsp,80176
FindNodeRsp,93670
FindNodeRsp,89442
FindNodeReq,162957
FindNodeReq,158766
FindNodeRsp,104500
FindNodeReq,161777
UpdateRouteReq,74096
UpdateRouteReq,59137
PathTeardownReq,70351
FindNodeRsp,100184
FindNodeRsp,88369
UpdateRouteReq,55426
PathSetupReq,42012
PathSetupReq,66570
UpdateRouteReq,81802
UpdateRouteReq,80533
PathSetupReq,54850
FindNodeRsp,98980
PathSetupReq,60700
FindNodeReq,154522
FindNodeRsp,82175
FindNodeRsp,84221
FindNodeRsp,94664
UpdateRouteReq,77927
UpdateRouteReq,78456
PathTeardownReq,67378
FindNodeRsp,99990
UpdateRouteReq,73234
UpdateRouteReq,49795
PathSetupReq,39367
FindNodeReq,143785
FindNodeReq,91289
FindNodeReq,75199
UpdateRouteReq,44181
UpdateRouteReq,77012
UpdateRouteReq,61087
FindNodeRsp,86514
FindNodeReq,153695
FindNodeRsp,78641
PathSetupReq,57841
FindNodeRsp,93220
FindNodeReq,161577
FindNodeReq,154782
FindNodeRsp,96423
UpdateRouteReq,79259
UpdateRouteReq,79347
PathTeardownReq,70371
FindNodeRsp,83038
UpdateRouteReq,77831
UpdateRouteReq,51022
PathSetupReq,63906
FindNodeReq,144604
FindNodeReq,90362
FindNodeReq,73432
FindNodeReq,70903
UpdateRouteReq,43903
FindNodeRsp,111268
UpdateRouteReq,110592
FindNodeReq,152473
FindNodeRsp,88258
FindNodeReq,159768
FindNodeRsp,80129
FindNodeReq,150899
FindNodeRsp,91318
FindNodeReq,153944
FindNodeRsp,77939
FindNodeReq,154156
FindNodeReq,153757
FindNodeRsp,92236
FindNodeReq,162198
FindNodeRsp,83952
FindNodeReq,153922
FindNodeRsp,89505
FindNodeReq,160301
FindNodeReq,143579
FindNodeReq,90147
FindNodeReq,74260
FindNodeReq,71518
UpdateRouteReq,43955
UpdateRouteReq,62815
FindNodeRsp,92606
FindNodeReq,159864
FindNodeReq,151416
FindNodeRsp,98631
FindNodeRsp,90917
FindNodeRsp,91022
FindNodeReq,162457
FindNodeRsp,94038
FindNodeReq,177275
FindNodeRsp,91640
FindNodeReq,144188
FindNodeReq,92846
FindNodeReq,79027
FindNodeReq,72335
UpdateRouteReq,45757
UpdateRouteReq,61272
FindNodeRsp,87741
FindNodeReq,162364
FindNodeRsp,98482
FindNodeReq,162209
FindNodeRsp,80890
FindNodeReq,154662
FindNodeReq,152261
FindNodeRsp,89306
FindNodeReq,143902
FindNodeReq,90958
FindNodeReq,77166
FindNodeReq,73019
UpdateRouteReq,42670
FindNodeReq,157533
UpdateRouteReq,55900
FindNodeRsp,90902
FindNodeReq,163401
FindNodeRsp,85376
FindNodeRsp,92833
FindNodeReq,152883
FindNodeReq,155428
FindNodeRsp,80195
FindNodeRsp,82104
FindNodeReq,163045
FindNodeRsp,80050
FindNodeReq,145377
FindNodeReq,95380
FindNodeReq,81442
FindNodeReq,74936
UpdateRouteReq,48011
UpdateRouteReq,70845
FindNodeRsp,90658
FindNodeReq,162540
FindNodeRsp,93861
FindNodeReq,153091
FindNodeReq,162818
FindNodeRsp,88893
FindNodeReq,146604
FindNodeReq,95828
FindNodeReq,78362
FindNodeReq,75255
UpdateRouteReq,43549
FindNodeReq,160212
UpdateRouteReq,54457
FindNodeRsp,80670
FindNodeReq,162283
FindNodeReq,157050
FindNodeRsp,96119
FindNodeReq,155628
FindNodeReq,162744
FindNodeReq,141431
FindNodeRsp,91938
FindNodeReq,145013
FindNodeReq,93589
FindNodeReq,79496
FindNodeReq,72674
UpdateRouteReq,44286
UpdateRouteReq,70090
FindNodeRsp,91015
FindNodeRsp,79074
FindNodeReq,155624
FindNodeReq,153700
FindNodeRsp,103618
FindNodeRsp,83027
FindNodeRsp,92888
FindNodeReq,143069
FindNodeReq,95690
FindNodeReq,77051
FindNodeReq,71688
UpdateRouteReq,43087
UpdateRouteReq,60526
FindNodeRsp,81891
FindNodeReq,158317
FindNodeRsp,94896
FindNodeReq,154397
FindNodeRsp,97503
FindNodeReq,160261
FindNodeRsp,112975
FindNodeReq,199277
FindNodeReq,154004
FindNodeRsp,89785
FindNodeRsp,108427
FindNodeReq,154335
FindNodeReq,144159
FindNodeReq,93065
FindNodeReq,79247
FindNodeReq,74524
UpdateRouteReq,43599
UpdateRouteReq,72313
FindNodeRsp,90229
FindNodeRsp,89461
FindNodeRsp,88569
PathSetupReq,63071
PathSetupReq,87100
FindNodeRsp,120274
FindNodeReq,163960
PathSetupReq,61739
FindNodeReq,156646
FindNodeReq,154585
FindNodeReq,145977
FindNodeReq,97718
FindNodeReq,79058
FindNodeReq,74477
UpdateRouteReq,44519
UpdateRouteReq,50255
FindNodeRsp,70486
FindNodeRsp,84609
FindNodeRsp,86908
FindNodeReq,153395
FindNodeRsp,99914
FindNodeReq,160506
FindNodeRsp,84263
PathSetupReq,82586
FindNodeRsp,99970
