PNHello,217189
PNDiscRsp,86706
UpdateRouteReq,48497
QueryRouteRsp,95422
QueryRouteReq,77571
UpdateRouteReq,45585
QueryRouteRsp,70804
QueryRouteReq,71058
PathSetupReq,50481
FindNodeRsp,119301
PathSetupReq,54751
FindNodeReq,177412
PNDiscReq,175547
QueryRouteRsp,113154
QueryRouteReq,74885
UpdateRouteReq,87130
UpdateRouteReq,69922
QueryRouteRsp,174025
QueryRouteReq,113060
UpdateRouteReq,199981
UpdateRouteReq,52841
PathSetupReq,38069
FindNodeReq,159888
FindNodeRsp,174003
PNHello,142687
PNDiscRsp,69609
UpdateRouteReq,83777
FindNodeRsp,159772
FindNodeReq,193440
FindNodeRsp,121177
PNDiscReq,266040
PNHello,205374
PNDiscRsp,66082
FindNodeRsp,133950
FindNodeReq,160681
FindNodeReq,174215
FindNodeRsp,138022
FindNodeReq,171958
FindNodeRsp,126865
FindNodeRsp,130593
FindNodeReq,103937
FindNodeRsp,136801
PNHello,70549
PNDiscRsp,33735
FindNodeReq,285986
PNDiscReq,125506
FindNodeRsp,126744
FindNodeReq,175424
FindNodeReq,105872
FindNodeRsp,126376
FindNodeRsp,130372
FindNodeRsp,111108
FindNodeRsp,133547
FindNodeRsp,120662
FindNodeReq,110783
FindNodeRsp,131699
FindNodeRsp,125847
FindNodeReq,168140
FindNodeRsp,130701
FindNodeReq,166310
FindNodeRsp,121711
FindNodeRsp,126573
FindNodeReq,167922
FindNodeReq,167871
FindNodeReq,172661
FindNodeRsp,119585
PNHello,126341
PNDiscRsp,66478
FindNodeRsp,128449
FindNodeReq,172560
FindNodeRsp,128524
FindNodeRsp,134761
FindNodeReq,174203
PNDiscReq,123465
FindNodeRsp,121273
FindNodeRsp,124732
FindNodeReq,173388
FindNodeReq,109497
FindNodeRsp,148042
FindNodeRsp,103698
FindNodeReq,169131
FindNodeRsp,129286
FindNodeReq,177463
FindNodeRsp,134599
FindNodeReq,166107
FindNodeRsp,127133
FindNodeReq,156454
FindNodeRsp,132401
FindNodeReq,166824
FindNodeRsp,121024
FindNodeRsp,109222
FindNodeRsp,127714
FindNodeRsp,124781
FindNodeRsp,134134
FindNodeReq,267314
FindNodeReq,139224
FindNodeReq,194014
FindNodeRsp,128997
FindNodeReq,176259
FindNodeRsp,119500
FindNodeRsp,128661
FindNodeReq,175341
FindNodeReq,100464
FindNodeReq,110945
FindNodeReq,189407
FindNodeReq,242258
FindNodeRsp,122561
FindNodeRsp,133530
FindNodeRsp,142819
FindNodeRsp,134433
FindNodeRsp,136499
FindNodeReq,165491
PNHello,121453
PNDiscRsp,67741
FindNodeRsp,122828
FindNodeRsp,126106
FindNodeReq,173364
FindNodeRsp,118948
FindNodeReq,167977
FindNodeReq,175802
FindNodeRsp,115866
FindNodeRsp,121725
FindNodeReq,167197
FindNodeRsp,108198
FindNodeReq,123384
FindNodeRsp,105754
FindNodeReq,161408
FindNodeRsp,122947
PNDiscReq,122079
FindNodeRsp,133517
FindNodeRsp,140817
FindNodeRsp,131125
PathSetupReq,88003
PathSetupReq,87749
FindNodeReq,174660
FindNodeReq,226059
FindNodeReq,167420
FindNodeRsp,126261
FindNodeRsp,101870
FindNodeRsp,96730
FindNodeRsp,126929
FindNodeReq,173244
PathSetupReq,93612
PathSetupReq,90841
PathSetupReq,121959
PathSetupReq,63542
FindNodeRsp,104217
PathSetupReq,36918
PathSetupReq,58501
PathSetupReq,142624
FindNodeRsp,132339
FindNodeReq,161392
FindNodeRsp,121110
FindNodeReq,159231
FindNodeReq,165410
FindNodeRsp,117477
FindNodeReq,159023
FindNodeRsp,117471
FindNodeRsp,129663
FindNodeReq,169644
FindNodeRsp,139182
FindNodeReq,165272
FindNodeRsp,133852
FindNodeReq,164518
FindNodeRsp,131917
FindNodeReq,166068
FindNodeRsp,119012
FindNodeRsp,131593
FindNodeReq,164195
FindNodeReq,175703
FindNodeReq,176556
FindNodeReq,173324
FindNodeRsp,151220
FindNodeReq,161675
FindNodeRsp,137330
FindNodeRsp,131180
FindNodeReq,169249
FindNodeRsp,129445
FindNodeRsp,118385
FindNodeRsp,121185
FindNodeRsp,134989
FindNodeReq,161676
FindNodeRsp,124733
FindNodeReq,169348
FindNodeRsp,124537
FindNodeReq,168119
FindNodeRsp,121481
FindNodeReq,225699
FindNodeRsp,126990
FindNodeRsp,118951
FindNodeReq,175040
FindNodeReq,170632
FindNodeRsp,111473
FindNodeReq,177085
FindNodeRsp,123201
FindNodeRsp,120230
FindNodeReq,175089
FindNodeReq,175981
FindNodeReq,174476
FindNodeRsp,132664
FindNodeRsp,104350
FindNodeRsp,100071
FindNodeRsp,126997
FindNodeReq,169036
FindNodeRsp,112849
PNHello,124041
PNDiscRsp,67018
FindNodeReq,195410
FindNodeRsp,129486
FindNodeRsp,127161
FindNodeReq,169567
FindNodeReq,199461
FindNodeRsp,282388
FindNodeReq,165846
FindNodeRsp,119858
FindNodeReq,166712
FindNodeRsp,111626
FindNodeReq,191455
FindNodeReq,167714
FindNodeRsp,127153
FindNodeRsp,124575
FindNodeRsp,101256
FindNodeRsp,119726
FindNodeReq,219275
FindNodeRsp,106106
FindNodeReq,175901
FindNodeReq,176332
FindNodeReq,175471
FindNodeReq,125206
FindNodeRsp,125649
FindNodeRsp,135017
FindNodeRsp,103149
FindNodeRsp,135049
FindNodeRsp,118858
FindNodeRsp,121401
FindNodeReq,177416
FindNodeReq,219374
FindNodeRsp,118672
FindNodeRsp,123183
FindNodeReq,187263
FindNodeReq,240189
FindNodeReq,173144
FindNodeRsp,120772
FindNodeReq,164684
FindNodeReq,174483
FindNodeRsp,130310
FindNodeRsp,155567
PNDiscReq,161018
FindNodeRsp,121509
FindNodeRsp,117941
FindNodeReq,167896
FindNodeRsp,157993
FindNodeRsp,121957
FindNodeRsp,126692
PathSetupReq,85487
PathSetupReq,116617
FindNodeReq,196416
FindNodeReq,175028
FindNodeReq,176244
FindNodeReq,173375
FindNodeRsp,130005
FindNodeRsp,130049
FindNodeRsp,131085
FindNodeRsp,124687
PathSetupReq,58943
PathSetupReq,76086
PathSetupReq,35369
PathSetupReq,44881
PathSetupReq,58146
PathSetupReq,55462
PathSetupReq,112198
FindNodeRsp,124281
FindNodeReq,264955
FindNodeRsp,113415
FindNodeRsp,120744
FindNodeRsp,121677
FindNodeReq,155217
FindNodeRsp,126005
FindNodeReq,170573
FindNodeRsp,117167
FindNodeReq,163431
FindNodeRsp,111586
FindNodeRsp,132957
FindNodeRsp,130708
FindNodeRsp,124057
FindNodeReq,167452
FindNodeRsp,126883
FindNodeReq,176498
FindNodeReq,174742
FindNodeRsp,107978
FindNodeRsp,148453
FindNodeRsp,109930
FindNodeReq,198047
FindNodeRsp,129861
FindNodeReq,219135
FindNodeRsp,128965
FindNodeRsp,123525
FindNodeRsp,139186
FindNodeReq,122141
FindNodeRsp,116986
FindNodeRsp,131513
FindNodeReq,167528
FindNodeRsp,127986
FindNodeRsp,126749
FindNodeRsp,131947
FindNodeRsp,127397
FindNodeReq,173516
FindNodeReq,191769
FindNodeRsp,130490
FindNodeRsp,132664
FindNodeReq,176416
FindNodeReq,175461
FindNodeRsp,149843
FindNodeRsp,129000
FindNodeRsp,109745
FindNodeReq,160201
FindNodeRsp,118498
FindNodeRsp,125629
FindNodeRsp,104686
FindNodeRsp,133409
FindNodeRsp,122868
FindNodeReq,158848
FindNodeRsp,129185
FindNodeReq,166210
FindNodeRsp,156061
FindNodeReq,225155
FindNodeRsp,131971
FindNodeRsp,127265
FindNodeReq,166062
FindNodeReq,194496
FindNodeRsp,121496
FindNodeRsp,129801
FindNodeReq,175280
FindNodeReq,174975
FindNodeRsp,123144
FindNodeRsp,129741
FindNodeRsp,108208
FindNodeRsp,106140
FindNodeRsp,136796
FindNodeReq,119109
FindNodeRsp,117307
FindNodeReq,157358
FindNodeRsp,126531
FindNodeReq,207523
FindNodeRsp,121457
FindNodeRsp,121047
FindNodeRsp,128077
FindNodeRsp,120233
FindNodeRsp,125445
FindNodeRsp,120088
FindNodeRsp,122796
FindNodeReq,170787
FindNodeRsp,118625
FindNodeReq,157027
FindNodeRsp,123817
PathSetupReq,86393
PathSetupReq,40940
FindNodeReq,219542
FindNodeReq,115830
FindNodeRsp,142560
FindNodeRsp,129293
FindNodeRsp,120077
PathSetupReq,60915
PathSetupReq,40884
PathSetupReq,71578
PathSetupReq,73040
PathSetupReq,57288
PathSetupReq,55735
PathSetupReq,94274
FindNodeReq,172109
FindNodeRsp,110920
PNHello,140722
PNDiscRsp,68345
FindNodeRsp,58595
FindNodeReq,199868
FindNodeRsp,121358
FindNodeRsp,126597
FindNodeRsp,128027
FindNodeReq,169666
FindNodeRsp,128752
FindNodeRsp,131221
FindNodeRsp,129511
FindNodeReq,169985
FindNodeRsp,128630
FindNodeReq,167911
FindNodeReq,166647
FindNodeRsp,123333
FindNodeReq,174097
FindNodeReq,175096
FindNodeRsp,130201
FindNodeRsp,156200
FindNodeRsp,136727
FindNodeReq,171133
FindNodeReq,168764
FindNodeRsp,118925
FindNodeReq,203941
FindNodeRsp,133675
FindNodeReq,166353
FindNodeRsp,111063
FindNodeReq,172209
FindNodeRsp,127730
FindNodeRsp,121925
PNDiscReq,123766
FindNodeReq,191212
FindNodeRsp,128906
FindNodeRsp,134453
FindNodeReq,164455
FindNodeRsp,110053
FindNodeReq,171727
FindNodeReq,168945
FindNodeReq,176017
FindNodeReq,127442
FindNodeReq,175468
FindNodeReq,175430
FindNodeReq,173984
FindNodeRsp,130161
FindNodeRsp,114186
FindNodeRsp,131329
FindNodeRsp,128161
FindNodeRsp,51331
FindNodeReq,173988
FindNodeRsp,134086
FindNodeReq,171525
FindNodeRsp,127848
FindNodeRsp,130254
FindNodeReq,174128
FindNodeRsp,129321
FindNodeReq,174635
FindNodeRsp,118637
FindNodeReq,175960
FindNodeReq,174516
FindNodeReq,171566
FindNodeRsp,129390
FindNodeRsp,126237
FindNodeRsp,143569
FindNodeRsp,103194
FindNodeRsp,130479
FindNodeRsp,121556
FindNodeRsp,132549
FindNodeReq,163327
FindNodeRsp,133834
FindNodeRsp,130536
FindNodeReq,183220
FindNodeRsp,130544
FindNodeReq,185285
FindNodeRsp,111939
FindNodeRsp,127693
FindNodeRsp,136794
PathSetupReq,84558
FindNodeRsp,126788
FindNodeReq,161988
FindNodeReq,133673
FindNodeRsp,137041
FindNodeRsp,130519
FindNodeRsp,129777
PathSetupReq,81682
PathSetupReq,64331
PathSetupReq,86652
PathSetupReq,78257
PathSetupReq,74775
FindNodeRsp,131845
FindNodeReq,159150
FindNodeReq,158696
FindNodeReq,157968
FindNodeRsp,131752
FindNodeReq,189438
FindNodeRsp,128633
FindNodeReq,141287
FindNodeReq,154741
FindNodeReq,157462
FindNodeRsp,112896
FindNodeReq,165912
FindNodeRsp,127010
FindNodeReq,148499
FindNodeRsp,130133
FindNodeRsp,137518
FindNodeReq,207203
FindNodeReq,134235
FindNodeRsp,128578
FindNodeRsp,133249
FindNodeRsp,139409
FindNodeRsp,125227
FindNodeReq,156145
FindNodeRsp,109177
FindNodeRsp,131662
FindNodeRsp,148616
FindNodeReq,157269
FindNodeRsp,119406
FindNodeRsp,133355
FindNodeRsp,131352
FindNodeReq,129699
FindNodeReq,158229
FindNodeRsp,130222
FindNodeReq,174352
FindNodeReq,160473
FindNodeReq,167976
FindNodeReq,129722
FindNodeRsp,152797
FindNodeRsp,129012
FindNodeRsp,128929
FindNodeRsp,101930
PNHello,122038
PNDiscRsp,72219
FindNodeReq,160137
FindNodeRsp,126988
FindNodeRsp,130021
FindNodeReq,163224
FindNodeReq,153393
FindNodeRsp,132577
FindNodeReq,165429
FindNodeRsp,121909
FindNodeRsp,136942
FindNodeReq,174460
FindNodeRsp,130148
FindNodeReq,158814
FindNodeReq,160727
FindNodeReq,154854
FindNodeRsp,125135
FindNodeReq,162138
FindNodeReq,130552
FindNodeReq,160205
FindNodeReq,180336
FindNodeRsp,134546
FindNodeRsp,141016
FindNodeRsp,131981
FindNodeRsp,126971
FindNodeReq,158080
FindNodeRsp,105550
FindNodeReq,156146
FindNodeReq,157145
PNDiscReq,132677
FindNodeReq,159257
FindNodeRsp,128935
FindNodeRsp,122776
FindNodeReq,153360
FindNodeRsp,120933
FindNodeReq,160341
PathSetupReq,35457
FindNodeReq,67668
FindNodeReq,67494
FindNodeRsp,121750
FindNodeRsp,160289
FindNodeRsp,112294
FindNodeRsp,111897
FindNodeReq,166305
PathSetupReq,81504
PathSetupReq,65346
PathSetupReq,90434
PathSetupReq,75429
PathSetupReq,103852
FindNodeRsp,130381
FindNodeReq,151061
FindNodeReq,173684
FindNodeReq,156914
FindNodeRsp,127683
FindNodeRsp,131801
FindNodeReq,160153
FindNodeReq,213771
FindNodeRsp,120757
FindNodeRsp,122258
FindNodeReq,191000
FindNodeRsp,129505
FindNodeRsp,121636
FindNodeReq,240488
FindNodeRsp,109043
FindNodeReq,150286
FindNodeReq,157547
FindNodeReq,158677
FindNodeReq,159273
FindNodeRsp,136645
FindNodeRsp,129508
FindNodeRsp,125837
FindNodeRsp,127429
FindNodeRsp,115057
FindNodeReq,157505
FindNodeRsp,122090
FindNodeReq,152777
FindNodeRsp,117652
FindNodeReq,154750
FindNodeRsp,116991
FindNodeReq,149681
FindNodeReq,157524
FindNodeRsp,150357
FindNodeReq,164491
FindNodeRsp,115218
FindNodeRsp,147747
FindNodeReq,161848
FindNodeRsp,112273
FindNodeReq,157573
FindNodeReq,129725
FindNodeReq,117765
FindNodeRsp,140826
FindNodeRsp,127888
FindNodeReq,148975
FindNodeReq,155088
FindNodeRsp,107234
UpdateRouteReq,319551
UpdateRouteReq,1447992
UpdateRouteReq,1656824
UpdateRouteReq,1898728
UpdateRouteReq,2055927
UpdateRouteReq,2256361
UpdateRouteReq,2408847
UpdateRouteReq,416799
UpdateRouteReq,557580
UpdateRouteReq,750689
Error,56631
Error,150017
Error,52692
Error,61675
UpdateRouteReq,29379
UpdateRouteReq,23982
UpdateRouteReq,31331
Error,58135
Error,85735
Error,73201
UpdateRouteReq,75728
UpdateRouteReq,35172
Error,63116
Error,61626
Error,120844
UpdateRouteReq,54797
UpdateRouteReq,40071
Error,57894
Error,58740
Error,96755
UpdateRouteReq,28648
UpdateRouteReq,27239
UpdateRouteReq,27925
Error,42876
Error,47125
Error,156436
UpdateRouteReq,235987
Error,85284
Error,79366
Error,47853
Error,140179
UpdateRouteReq,68040
UpdateRouteReq,75438
Error,193534
PathTeardownReq,232550
Error,328145
UpdateRouteReq,366876
Error,436210
Error,137117
Error,62835
Error,55620
UpdateRouteReq,73959
PathTeardownReq,189836
UpdateRouteReq,68479
UpdateRouteReq,60634
FindNodeReq,150720
UpdateRouteReq,82094
UpdateRouteReq,73960
UpdateRouteReq,178754
FindNodeReq,135325
FindNodeReq,118598
UpdateRouteReq,70055
PathSetupReq,53559
UpdateRouteReq,74553
PathSetupReq,52390
UpdateRouteReq,134982
UpdateRouteReq,188008
UpdateRouteReq,155325
UpdateRouteReq,199547
UpdateRouteReq,69924
UpdateRouteReq,63297
Error,139177
UpdateRouteReq,79211
UpdateRouteReq,105712
UpdateRouteReq,114816
UpdateRouteReq,91990
UpdateRouteReq,64158
UpdateRouteReq,87609
UpdateRouteReq,135834
PathTeardownReq,67651
Error,181869
UpdateRouteReq,112646
PathSetupReq,61748
UpdateRouteReq,75525
UpdateRouteReq,81900
UpdateRouteReq,69787
UpdateRouteReq,66177
UpdateRouteReq,90344
UpdateRouteReq,91476
PathTeardownReq,65060
UpdateRouteReq,98758
Error,126058
UpdateRouteReq,87270
PathTeardownReq,49757
UpdateRouteReq,61673
UpdateRouteReq,50990
UpdateRouteReq,63818
PathTeardownReq,84852
Error,74130
FindNodeReq,144745
UpdateRouteReq,125331
PathSetupReq,60073
PathTeardownReq,60918
UpdateRouteReq,79192
PathSetupReq,56879
FindNodeRsp,92185
UpdateRouteReq,56002
UpdateRouteReq,111148
UpdateRouteReq,72337
Error,326087
UpdateRouteReq,514580
Error,578008
Error,52931
Error,48905
Error,163455
Error,136470
UpdateRouteReq,68240
UpdateRouteReq,68735
QueryRouteReq,127504
Error,132553
UpdateRouteReq,76222
UpdateRouteReq,81282
PathSetupReq,91227
Error,201990
UpdateRouteReq,107878
Error,178440
FindNodeRsp,114215
UpdateRouteReq,72406
UpdateRouteReq,144601
Error,82582
UpdateRouteReq,217899
Error,274114
Error,253430
UpdateRouteReq,254571
UpdateRouteReq,320035
UpdateRouteReq,373139
UpdateRouteReq,166591
Error,193345
Error,51088
Error,126864
Error,157566
Error,147953
UpdateRouteReq,211462
FindNodeRsp,224215
Error,57075
Error,50764
Error,140012
Error,137994
UpdateRouteReq,101276
UpdateRouteReq,76499
Error,182205
Error,143070
Error,140882
UpdateRouteReq,90994
Error,86396
Error,59107
UpdateRouteReq,97958
Error,90643
Error,147722
UpdateRouteReq,68657
Error,179477
UpdateRouteReq,62959
UpdateRouteReq,82730
UpdateRouteReq,61394
Error,133712
PathTeardownReq,137902
UpdateRouteReq,76103
UpdateRouteReq,89455
UpdateRouteReq,65911
PathTeardownReq,63099
Error,80998
PathTeardownReq,75870
UpdateRouteReq,69050
FindNodeReq,140432
FindNodeReq,124834
FindNodeReq,119378
PathSetupReq,62262
UpdateRouteReq,76411
PathSetupReq,50713
UpdateRouteReq,77002
FindNodeRsp,129185
UpdateRouteReq,68727
FindNodeReq,141871
FindNodeReq,162337
UpdateRouteReq,143685
UpdateRouteReq,146766
UpdateRouteReq,102256
UpdateRouteReq,80454
UpdateRouteReq,75881
FindNodeReq,167366
UpdateRouteReq,75678
UpdateRouteReq,71264
UpdateRouteReq,71673
UpdateRouteReq,78159
UpdateRouteReq,69140
FindNodeReq,150669
UpdateRouteReq,80786
UpdateRouteReq,72149
PathSetupReq,53005
UpdateRouteReq,67207
UpdateRouteReq,62943
FindNodeRsp,137101
UpdateRouteReq,76237
UpdateRouteReq,101396
FindNodeReq,170556
PathSetupReq,110440
PathTeardownReq,115281
UpdateRouteReq,186416
UpdateRouteReq,142972
FindNodeReq,112928
UpdateRouteReq,67855
UpdateRouteReq,80260
UpdateRouteReq,66578
UpdateRouteReq,65642
PathTeardownReq,78255
PathSetupReq,80022
UpdateRouteReq,76512
PathSetupReq,61679
UpdateRouteReq,69720
PathTeardownReq,43167
UpdateRouteReq,68650
PathSetupReq,52599
UpdateRouteReq,71815
UpdateRouteReq,64891
PathTeardownReq,56224
PathSetupReq,51874
PathTeardownReq,32888
UpdateRouteReq,68459
PathSetupReq,39699
UpdateRouteReq,69279
UpdateRouteReq,69170
UpdateRouteReq,221847
Error,438715
UpdateRouteReq,727924
UpdateRouteReq,247743
UpdateRouteReq,248874
UpdateRouteReq,286876
UpdateRouteReq,355327
UpdateRouteReq,62371
UpdateRouteReq,53925
Error,147224
UpdateRouteReq,69607
UpdateRouteReq,59703
UpdateRouteReq,62197
UpdateRouteReq,60251
UpdateRouteReq,72628
Error,147333
UpdateRouteReq,74580
Error,158875
UpdateRouteReq,69147
Error,118283
Error,97326
UpdateRouteReq,144178
UpdateRouteReq,162972
UpdateRouteReq,93074
UpdateRouteReq,221959
FindNodeReq,133407
UpdateRouteReq,95814
UpdateRouteReq,80719
Error,173712
UpdateRouteReq,224086
Error,219755
UpdateRouteReq,85414
Error,133385
UpdateRouteReq,72269
Error,234011
UpdateRouteReq,366402
UpdateRouteReq,488502
UpdateRouteReq,532937
FindNodeRsp,180968
Error,219547
UpdateRouteReq,551012
Error,382744
Error,383622
UpdateRouteReq,398386
UpdateRouteReq,404133
Error,395525
UpdateRouteReq,403404
Error,55299
Error,48378
Error,135169
UpdateRouteReq,79319
Error,155978
Error,126907
FindNodeReq,140306
UpdateRouteReq,66006
UpdateRouteReq,70698
UpdateRouteReq,70590
Error,139805
UpdateRouteReq,80956
UpdateRouteReq,102422
PathSetupReq,103618
UpdateRouteReq,73775
PathSetupReq,62885
Error,152727
Error,71554
UpdateRouteReq,124493
UpdateRouteReq,135053
Error,147760
Error,81149
UpdateRouteReq,116699
Error,60969
UpdateRouteReq,67198
UpdateRouteReq,79312
UpdateRouteReq,64200
Error,114784
UpdateRouteReq,83240
UpdateRouteReq,56275
UpdateRouteReq,75368
UpdateRouteReq,79333
UpdateRouteReq,75723
PathTeardownReq,65134
UpdateRouteReq,153591
UpdateRouteReq,177851
UpdateRouteReq,267554
PathSetupReq,161500
Error,134577
UpdateRouteReq,109781
UpdateRouteReq,167804
PathTeardownReq,246059
UpdateRouteReq,118357
UpdateRouteReq,83634
PathSetupReq,58999
UpdateRouteReq,78122
UpdateRouteReq,76809
UpdateRouteReq,77576
UpdateRouteReq,80627
UpdateRouteReq,70905
Error,87990
PathTeardownReq,229168
Error,66364
FindNodeReq,153421
FindNodeReq,131333
Error,58781
UpdateRouteReq,79384
PathSetupReq,68962
UpdateRouteReq,102684
UpdateRouteReq,105389
UpdateRouteReq,64017
UpdateRouteReq,66263
UpdateRouteReq,59185
Error,66071
UpdateRouteReq,74298
UpdateRouteReq,64955
PathTeardownReq,61728
PathTeardownReq,62980
PathTeardownReq,63206
UpdateRouteReq,339701
UpdateRouteReq,214386
UpdateRouteReq,63677
UpdateRouteReq,273450
QueryRouteReq,102773
UpdateRouteReq,91036
PathSetupReq,569942
UpdateRouteReq,802646
UpdateRouteReq,862934
UpdateRouteReq,424143
UpdateRouteReq,600727
UpdateRouteReq,640879
UpdateRouteReq,72326
PathSetupReq,53451
UpdateRouteReq,58899
PathTeardownReq,73911
UpdateRouteReq,82656
UpdateRouteReq,58866
QueryRouteReq,148867
UpdateRouteReq,183050
Error,202036
UpdateRouteReq,323619
Error,350322
UpdateRouteReq,58235
UpdateRouteReq,118515
UpdateRouteReq,76983
UpdateRouteReq,109772
Error,111064
UpdateRouteReq,123086
Error,86940
Error,37266
UpdateRouteReq,86774
UpdateRouteReq,93534
Error,174042
UpdateRouteReq,305826
Error,112021
UpdateRouteReq,50384
UpdateRouteReq,40872
UpdateRouteReq,95138
UpdateRouteReq,93713
Error,127407
Error,121780
UpdateRouteReq,75008
UpdateRouteReq,82328
UpdateRouteReq,60376
Error,129276
UpdateRouteReq,49201
Error,54324
Error,87534
UpdateRouteReq,187376
Error,179842
PathSetupReq,184122
UpdateRouteReq,113800
UpdateRouteReq,156190
UpdateRouteReq,108003
UpdateRouteReq,47929
UpdateRouteReq,94459
UpdateRouteReq,145769
UpdateRouteReq,147745
UpdateRouteReq,152204
UpdateRouteReq,135417
UpdateRouteReq,164219
Error,143014
UpdateRouteReq,148646
UpdateRouteReq,176284
Error,49122
Error,98798
UpdateRouteReq,43019
UpdateRouteReq,43245
Error,169899
UpdateRouteReq,182239
Error,107280
Error,72799
UpdateRouteReq,94618
Error,28669
Error,70667
Error,85580
Error,86665
UpdateRouteReq,46353
UpdateRouteReq,39964
UpdateRouteReq,40302
Error,76213
UpdateRouteReq,49297
UpdateRouteReq,92675
UpdateRouteReq,80890
UpdateRouteReq,119107
Error,157886
UpdateRouteReq,77108
Error,50925
UpdateRouteReq,98626
UpdateRouteReq,133570
UpdateRouteReq,144657
Error,126585
PathTeardownReq,130503
Error,138014
PathSetupReq,52094
PathTeardownReq,51008
UpdateRouteReq,41237
UpdateRouteReq,38208
UpdateRouteReq,47744
UpdateRouteReq,43090
PathSetupReq,36488
Error,131219
UpdateRouteReq,45579
UpdateRouteReq,41679
UpdateRouteReq,41681
UpdateRouteReq,81196
UpdateRouteReq,47279
Error,83976
UpdateRouteReq,45873
UpdateRouteReq,40509
UpdateRouteReq,40444
UpdateRouteReq,46760
Error,82513
UpdateRouteReq,50831
Error,42340
Error,29539
UpdateRouteReq,35070
UpdateRouteReq,44253
UpdateRouteReq,36420
PathTeardownReq,30972
PathTeardownReq,34290
QueryRouteReq,129257
FindNodeRsp,137425
QueryRouteReq,111565
PathSetupReq,49929
UpdateRouteReq,84762
PathSetupReq,48426
UpdateRouteReq,65399
UpdateRouteReq,58568
UpdateRouteReq,345846
UpdateRouteReq,195844
UpdateRouteReq,375292
UpdateRouteReq,96347
UpdateRouteReq,331183
UpdateRouteReq,64773
UpdateRouteReq,66302
UpdateRouteReq,93279
UpdateRouteReq,68583
UpdateRouteReq,73612
UpdateRouteReq,68738
FindNodeRsp,100592
FindNodeRsp,103074
UpdateRouteReq,148291
Error,227455
UpdateRouteReq,362688
Error,150527
Error,133933
Error,127673
Error,119582
Error,193207
UpdateRouteReq,231854
Error,131147
Error,158305
UpdateRouteReq,84622
UpdateRouteReq,74283
Error,135733
UpdateRouteReq,70624
Error,117713
Error,139617
Error,78578
FindNodeReq,146677
FindNodeReq,139797
FindNodeRsp,109182
UpdateRouteReq,133639
FindNodeReq,149551
FindNodeRsp,72471
FindNodeRsp,70588
UpdateRouteReq,71367
Error,169237
UpdateRouteReq,177052
UpdateRouteReq,245115
Error,132841
UpdateRouteReq,72751
UpdateRouteReq,80606
Error,135170
UpdateRouteReq,69831
Error,132741
Error,117573
Error,63738
UpdateRouteReq,149579
UpdateRouteReq,143901
Error,58090
Error,140306
UpdateRouteReq,79722
Error,133925
UpdateRouteReq,69298
Error,121318
Error,143781
Error,79096
FindNodeReq,146782
UpdateRouteReq,95606
FindNodeReq,148953
UpdateRouteReq,155204
UpdateRouteReq,78884
UpdateRouteReq,76123
UpdateRouteReq,140859
UpdateRouteReq,86377
UpdateRouteReq,40634
FindNodeRsp,76322
FindNodeRsp,109076
FindNodeRsp,95614
UpdateRouteReq,101192
Error,211270
UpdateRouteReq,248082
Error,114748
UpdateRouteReq,77959
Error,136717
UpdateRouteReq,71726
Error,141161
UpdateRouteReq,75568
UpdateRouteReq,75226
UpdateRouteReq,64982
Error,132587
Error,133919
Error,124501
Error,82069
Error,174398
Error,162309
UpdateRouteReq,68514
UpdateRouteReq,56987
UpdateRouteReq,64281
UpdateRouteReq,53643
UpdateRouteReq,74234
Error,181341
PathTeardownReq,60031
PathTeardownReq,63379
UpdateRouteReq,64303
Error,147724
FindNodeReq,177129
FindNodeReq,239455
FindNodeReq,172651
UpdateRouteReq,97694
PathSetupReq,89549
UpdateRouteReq,69754
PathSetupReq,52902
UpdateRouteReq,72131
UpdateRouteReq,52443
UpdateRouteReq,68284
Error,86528
UpdateRouteReq,138637
UpdateRouteReq,76314
FindNodeReq,64126
UpdateRouteReq,28984
UpdateRouteReq,20198
UpdateRouteReq,35371
UpdateRouteReq,36917
PathTeardownReq,18270
Error,89883
UpdateRouteReq,147060
Error,31101
Error,64775
UpdateRouteReq,66727
Error,94450
Error,20413
UpdateRouteReq,30469
Error,52476
Error,60057
UpdateRouteReq,27798
UpdateRouteReq,93990
Error,121443
Error,132751
UpdateRouteReq,133380
Error,33177
Error,30642
Error,19286
Error,26574
Error,54220
UpdateRouteReq,26189
UpdateRouteReq,22914
UpdateRouteReq,23345
Error,53834
Error,68476
UpdateRouteReq,22254
Error,51149
Error,42626
Error,72095
UpdateRouteReq,110836
PathSetupReq,108885
Error,51579
UpdateRouteReq,73730
UpdateRouteReq,50732
UpdateRouteReq,144705
UpdateRouteReq,75572
FindNodeReq,132275
UpdateRouteReq,132347
UpdateRouteReq,81012
UpdateRouteReq,74700
UpdateRouteReq,70098
UpdateRouteReq,74999
UpdateRouteReq,437933
Error,526112
UpdateRouteReq,536590
Error,653562
PathTeardownReq,700935
Error,699559
UpdateRouteReq,348196
Error,457332
FindNodeReq,614947
UpdateRouteReq,689145
UpdateRouteReq,205823
PathSetupReq,207560
UpdateRouteReq,261369
Error,134750
UpdateRouteReq,73053
Error,116254
Error,54974
UpdateRouteReq,85872
UpdateRouteReq,77870
Error,133929
Error,190236
UpdateRouteReq,200708
UpdateRouteReq,64897
Error,131353
Error,220929
UpdateRouteReq,177560
PathTeardownReq,133409
UpdateRouteReq,74289
FindNodeReq,127857
FindNodeReq,291795
UpdateRouteReq,363209
UpdateRouteReq,352967
Error,163661
Error,228974
UpdateRouteReq,220688
Error,321534
UpdateRouteReq,332297
PathSetupReq,191165
UpdateRouteReq,200696
UpdateRouteReq,189980
UpdateRouteReq,98546
UpdateRouteReq,65490
Error,102338
Error,42225
UpdateRouteReq,65305
Error,131220
UpdateRouteReq,57213
Error,98294
UpdateRouteReq,59653
Error,111648
UpdateRouteReq,54595
Error,123804
Error,87540
UpdateRouteReq,94678
Error,94762
UpdateRouteReq,41936
Error,35956
Error,34068
UpdateRouteReq,54479
FindNodeReq,96094
UpdateRouteReq,54167
UpdateRouteReq,52163
UpdateRouteReq,149378
UpdateRouteReq,152510
UpdateRouteReq,139007
FindNodeReq,164404
UpdateRouteReq,136742
PathTeardownReq,65980
Error,142481
UpdateRouteReq,176782
Error,113334
UpdateRouteReq,87880
UpdateRouteReq,74663
Error,158089
UpdateRouteReq,105958
Error,163032
UpdateRouteReq,175665
UpdateRouteReq,70958
UpdateRouteReq,76598
Error,132760
UpdateRouteReq,78282
UpdateRouteReq,65124
Error,129937
Error,167126
UpdateRouteReq,101685
Error,79030
PathSetupReq,66267
Error,57729
Error,149877
UpdateRouteReq,108503
UpdateRouteReq,58509
Error,121170
UpdateRouteReq,81826
UpdateRouteReq,54733
UpdateRouteReq,63842
Error,176112
UpdateRouteReq,123616
UpdateRouteReq,71270
Error,81236
UpdateRouteReq,98268
UpdateRouteReq,99539
UpdateRouteReq,68011
UpdateRouteReq,77877
UpdateRouteReq,106483
FindNodeRsp,108570
FindNodeRsp,97467
UpdateRouteReq,92734
PathTeardownReq,61473
UpdateRouteReq,79940
Error,316509
UpdateRouteReq,401509
UpdateRouteReq,443611
Error,475915
Error,157205
UpdateRouteReq,149484
UpdateRouteReq,80244
Error,150024
UpdateRouteReq,95199
PathSetupReq,91858
UpdateRouteReq,92945
Error,164553
UpdateRouteReq,121607
Error,147611
UpdateRouteReq,192976
UpdateRouteReq,127331
Error,148617
UpdateRouteReq,72231
Error,51075
Error,112358
Error,56253
Error,54203
Error,138397
Error,111862
Error,145544
Error,129727
Error,63840
Error,74420
FindNodeReq,139538
FindNodeReq,141226
FindNodeReq,179872
FindNodeRsp,157542
UpdateRouteReq,138763
PathTeardownReq,64713
UpdateRouteReq,71038
UpdateRouteReq,76376
UpdateRouteReq,75078
FindNodeRsp,72193
UpdateRouteReq,50412
UpdateRouteReq,67197
UpdateRouteReq,81379
UpdateRouteReq,68568
PathSetupReq,50850
UpdateRouteReq,97456
Error,99734
UpdateRouteReq,101457
Error,50411
UpdateRouteReq,73226
Error,167324
UpdateRouteReq,255645
Error,140088
UpdateRouteReq,72411
FindNodeReq,135084
UpdateRouteReq,64419
UpdateRouteReq,72274
Error,120585
Error,135991
Error,146691
Error,90222
UpdateRouteReq,69707
Error,176296
Error,166645
UpdateRouteReq,63409
UpdateRouteReq,56315
UpdateRouteReq,61115
PathTeardownReq,58777
UpdateRouteReq,67166
Error,112357
Error,84098
UpdateRouteReq,73459
PathSetupReq,56897
Error,58399
UpdateRouteReq,60635
UpdateRouteReq,54381
FindNodeReq,150584
UpdateRouteReq,66627
UpdateRouteReq,85403
UpdateRouteReq,79908
PathTeardownReq,68819
PathTeardownReq,61502
PathTeardownReq,64195
FindNodeRsp,110013
QueryRouteReq,117789
UpdateRouteReq,66027
QueryRouteReq,160863
PathSetupReq,62577
PathTeardownReq,79414
UpdateRouteReq,56895
PathSetupReq,60963
UpdateRouteReq,51353
PathSetupReq,59036
PathTeardownReq,36999
UpdateRouteReq,330865
UpdateRouteReq,201240
UpdateRouteReq,334420
UpdateRouteReq,134719
UpdateRouteReq,74039
UpdateRouteReq,138199
UpdateRouteReq,59384
UpdateRouteReq,92235
UpdateRouteReq,92878
PathSetupReq,86077
UpdateRouteReq,89782
UpdateRouteReq,72623
Error,359107
UpdateRouteReq,565621
UpdateRouteReq,605931
Error,612450
Error,55905
Error,46587
UpdateRouteReq,82854
UpdateRouteReq,113703
Error,133355
UpdateRouteReq,79471
Error,131703
UpdateRouteReq,68140
UpdateRouteReq,65408
UpdateRouteReq,62064
UpdateRouteReq,76132
Error,137043
Error,137216
UpdateRouteReq,135397
UpdateRouteReq,182892
Error,275536
UpdateRouteReq,156876
UpdateRouteReq,164489
UpdateRouteReq,173597
Error,124759
Error,52617
Error,136541
UpdateRouteReq,79447
Error,163020
UpdateRouteReq,109659
Error,130976
UpdateRouteReq,107498
UpdateRouteReq,70646
UpdateRouteReq,60355
Error,129929
UpdateRouteReq,71747
Error,69578
UpdateRouteReq,105498
Error,83788
Error,186799
Error,57901
Error,136266
UpdateRouteReq,71102
Error,63539
UpdateRouteReq,100709
UpdateRouteReq,72134
UpdateRouteReq,147241
UpdateRouteReq,67666
UpdateRouteReq,136682
Error,146024
Error,83550
Error,65758
UpdateRouteReq,67747
Error,64606
UpdateRouteReq,57214
PathTeardownReq,54132
UpdateRouteReq,68750
PathTeardownReq,58586
UpdateRouteReq,59970
PathSetupReq,48415
UpdateRouteReq,48641
FindNodeReq,138019
UpdateRouteReq,68201
UpdateRouteReq,52462
PathTeardownReq,50830
UpdateRouteReq,65952
UpdateRouteReq,158361
PathTeardownReq,169475
PathSetupReq,50022
PathTeardownReq,66755
QueryRouteReq,129256
UpdateRouteReq,83790
QueryRouteReq,123188
PathSetupReq,76766
FindNodeRsp,104783
UpdateRouteReq,72186
PathSetupReq,56979
UpdateRouteReq,64118
UpdateRouteReq,67346
UpdateRouteReq,65874
UpdateRouteReq,64575
FindNodeRsp,82032
FindNodeRsp,138757
UpdateRouteReq,49561
UpdateRouteReq,73950
FindNodeRsp,89811
UpdateRouteReq,400547
UpdateRouteReq,459594
UpdateRouteReq,349460
UpdateRouteReq,389791
UpdateRouteReq,74258
UpdateRouteReq,151015
FindNodeRsp,128841
UpdateRouteReq,61250
FindNodeReq,70665
UpdateRouteReq,34555
UpdateRouteReq,140754
UpdateRouteReq,88994
UpdateRouteReq,72087
UpdateRouteReq,95470
Error,209868
UpdateRouteReq,247623
Error,112751
UpdateRouteReq,76712
Error,134539
UpdateRouteReq,141897
Error,139777
UpdateRouteReq,73994
UpdateRouteReq,66446
Error,135514
Error,136093
Error,126012
Error,81376
UpdateRouteReq,76071
Error,50049
FindNodeReq,138230
Error,140193
UpdateRouteReq,67218
UpdateRouteReq,66418
UpdateRouteReq,63913
Error,142557
UpdateRouteReq,67359
Error,146137
UpdateRouteReq,69078
Error,86918
UpdateRouteReq,131081
FindNodeReq,117054
UpdateRouteReq,71739
UpdateRouteReq,92330
PathTeardownReq,61010
UpdateRouteReq,75333
PathTeardownReq,62518
PathTeardownReq,63894
QueryRouteReq,129977
UpdateRouteReq,75838
QueryRouteReq,164291
FindNodeRsp,87138
UpdateRouteReq,67938
UpdateRouteReq,48435
UpdateRouteReq,121517
UpdateRouteReq,121834
UpdateRouteReq,66541
UpdateRouteReq,92214
UpdateRouteReq,89568
UpdateRouteReq,44384
PathSetupReq,62630
UpdateRouteReq,75678
PathSetupReq,45491
UpdateRouteReq,76402
UpdateRouteReq,85023
PathSetupReq,50219
PathTeardownReq,45971
UpdateRouteReq,70295
PathSetupReq,49019
FindNodeReq,125723
FindNodeReq,125970
UpdateRouteReq,436325
UpdateRouteReq,483061
PathSetupReq,188290
UpdateRouteReq,351284
UpdateRouteReq,871273
UpdateRouteReq,1030396
UpdateRouteReq,1146739
UpdateRouteReq,1285910
PathTeardownReq,1294143
Error,1359019
Error,1390075
UpdateRouteReq,1404678
Error,1459507
UpdateRouteReq,839290
UpdateRouteReq,923591
PathSetupReq,926692
UpdateRouteReq,935353
UpdateRouteReq,1002822
PathTeardownReq,1008767
UpdateRouteReq,1019694
PathTeardownReq,999318
Error,1054115
UpdateRouteReq,1023951
UpdateRouteReq,78194
UpdateRouteReq,67451
UpdateRouteReq,225162
UpdateRouteReq,96950
UpdateRouteReq,64399
PathSetupReq,56475
FindNodeReq,120154
UpdateRouteReq,65830
UpdateRouteReq,424490
PathSetupReq,481410
FindNodeRsp,127885
PathTeardownReq,60024
UpdateRouteReq,69462
PathSetupReq,56426
PathTeardownReq,79905
FindNodeRsp,116958
UpdateRouteReq,114541
PathSetupReq,174917
UpdateRouteReq,65891
FindNodeRsp,112402
UpdateRouteReq,71484
UpdateRouteReq,320953
UpdateRouteReq,82778
Error,135007
UpdateRouteReq,178585
Error,112663
Error,171611
UpdateRouteReq,107126
UpdateRouteReq,77155
UpdateRouteReq,102432
Error,181160
UpdateRouteReq,69118
Error,155849
Error,176073
UpdateRouteReq,180463
Error,131767
Error,74514
UpdateRouteReq,159413
Error,143486
UpdateRouteReq,152117
UpdateRouteReq,176878
Error,188784
UpdateRouteReq,81144
UpdateRouteReq,72312
Error,145006
UpdateRouteReq,121525
UpdateRouteReq,125176
UpdateRouteReq,70849
Error,128653
UpdateRouteReq,72320
Error,83693
UpdateRouteReq,61162
UpdateRouteReq,84034
PathTeardownReq,85983
UpdateRouteReq,86755
PathTeardownReq,65362
FindNodeReq,133854
UpdateRouteReq,74885
UpdateRouteReq,62945
UpdateRouteReq,75533
UpdateRouteReq,100898
UpdateRouteReq,102334
UpdateRouteReq,61299
FindNodeReq,135485
UpdateRouteReq,94618
PathSetupReq,92788
UpdateRouteReq,64365
UpdateRouteReq,67366
UpdateRouteReq,76574
UpdateRouteReq,45023
PathTeardownReq,68031
UpdateRouteReq,125582
PathSetupReq,117167
PathTeardownReq,63145
FindNodeReq,135321
UpdateRouteReq,79533
PathSetupReq,58152
PathTeardownReq,54787
UpdateRouteReq,70645
UpdateRouteReq,58255
UpdateRouteReq,87619
PathSetupReq,57579
UpdateRouteReq,71004
UpdateRouteReq,74633
UpdateRouteReq,120342
PathSetupReq,119332
UpdateRouteReq,71944
PathTeardownReq,59093
UpdateRouteReq,86413
PathSetupReq,82329
PathTeardownReq,75614
PathTeardownReq,104342
QueryRouteReq,129012
UpdateRouteReq,70586
UpdateRouteReq,78366
UpdateRouteReq,99717
UpdateRouteReq,100208
UpdateRouteReq,63177
UpdateRouteReq,60986
FindNodeReq,108841
UpdateRouteReq,72373
UpdateRouteReq,66059
UpdateRouteReq,38971
PathTeardownReq,72423
UpdateRouteReq,68559
FindNodeReq,127439
PathSetupReq,49317
PathTeardownReq,64398
UpdateRouteReq,68280
UpdateRouteReq,89638
UpdateRouteReq,56750
PathSetupReq,63697
UpdateRouteReq,77114
FindNodeReq,158582
FindNodeReq,220831
FindNodeReq,160618
UpdateRouteReq,165025
PathTeardownReq,64887
UpdateRouteReq,73995
UpdateRouteReq,72298
UpdateRouteReq,95576
UpdateRouteReq,143849
PathSetupReq,99548
PathTeardownReq,64959
PathSetupReq,55305
PathTeardownReq,57705
UpdateRouteReq,67933
UpdateRouteReq,60650
UpdateRouteReq,57130
PathSetupReq,54095
UpdateRouteReq,60027
UpdateRouteReq,58945
UpdateRouteReq,87653
UpdateRouteReq,90714
PathSetupReq,44695
UpdateRouteReq,62850
UpdateRouteReq,69145
PathTeardownReq,41817
UpdateRouteReq,66124
PathSetupReq,45959
PathTeardownReq,54908
UpdateRouteReq,42593
UpdateRouteReq,42967
UpdateRouteReq,44255
UpdateRouteReq,54830
UpdateRouteReq,42150
PathSetupReq,33717
PathTeardownReq,32285
UpdateRouteReq,27646
UpdateRouteReq,28929
UpdateRouteReq,25616
FindNodeRsp,47155
UpdateRouteReq,42772
UpdateRouteReq,44345
PathSetupReq,60341
PathTeardownReq,22215
UpdateRouteReq,80052
UpdateRouteReq,93440
UpdateRouteReq,131602
UpdateRouteReq,57157
UpdateRouteReq,68712
UpdateRouteReq,54198
UpdateRouteReq,52015
UpdateRouteReq,49912
UpdateRouteReq,47782
UpdateRouteReq,27579
UpdateRouteReq,18891
UpdateRouteReq,27222
PathSetupReq,15467
FindNodeReq,170535
UpdateRouteReq,146737
UpdateRouteReq,70178
UpdateRouteReq,48850
UpdateRouteReq,71447
UpdateRouteReq,88509
FindNodeReq,127456
FindNodeReq,147488
FindNodeRsp,95822
FindNodeRsp,102416
UpdateRouteReq,280754
FindNodeReq,141690
FindNodeReq,180374
FindNodeReq,232630
FindNodeRsp,103277
FindNodeRsp,100649
UpdateRouteReq,70789
Error,144399
UpdateRouteReq,190484
Error,159836
UpdateRouteReq,72284
UpdateRouteReq,78883
Error,130320
UpdateRouteReq,66778
Error,115259
Error,129712
Error,62396
FindNodeReq,151062
FindNodeRsp,139339
UpdateRouteReq,79537
UpdateRouteReq,30228
FindNodeReq,85608
UpdateRouteReq,34294
UpdateRouteReq,22452
PathTeardownReq,20800
PathTeardownReq,19254
FindNodeReq,46813
UpdateRouteReq,29315
UpdateRouteReq,49334
UpdateRouteReq,100281
UpdateRouteReq,101970
UpdateRouteReq,144024
FindNodeReq,270987
FindNodeReq,195608
FindNodeReq,186512
FindNodeReq,306113
UpdateRouteReq,167685
PathSetupReq,153036
PathTeardownReq,145498
UpdateRouteReq,202116
UpdateRouteReq,129053
UpdateRouteReq,130711
UpdateRouteReq,71440
PathSetupReq,91056
UpdateRouteReq,93938
UpdateRouteReq,66906
UpdateRouteReq,69105
PathSetupReq,57598
UpdateRouteReq,62395
UpdateRouteReq,89289
PathTeardownReq,122989
UpdateRouteReq,68356
UpdateRouteReq,66179
UpdateRouteReq,72280
UpdateRouteReq,67860
UpdateRouteReq,69671
UpdateRouteReq,72578
PathSetupReq,41974
UpdateRouteReq,69666
FindNodeReq,139844
FindNodeReq,142484
UpdateRouteReq,136949
FindNodeReq,150945
FindNodeRsp,103252
FindNodeRsp,68950
FindNodeRsp,103029
FindNodeRsp,71771
FindNodeRsp,98585
FindNodeRsp,108443
UpdateRouteReq,73733
Error,174589
UpdateRouteReq,180289
UpdateRouteReq,244814
Error,133556
UpdateRouteReq,75296
UpdateRouteReq,81719
Error,147410
UpdateRouteReq,182914
Error,139889
Error,133748
Error,75854
UpdateRouteReq,150396
UpdateRouteReq,81105
FindNodeRsp,72229
FindNodeRsp,60526
FindNodeReq,61180
FindNodeReq,128741
PathSetupReq,78763
FindNodeReq,145933
FindNodeReq,146936
FindNodeRsp,111067
FindNodeRsp,156873
FindNodeRsp,85752
FindNodeRsp,102128
FindNodeReq,140190
UpdateRouteReq,149121
Error,67836
Error,144870
UpdateRouteReq,81853
Error,134170
FindNodeRsp,163444
UpdateRouteReq,70133
Error,134007
Error,134037
Error,64686
FindNodeReq,146325
PathSetupReq,69055
PathSetupReq,60647
PathSetupReq,55787
UpdateRouteReq,164332
FindNodeRsp,69922
PathSetupReq,67994
PathSetupReq,128754
FindNodeRsp,98883
PNHello,120677
PNDiscRsp,77784
FindNodeRsp,101395
UpdateRouteReq,73222
UpdateRouteReq,195583
Error,188607
UpdateRouteReq,259286
Error,139657
UpdateRouteReq,74004
Error,262945
UpdateRouteReq,204096
Error,285846
Error,199923
Error,79611
UpdateRouteReq,79410
UpdateRouteReq,84718
UpdateRouteReq,162502
UpdateRouteReq,71101
UpdateRouteReq,63575
UpdateRouteReq,139941
Error,118403
UpdateRouteReq,75407
Error,137531
Error,127987
Error,193708
Error,204469
UpdateRouteReq,258765
Error,67606
FindNodeReq,150633
FindNodeRsp,95494
FindNodeRsp,73738
FindNodeReq,132465
FindNodeRsp,97110
FindNodeReq,142818
FindNodeReq,134546
FindNodeRsp,142829
UpdateRouteReq,75214
Error,191168
UpdateRouteReq,199108
UpdateRouteReq,263804
Error,137290
UpdateRouteReq,71862
Error,170068
UpdateRouteReq,177896
Error,218208
Error,137288
Error,80111
UpdateRouteReq,110445
UpdateRouteReq,118694
UpdateRouteReq,161445
UpdateRouteReq,66237
FindNodeRsp,74892
FindNodeReq,149564
FindNodeReq,134826
FindNodeRsp,77485
FindNodeReq,164279
FindNodeRsp,101014
FindNodeRsp,102102
UpdateRouteReq,47635
Error,103927
UpdateRouteReq,111477
UpdateRouteReq,182115
Error,143364
UpdateRouteReq,190719
Error,93517
Error,112532
UpdateRouteReq,118033
Error,81274
Error,100782
Error,46033
Error,38089
UpdateRouteReq,45475
UpdateRouteReq,37249
UpdateRouteReq,36930
UpdateRouteReq,47063
UpdateRouteReq,133864
UpdateRouteReq,205941
UpdateRouteReq,159218
Error,79967
UpdateRouteReq,48902
Error,86156
UpdateRouteReq,46026
UpdateRouteReq,43693
Error,185890
UpdateRouteReq,194236
Error,79953
UpdateRouteReq,42528
Error,88976
Error,48535
UpdateRouteReq,66828
UpdateRouteReq,48466
FindNodeReq,159096
FindNodeReq,161981
FindNodeRsp,88644
UpdateRouteReq,107220
UpdateRouteReq,200608
UpdateRouteReq,90910
Error,38249
Error,202376
UpdateRouteReq,237131
Error,86307
UpdateRouteReq,47492
Error,92219
Error,79732
Error,49555
FindNodeReq,92569
FindNodeReq,166449
FindNodeReq,160404
FindNodeRsp,109344
UpdateRouteReq,98369
UpdateRouteReq,65519
Error,122866
UpdateRouteReq,127110
UpdateRouteReq,168412
Error,114944
UpdateRouteReq,126717
UpdateRouteReq,50030
Error,85230
UpdateRouteReq,45132
Error,90478
Error,86358
Error,51786
UpdateRouteReq,48633
UpdateRouteReq,44851
FindNodeReq,164550
FindNodeReq,159585
FindNodeRsp,88997
UpdateRouteReq,154855
UpdateRouteReq,50462
FindNodeRsp,75896
FindNodeReq,161842
FindNodeReq,162446
FindNodeReq,163069
UpdateRouteReq,91358
Error,38587
UpdateRouteReq,49006
Error,81237
UpdateRouteReq,44259
Error,188637
UpdateRouteReq,58303
Error,99638
Error,90118
Error,49819
UpdateRouteReq,101805
FindNodeRsp,109293
FindNodeRsp,134625
FindNodeReq,162637
FindNodeRsp,130589
FindNodeRsp,72020
FindNodeRsp,100962
UpdateRouteReq,91362
Error,38453
Error,87127
UpdateRouteReq,92830
Error,79487
UpdateRouteReq,42520
Error,86833
Error,77922
Error,47307
FindNodeReq,159551
UpdateRouteReq,112342
FindNodeRsp,69958
FindNodeReq,149549
FindNodeRsp,71315
FindNodeRsp,101220
UpdateRouteReq,65787
Error,38659
Error,203565
UpdateRouteReq,242829
UpdateRouteReq,85938
UpdateRouteReq,116993
UpdateRouteReq,65464
Error,111170
UpdateRouteReq,44792
UpdateRouteReq,46659
Error,84465
UpdateRouteReq,45039
Error,88262
Error,50224
UpdateRouteReq,72542
UpdateRouteReq,64517
FindNodeReq,164442
FindNodeRsp,94974
UpdateRouteReq,66718
UpdateRouteReq,76890
PathTeardownReq,36374
UpdateRouteReq,155894
UpdateRouteReq,44987
UpdateRouteReq,43075
UpdateRouteReq,43283
PathSetupReq,32120
UpdateRouteReq,40970
FindNodeReq,187703
FindNodeReq,150342
FindNodeReq,160408
UpdateRouteReq,121379
Error,40816
Error,151829
UpdateRouteReq,168913
Error,88614
UpdateRouteReq,46871
Error,84830
UpdateRouteReq,45815
Error,88498
Error,49515
UpdateRouteReq,120105
UpdateRouteReq,95006
FindNodeRsp,105552
FindNodeReq,150077
FindNodeRsp,131811
FindNodeReq,160783
FindNodeReq,155316
FindNodeRsp,77253
FindNodeReq,161242
FindNodeReq,178022
PNDiscReq,189868
FindNodeRsp,95227
FindNodeReq,138012
UpdateRouteReq,64907
Error,109622
UpdateRouteReq,111405
UpdateRouteReq,176836
Error,144139
UpdateRouteReq,48992
UpdateRouteReq,75177
Error,130386
UpdateRouteReq,46219
Error,104638
Error,110007
Error,50067
FindNodeReq,159616
UpdateRouteReq,71147
UpdateRouteReq,72209
UpdateRouteReq,71339
FindNodeReq,160433
UpdateRouteReq,125410
FindNodeRsp,77371
FindNodeReq,159928
UpdateRouteReq,22991
Error,15626
Error,148097
UpdateRouteReq,134051
Error,87590
UpdateRouteReq,45458
Error,148780
UpdateRouteReq,49739
Error,104961
Error,48640
UpdateRouteReq,171851
UpdateRouteReq,56371
FindNodeRsp,74220
FindNodeReq,149740
FindNodeRsp,76347
FindNodeRsp,108978
FindNodeReq,148822
FindNodeRsp,97189
UpdateRouteReq,107900
Error,39095
Error,148462
UpdateRouteReq,146640
Error,89878
UpdateRouteReq,49904
Error,148833
UpdateRouteReq,51107
FindNodeReq,94574
Error,88523
Error,56733
FindNodeReq,163564
FindNodeReq,162751
UpdateRouteReq,171198
FindNodeRsp,100662
FindNodeRsp,124902
FindNodeRsp,110409
FindNodeRsp,110097
FindNodeRsp,75911
FindNodeRsp,74760
UpdateRouteReq,108219
Error,39266
Error,153513
UpdateRouteReq,143225
Error,90573
UpdateRouteReq,46955
Error,84702
UpdateRouteReq,46706
Error,89518
Error,50619
UpdateRouteReq,121652
FindNodeRsp,76479
FindNodeRsp,96765
UpdateRouteReq,107366
Error,39694
Error,147426
UpdateRouteReq,147691
Error,89619
UpdateRouteReq,46155
Error,147171
UpdateRouteReq,49997
Error,105133
Error,51033
FindNodeReq,155533
UpdateRouteReq,171078
FindNodeRsp,101914
FindNodeReq,163710
FindNodeRsp,77464
FindNodeRsp,111238
UpdateRouteReq,106432
Error,39594
Error,147210
UpdateRouteReq,144253
Error,88282
UpdateRouteReq,45059
Error,150917
UpdateRouteReq,50936
Error,109670
Error,51283
FindNodeReq,98312
UpdateRouteReq,170986
FindNodeRsp,73971
FindNodeReq,162511
FindNodeReq,153884
FindNodeRsp,97426
FindNodeReq,161590
UpdateRouteReq,111317
Error,40408
Error,149073
UpdateRouteReq,151605
Error,85360
UpdateRouteReq,47663
Error,173360
UpdateRouteReq,51367
Error,110332
Error,50178
FindNodeReq,160124
FindNodeRsp,107239
UpdateRouteReq,173960
UpdateRouteReq,109053
Error,39063
Error,149076
UpdateRouteReq,149461
Error,90951
UpdateRouteReq,48210
Error,150189
UpdateRouteReq,51487
Error,108833
Error,52594
FindNodeReq,159228
FindNodeRsp,113565
UpdateRouteReq,171956
FindNodeRsp,104310
FindNodeRsp,74438
FindNodeReq,151084
FindNodeRsp,95798
UpdateRouteReq,107388
Error,39755
Error,147905
UpdateRouteReq,147071
Error,89296
UpdateRouteReq,48017
Error,148669
UpdateRouteReq,51692
Error,110093
Error,49839
UpdateRouteReq,170618
FindNodeRsp,99910
FindNodeRsp,110275
FindNodeReq,161916
FindNodeReq,203662
FindNodeReq,160159
FindNodeReq,150749
UpdateRouteReq,106427
Error,40315
Error,146753
UpdateRouteReq,144912
Error,87748
UpdateRouteReq,44497
Error,148153
UpdateRouteReq,48561
Error,107273
Error,49082
FindNodeReq,156842
FindNodeRsp,133172
FindNodeRsp,108509
FindNodeReq,154104
UpdateRouteReq,170818
FindNodeRsp,112195
FindNodeRsp,74633
FindNodeReq,160384
FindNodeRsp,111154
FindNodeRsp,100142
FindNodeReq,153559
FindNodeRsp,76498
UpdateRouteReq,105954
Error,40498
Error,149125
UpdateRouteReq,143366
Error,90716
UpdateRouteReq,47230
Error,147765
UpdateRouteReq,49727
Error,108269
Error,52686
FindNodeRsp,115590
FindNodeReq,159595
UpdateRouteReq,172044
FindNodeRsp,100109
FindNodeRsp,78942
FindNodeRsp,98598
UpdateRouteReq,105091
Error,39297
Error,100484
UpdateRouteReq,74918
Error,85297
UpdateRouteReq,43795
Error,150474
UpdateRouteReq,49030
Error,109358
Error,48976
FindNodeReq,165817
FindNodeReq,157424
UpdateRouteReq,171467
FindNodeRsp,74376
FindNodeRsp,73915
FindNodeReq,158663
FindNodeRsp,98884
FindNodeRsp,106996
FindNodeRsp,75314
FindNodeReq,137924
UpdateRouteReq,106556
Error,39687
Error,148555
UpdateRouteReq,148493
Error,89803
UpdateRouteReq,51259
Error,147632
UpdateRouteReq,51115
Error,107362
Error,51053
FindNodeRsp,42877
UpdateRouteReq,75842
PathSetupReq,64320
FindNodeReq,148943
FindNodeReq,163198
FindNodeReq,162586
FindNodeRsp,108822
FindNodeRsp,128291
FindNodeRsp,110225
UpdateRouteReq,104053
Error,38923
Error,148362
UpdateRouteReq,142117
Error,112032
UpdateRouteReq,45957
Error,149397
UpdateRouteReq,50575
Error,106310
Error,49793
UpdateRouteReq,170651
FindNodeRsp,99369
PathSetupReq,72258
PathSetupReq,43398
PathSetupReq,51397
PathSetupReq,52118
FindNodeReq,136166
PathSetupReq,120577
UpdateRouteReq,105641
Error,40223
Error,147916
UpdateRouteReq,144909
Error,90740
UpdateRouteReq,46841
Error,147286
UpdateRouteReq,48799
Error,104782
Error,49085
UpdateRouteReq,185269
FindNodeReq,126572
FindNodeRsp,109394
FindNodeReq,148737
FindNodeReq,151649
FindNodeRsp,94454
FindNodeRsp,79050
FindNodeRsp,110685
UpdateRouteReq,105817
Error,38799
Error,149525
UpdateRouteReq,144196
Error,89404
UpdateRouteReq,46779
Error,148862
UpdateRouteReq,51023
Error,106821
Error,50203
UpdateRouteReq,170644
FindNodeReq,143663
FindNodeRsp,111168
FindNodeReq,132999
FindNodeReq,137157
FindNodeRsp,79138
UpdateRouteReq,153409
Error,60059
Error,145727
UpdateRouteReq,81622
Error,135177
UpdateRouteReq,68882
Error,121994
Error,117186
Error,79798
FindNodeReq,147577
UpdateRouteReq,152893
FindNodeReq,144313
FindNodeRsp,99518
FindNodeReq,150791
FindNodeRsp,72930
FindNodeRsp,71967
FindNodeReq,136481
UpdateRouteReq,149529
Error,56757
Error,141833
UpdateRouteReq,76703
Error,135331
UpdateRouteReq,71770
Error,136257
UpdateRouteReq,68975
Error,117931
Error,78464
FindNodeReq,142492
FindNodeReq,146146
FindNodeReq,61762
FindNodeRsp,107066
FindNodeReq,160305
UpdateRouteReq,157900
FindNodeRsp,141197
FindNodeReq,142880
FindNodeRsp,110042
FindNodeRsp,72430
FindNodeReq,139490
FindNodeRsp,71699
FindNodeReq,143725
FindNodeReq,117401
FindNodeRsp,116210
FindNodeRsp,117135
FindNodeReq,144169
FindNodeRsp,68751
FindNodeRsp,106077
FindNodeRsp,72891
FindNodeReq,139692
FindNodeRsp,110173
FindNodeRsp,100879
UpdateRouteReq,153914
Error,60635
Error,150987
UpdateRouteReq,84778
Error,140641
UpdateRouteReq,74949
Error,122170
Error,118949
Error,64835
FindNodeReq,141122
FindNodeRsp,114518
UpdateRouteReq,167713
FindNodeReq,149391
FindNodeRsp,74730
FindNodeReq,146257
FindNodeReq,148768
FindNodeRsp,103131
FindNodeReq,152217
UpdateRouteReq,150975
Error,56823
Error,143579
UpdateRouteReq,83708
Error,137338
UpdateRouteReq,73549
Error,118854
Error,113365
Error,78180
FindNodeReq,139501
FindNodeReq,143984
FindNodeRsp,98107
UpdateRouteReq,163314
FindNodeReq,63170
FindNodeReq,146637
FindNodeReq,113547
FindNodeRsp,73038
FindNodeRsp,74795
FindNodeRsp,76921
FindNodeRsp,102398
FindNodeReq,147789
FindNodeReq,148378
FindNodeRsp,98020
FindNodeReq,137974
FindNodeRsp,123282
FindNodeRsp,113629
FindNodeRsp,73407
FindNodeRsp,105989
PNHello,122001
PNDiscRsp,70297
Error,218699
UpdateRouteReq,270568
UpdateRouteReq,82221
Error,136051
UpdateRouteReq,132517
Error,134597
UpdateRouteReq,168427
UpdateRouteReq,68586
UpdateRouteReq,76167
Error,132887
UpdateRouteReq,75603
Error,129488
UpdateRouteReq,86913
UpdateRouteReq,108357
Error,130223
PathTeardownReq,314432
Error,147171
Error,229561
Error,133802
Error,132925
PathTeardownReq,68984
Error,141669
Error,114890
Error,79771
FindNodeReq,150637
FindNodeReq,127503
FindNodeReq,136379
UpdateRouteReq,77698
PathSetupReq,62939
UpdateRouteReq,77780
PathSetupReq,47907
Error,162111
UpdateRouteReq,79230
UpdateRouteReq,114409
Error,143772
PathTeardownReq,62366
FindNodeReq,131361
FindNodeReq,121502
UpdateRouteReq,79784
Error,149026
PathSetupReq,65687
Error,133959
UpdateRouteReq,75020
Error,189332
UpdateRouteReq,73795
Error,130014
UpdateRouteReq,73298
Error,132570
UpdateRouteReq,69286
Error,71089
Error,142869
UpdateRouteReq,67337
UpdateRouteReq,75059
UpdateRouteReq,61011
UpdateRouteReq,80490
UpdateRouteReq,69050
UpdateRouteReq,69266
Error,75495
UpdateRouteReq,179225
Error,250527
UpdateRouteReq,312898
UpdateRouteReq,419191
Error,135891
UpdateRouteReq,74435
UpdateRouteReq,150510
UpdateRouteReq,77738
UpdateRouteReq,73592
Error,129253
UpdateRouteReq,263226
UpdateRouteReq,232779
UpdateRouteReq,338572
UpdateRouteReq,427114
UpdateRouteReq,472513
UpdateRouteReq,95227
UpdateRouteReq,74882
Error,124170
UpdateRouteReq,83585
UpdateRouteReq,84774
Error,130367
Error,130281
UpdateRouteReq,152917
UpdateRouteReq,155623
UpdateRouteReq,144497
Error,114478
UpdateRouteReq,68230
UpdateRouteReq,64885
Error,135915
Error,223532
UpdateRouteReq,231006
UpdateRouteReq,291534
Error,398503
UpdateRouteReq,54367
UpdateRouteReq,71832
UpdateRouteReq,89758
Error,87186
UpdateRouteReq,57985
Error,131612
FindNodeRsp,88084
UpdateRouteReq,52925
UpdateRouteReq,128274
Error,46537
UpdateRouteReq,92518
PathTeardownReq,37135
UpdateRouteReq,56964
PathTeardownReq,35853
PathTeardownReq,136401
Error,121802
UpdateRouteReq,74315
Error,131349
UpdateRouteReq,73092
UpdateRouteReq,71983
PathSetupReq,70563
Error,195927
Error,262622
UpdateRouteReq,274170
PathSetupReq,60847
Error,139409
Error,128057
Error,78846
Error,128173
UpdateRouteReq,80187
Error,143842
UpdateRouteReq,70806
Error,113794
Error,61866
UpdateRouteReq,78744
PathTeardownReq,71358
UpdateRouteReq,84087
FindNodeRsp,105756
UpdateRouteReq,306393
UpdateRouteReq,85466
UpdateRouteReq,59187
PathTeardownReq,63519
UpdateRouteReq,73595
UpdateRouteReq,52916
FindNodeRsp,109054
UpdateRouteReq,76145
PathSetupReq,52157
UpdateRouteReq,72051
UpdateRouteReq,65497
FindNodeReq,136509
UpdateRouteReq,95063
PathSetupReq,49139
FindNodeRsp,73044
UpdateRouteReq,296616
UpdateRouteReq,102110
UpdateRouteReq,96514
Error,216044
UpdateRouteReq,255436
UpdateRouteReq,91142
UpdateRouteReq,72791
Error,131539
UpdateRouteReq,106345
UpdateRouteReq,73816
Error,135549
UpdateRouteReq,72564
Error,142292
Error,126306
Error,131345
UpdateRouteReq,108025
UpdateRouteReq,69463
Error,213138
UpdateRouteReq,98450
Error,92646
Error,137535
Error,140081
Error,183863
Error,126177
UpdateRouteReq,75107
UpdateRouteReq,77694
UpdateRouteReq,146726
Error,122713
Error,146973
UpdateRouteReq,81502
Error,132473
UpdateRouteReq,78890
UpdateRouteReq,76870
Error,129416
UpdateRouteReq,168756
Error,195067
UpdateRouteReq,74591
Error,198416
Error,123369
UpdateRouteReq,77634
UpdateRouteReq,72671
UpdateRouteReq,142739
Error,154055
UpdateRouteReq,167004
Error,166349
Error,55946
UpdateRouteReq,77512
Error,132025
UpdateRouteReq,145300
UpdateRouteReq,192612
UpdateRouteReq,200544
Error,305803
UpdateRouteReq,69875
Error,127657
UpdateRouteReq,70847
Error,147082
Error,185022
UpdateRouteReq,310437
Error,77959
UpdateRouteReq,196607
UpdateRouteReq,193029
UpdateRouteReq,203008
Error,204351
UpdateRouteReq,76968
Error,129912
UpdateRouteReq,112595
UpdateRouteReq,119494
UpdateRouteReq,144762
UpdateRouteReq,135497
Error,138595
UpdateRouteReq,75255
UpdateRouteReq,96844
UpdateRouteReq,100178
UpdateRouteReq,137710
UpdateRouteReq,103870
Error,126448
UpdateRouteReq,76591
Error,149417
FindNodeReq,186496
UpdateRouteReq,89640
Error,93365
UpdateRouteReq,70795
UpdateRouteReq,60759
Error,89600
UpdateRouteReq,196281
UpdateRouteReq,73032
UpdateRouteReq,88028
PathTeardownReq,63902
UpdateRouteReq,75788
PathTeardownReq,61754
PathTeardownReq,67297
FindNodeRsp,121133
UpdateRouteReq,124519
FindNodeRsp,74053
FindNodeReq,154821
FindNodeRsp,78015
FindNodeRsp,78198
FindNodeRsp,78996
PNDiscReq,167789
PathSetupReq,130970
FindNodeRsp,76349
FindNodeRsp,73267
FindNodeReq,154201
FindNodeRsp,73363
FindNodeRsp,79820
FindNodeRsp,82536
FindNodeRsp,81289
FindNodeRsp,75018
FindNodeRsp,76134
FindNodeRsp,75706
FindNodeRsp,84984
FindNodeReq,157280
FindNodeRsp,85819
FindNodeRsp,87122
PathSetupReq,134053
FindNodeRsp,81456
QueryRouteReq,156640
UpdateRouteReq,214830
QueryRouteRsp,171865
QueryRouteRsp,125709
QueryRouteReq,207403
PathSetupReq,62938
FindNodeReq,119424
FindNodeRsp,123904
FindNodeReq,119798
FindNodeReq,125679
UpdateRouteReq,53394
UpdateRouteReq,48855
UpdateRouteReq,24418
UpdateRouteReq,24807
UpdateRouteReq,24122
FindNodeRsp,118359
FindNodeRsp,132398
FindNodeRsp,127381
PNDiscReq,207267
FindNodeReq,170730
FindNodeRsp,123586
FindNodeRsp,128298
FindNodeReq,178076
FindNodeReq,169217
UpdateRouteReq,53209
UpdateRouteReq,46468
PathTeardownReq,44023
UpdateRouteReq,49906
UpdateRouteReq,55923
UpdateRouteReq,138553
UpdateRouteReq,47982
UpdateRouteReq,56131
UpdateRouteReq,51257
PathSetupReq,39643
UpdateRouteReq,54238
UpdateRouteReq,55339
FindNodeRsp,128741
FindNodeReq,174467
FindNodeReq,174781
FindNodeRsp,127877
FindNodeReq,174186
PathSetupReq,63091
FindNodeRsp,109058
PathSetupReq,61618
PathSetupReq,54595
FindNodeReq,164032
FindNodeRsp,119777
PathSetupReq,106642
FindNodeReq,163318
FindNodeRsp,118604
FindNodeReq,158818
FindNodeRsp,126255
FindNodeRsp,110657
FindNodeRsp,116805
FindNodeReq,155982
FindNodeRsp,110890
FindNodeRsp,114253
FindNodeRsp,116153
FindNodeReq,155641
FindNodeReq,181576
FindNodeRsp,116287
FindNodeReq,159222
FindNodeReq,142433
FindNodeReq,88880
FindNodeReq,73343
FindNodeReq,68898
FindNodeRsp,117301
FindNodeReq,142312
FindNodeReq,87600
FindNodeReq,75111
FindNodeReq,74116
FindNodeReq,163330
FindNodeReq,149735
FindNodeReq,149882
FindNodeRsp,116557
FindNodeRsp,75217
FindNodeRsp,119363
FindNodeRsp,127501
FindNodeRsp,110321
FindNodeReq,156590
FindNodeRsp,75458
FindNodeReq,152035
FindNodeRsp,74767
FindNodeReq,141952
FindNodeReq,88843
FindNodeReq,72966
FindNodeReq,149599
FindNodeReq,150270
FindNodeReq,158004
FindNodeReq,150372
FindNodeReq,152524
FindNodeReq,150723
FindNodeRsp,79735
FindNodeReq,152356
FindNodeRsp,119962
FindNodeReq,150848
FindNodeReq,150827
FindNodeRsp,113534
FindNodeRsp,108177
FindNodeReq,150198
FindNodeReq,158851
FindNodeReq,151701
FindNodeRsp,119710
FindNodeReq,151613
FindNodeReq,152063
PNDiscReq,122973
FindNodeReq,162501
FindNodeReq,151851
PathSetupReq,61546
FindNodeReq,154535
FindNodeRsp,127511
FindNodeRsp,110286
PathSetupReq,60324
PathSetupReq,54093
FindNodeRsp,117917
FindNodeReq,185492
FindNodeReq,149089
FindNodeRsp,78526
FindNodeRsp,79934
FindNodeReq,150433
PathTeardownReq,71998
QueryRouteReq,137013
QueryRouteReq,149833
FindNodeReq,147135
FindNodeReq,146988
FindNodeReq,84575
FindNodeReq,67694
PathSetupReq,40259
FindNodeReq,68027
FindNodeReq,66754
FindNodeReq,177929
FindNodeReq,76511
Error,125618
Error,59463
FindNodeRsp,95687
FindNodeRsp,95414
FindNodeRsp,75444
Error,159008
Error,99737
FindNodeReq,144289
PathTeardownReq,63611
UpdateRouteReq,74811
UpdateRouteReq,77378
FindNodeRsp,97102
UpdateRouteReq,90632
PathSetupReq,35864
UpdateRouteReq,44248
UpdateRouteReq,42807
FindNodeReq,149537
FindNodeReq,155132
FindNodeReq,155661
FindNodeReq,157912
FindNodeRsp,94534
FindNodeReq,153265
FindNodeRsp,77436
FindNodeReq,153761
Error,102427
FindNodeReq,184288
FindNodeReq,149017
FindNodeReq,138313
FindNodeReq,84547
FindNodeReq,74091
FindNodeReq,68902
FindNodeRsp,94992
FindNodeReq,150528
FindNodeRsp,98474
FindNodeReq,152312
FindNodeRsp,103434
FindNodeRsp,88580
FindNodeRsp,93568
FindNodeReq,155962
FindNodeReq,146656
FindNodeReq,157710
FindNodeReq,149144
FindNodeReq,139291
FindNodeReq,88006
FindNodeReq,72736
FindNodeReq,68519
FindNodeRsp,93178
FindNodeReq,148185
FindNodeReq,146343
FindNodeReq,161072
FindNodeRsp,91690
FindNodeReq,153101
FindNodeReq,157884
FindNodeRsp,95542
FindNodeReq,152511
FindNodeRsp,79260
FindNodeReq,179722
Error,78907
FindNodeRsp,95724
FindNodeReq,155065
FindNodeReq,155442
FindNodeRsp,95748
FindNodeReq,152457
FindNodeReq,157138
FindNodeReq,138048
FindNodeReq,85138
FindNodeReq,71234
FindNodeReq,68927
FindNodeRsp,95962
FindNodeReq,152144
FindNodeRsp,95564
FindNodeReq,153712
FindNodeReq,146655
FindNodeRsp,83991
FindNodeReq,152285
FindNodeReq,147376
FindNodeReq,155944
FindNodeReq,146413
FindNodeRsp,99684
FindNodeReq,157735
FindNodeRsp,84463
FindNodeReq,152622
FindNodeReq,158378
FindNodeReq,140057
FindNodeReq,86078
FindNodeReq,70453
FindNodeReq,67964
FindNodeReq,159288
FindNodeRsp,93584
FindNodeRsp,107644
FindNodeRsp,87303
FindNodeReq,157868
FindNodeRsp,84943
FindNodeReq,152664
FindNodeRsp,96041
FindNodeReq,152585
FindNodeReq,173004
FindNodeRsp,85414
FindNodeReq,155441
FindNodeReq,148117
FindNodeRsp,96917
FindNodeReq,145815
UpdateRouteReq,75254
UpdateRouteReq,48433
PathTeardownReq,39042
FindNodeRsp,95529
FindNodeReq,149029
FindNodeReq,150324
FindNodeRsp,99305
UpdateRouteReq,91860
PathSetupReq,35575
FindNodeReq,165631
FindNodeReq,194227
FindNodeReq,75015
FindNodeReq,67918
FindNodeReq,66437
UpdateRouteReq,94378
FindNodeReq,195223
FindNodeReq,142787
FindNodeReq,151780
FindNodeRsp,97189
FindNodeReq,142624
FindNodeReq,141709
FindNodeRsp,100506
FindNodeReq,149529
FindNodeReq,152657
FindNodeRsp,98972
FindNodeReq,149965
FindNodeRsp,97824
FindNodeReq,148983
FindNodeReq,146513
FindNodeReq,152836
FindNodeRsp,96612
FindNodeReq,147869
FindNodeRsp,95403
FindNodeRsp,109734
FindNodeRsp,88932
FindNodeReq,133010
FindNodeReq,85170
FindNodeReq,69670
FindNodeReq,67413
FindNodeRsp,88952
FindNodeRsp,87741
FindNodeReq,148201
FindNodeReq,145642
FindNodeRsp,99651
FindNodeReq,148717
FindNodeReq,151258
FindNodeReq,146746
FindNodeReq,142685
FindNodeRsp,85050
FindNodeReq,148996
FindNodeReq,143943
FindNodeReq,152690
FindNodeReq,135456
FindNodeReq,125393
FindNodeReq,76406
FindNodeReq,68864
FindNodeRsp,98619
FindNodeReq,151596
FindNodeReq,151901
FindNodeRsp,91725
FindNodeReq,151397
FindNodeReq,147462
FindNodeReq,154657
FindNodeReq,146389
FindNodeRsp,97766
FindNodeReq,151180
FindNodeReq,143969
PathTeardownReq,95686
QueryRouteReq,142301
FindNodeReq,145417
FindNodeReq,96946
FindNodeReq,76710
QueryRouteReq,84805
FindNodeReq,80337
PathSetupReq,39114
FindNodeRsp,94693
FindNodeReq,151493
FindNodeReq,144497
FindNodeRsp,99717
FindNodeReq,145570
FindNodeReq,153224
FindNodeReq,143901
FindNodeRsp,91462
PathTeardownReq,91618
FindNodeRsp,134465
QueryRouteReq,202368
QueryRouteReq,146087
PathSetupReq,61640
FindNodeReq,156532
FindNodeReq,156224
PathSetupReq,61690
FindNodeReq,140805
FindNodeReq,91684
FindNodeReq,75902
FindNodeRsp,100862
FindNodeReq,154698
PathTeardownReq,63803
QueryRouteReq,137057
QueryRouteReq,139620
FindNodeRsp,97000
PathSetupReq,41784
FindNodeReq,148409
FindNodeReq,152651
FindNodeRsp,87905
FindNodeRsp,88772
PathSetupReq,58409
PathSetupReq,52697
FindNodeRsp,99162
FindNodeReq,148993
FindNodeReq,151034
FindNodeRsp,97925
FindNodeReq,150656
FindNodeRsp,97406
FindNodeReq,149205
FindNodeReq,151369
FindNodeRsp,100204
FindNodeReq,145197
PathSetupReq,57874
FindNodeRsp,98081
FindNodeReq,150422
FindNodeReq,147646
FindNodeRsp,127971
FindNodeReq,152737
FindNodeReq,145757
FindNodeRsp,122582
FindNodeReq,150291
FindNodeReq,156562
FindNodeRsp,99460
FindNodeReq,149133
FindNodeReq,151956
FindNodeReq,155109
FindNodeRsp,99818
FindNodeReq,149090
FindNodeReq,151252
FindNodeReq,154336
FindNodeRsp,82518
FindNodeReq,148113
FindNodeReq,151957
FindNodeReq,145448
FindNodeRsp,83445
FindNodeReq,150437
FindNodeReq,149240
FindNodeReq,153785
FindNodeRsp,93844
FindNodeReq,147929
FindNodeReq,149403
FindNodeReq,144815
FindNodeReq,151958
FindNodeRsp,106377
FindNodeRsp,90140
FindNodeRsp,99302
FindNodeReq,150109
FindNodeReq,150343
FindNodeRsp,95729
FindNodeReq,149453
FindNodeReq,150819
FindNodeReq,144898
FindNodeRsp,98977
FindNodeReq,150322
FindNodeRsp,96745
FindNodeReq,149377
FindNodeReq,165720
FindNodeRsp,82493
FindNodeReq,139415
FindNodeRsp,91170
FindNodeReq,135737
FindNodeReq,151908
PNDiscReq,123045
FindNodeRsp,100225
FindNodeReq,135876
FindNodeReq,154388
FindNodeReq,138813
FindNodeRsp,87958
FindNodeReq,150540
FindNodeRsp,87870
FindNodeReq,136917
FindNodeReq,134624
FindNodeReq,139189
FindNodeRsp,82949
FindNodeReq,134372
FindNodeReq,137819
FindNodeRsp,91038
FindNodeReq,135403
FindNodeReq,151073
FindNodeRsp,86667
FindNodeReq,134294
FindNodeReq,151943
FindNodeReq,140475
FindNodeRsp,96761
FindNodeReq,136815
FindNodeReq,151697
FindNodeRsp,95894
FindNodeRsp,84138
FindNodeRsp,81033
FindNodeRsp,99809
FindNodeReq,159461
FindNodeReq,161728
FindNodeReq,152964
FindNodeRsp,86058
FindNodeReq,150664
FindNodeRsp,81738
FindNodeReq,157793
FindNodeReq,157621
FindNodeReq,165328
FindNodeRsp,98122
FindNodeReq,156081
FindNodeReq,159160
FindNodeReq,150063
FindNodeRsp,97588
FindNodeReq,158329
FindNodeReq,157282
FindNodeRsp,96408
FindNodeReq,156097
FindNodeReq,151552
FindNodeRsp,84009
FindNodeReq,154917
FindNodeRsp,98207
FindNodeReq,156509
FindNodeReq,150953
FindNodeReq,160468
FindNodeRsp,100052
FindNodeRsp,83529
FindNodeReq,159171
FindNodeRsp,89559
FindNodeReq,160563
FindNodeReq,152021
FindNodeReq,160077
FindNodeRsp,88228
FindNodeReq,159918
FindNodeRsp,98198
FindNodeRsp,81138
FindNodeRsp,88687
FindNodeReq,155422
FindNodeReq,157129
FindNodeReq,162075
FindNodeRsp,101913
FindNodeReq,155456
FindNodeReq,161456
FindNodeRsp,99953
FindNodeReq,154903
FindNodeReq,158972
FindNodeReq,161270
FindNodeRsp,101058
FindNodeReq,156939
FindNodeReq,151866
FindNodeRsp,102998
FindNodeReq,151666
FindNodeRsp,96916
FindNodeReq,151477
FindNodeReq,158464
FindNodeRsp,94998
FindNodeReq,155901
FindNodeReq,157559
FindNodeRsp,86811
FindNodeReq,155388
FindNodeReq,160224
FindNodeRsp,97901
FindNodeReq,154257
FindNodeRsp,87290
FindNodeReq,158851
FindNodeReq,188282
FindNodeRsp,89926
FindNodeReq,161909
PathSetupReq,62432
FindNodeRsp,87778
FindNodeReq,182260
FindNodeReq,152804
FindNodeRsp,85042
PathSetupReq,60298
FindNodeRsp,92722
FindNodeRsp,65734
PathSetupReq,53719
FindNodeRsp,87542
FindNodeReq,155417
FindNodeReq,158181
FindNodeRsp,98853
FindNodeReq,159579
FindNodeReq,159928
FindNodeReq,151680
FindNodeReq,159852
FindNodeRsp,100162
FindNodeReq,157564
FindNodeReq,161338
FindNodeRsp,92064
FindNodeReq,154877
FindNodeReq,158283
FindNodeReq,151329
PathTeardownReq,62742
FindNodeRsp,100241
QueryRouteReq,164038
QueryRouteReq,199210
PathSetupReq,56167
FindNodeReq,158033
FindNodeRsp,99938
FindNodeReq,153239
FindNodeRsp,98563
FindNodeReq,154404
FindNodeReq,166627
FindNodeRsp,90040
FindNodeRsp,99986
FindNodeReq,164268
FindNodeReq,152202
FindNodeReq,159717
FindNodeRsp,97051
FindNodeReq,161511
FindNodeReq,150978
FindNodeReq,155628
FindNodeReq,155042
FindNodeReq,152252
FindNodeReq,152373
FindNodeReq,159162
FindNodeRsp,82554
FindNodeReq,153185
FindNodeReq,159085
FindNodeRsp,122334
FindNodeReq,156389
FindNodeReq,151796
FindNodeRsp,85602
FindNodeRsp,93520
FindNodeRsp,86710
FindNodeRsp,124578
FindNodeReq,156625
FindNodeReq,149391
FindNodeRsp,97253
FindNodeReq,154553
FindNodeReq,157075
FindNodeReq,161569
FindNodeRsp,91814
FindNodeReq,156268
FindNodeReq,161281
FindNodeReq,158694
FindNodeRsp,102378
FindNodeReq,158313
FindNodeReq,162588
FindNodeReq,159601
FindNodeRsp,89756
FindNodeReq,155019
FindNodeRsp,100878
FindNodeReq,156676
FindNodeReq,157597
FindNodeReq,153413
FindNodeReq,158313
FindNodeRsp,82782
FindNodeRsp,99429
FindNodeReq,170051
FindNodeReq,185192
FindNodeRsp,83390
FindNodeReq,156473
FindNodeReq,159373
FindNodeReq,159925
FindNodeRsp,92258
FindNodeReq,153253
FindNodeReq,159276
FindNodeRsp,99627
FindNodeReq,155495
FindNodeReq,152977
FindNodeReq,160565
FindNodeRsp,93725
FindNodeReq,156244
FindNodeReq,158424
FindNodeRsp,99096
FindNodeReq,158605
FindNodeRsp,90665
FindNodeRsp,81530
FindNodeReq,148990
FindNodeReq,159096
FindNodeRsp,88192
FindNodeRsp,95634
FindNodeReq,156591
FindNodeReq,159622
FindNodeRsp,99985
FindNodeReq,177821
FindNodeReq,161991
FindNodeRsp,98380
FindNodeReq,156689
FindNodeReq,150903
UpdateRouteReq,93911
UpdateRouteReq,51363
PathTeardownReq,40356
FindNodeRsp,71460
UpdateRouteReq,65526
PathSetupReq,62591
FindNodeReq,157187
UpdateRouteReq,72051
FindNodeReq,151737
FindNodeRsp,98819
FindNodeReq,159222
FindNodeRsp,85646
FindNodeReq,155475
FindNodeReq,161138
FindNodeRsp,91089
FindNodeReq,154668
FindNodeRsp,96766
FindNodeReq,154443
FindNodeReq,159496
FindNodeRsp,84060
FindNodeReq,156077
FindNodeReq,152682
FindNodeRsp,87484
FindNodeReq,160222
FindNodeRsp,98161
FindNodeReq,155529
FindNodeReq,159569
FindNodeReq,161544
FindNodeRsp,95067
FindNodeRsp,91272
FindNodeRsp,89725
FindNodeRsp,98378
FindNodeReq,160211
FindNodeReq,161618
FindNodeRsp,88229
FindNodeReq,155249
FindNodeReq,152001
FindNodeReq,158317
FindNodeRsp,91470
FindNodeReq,157635
FindNodeReq,157409
FindNodeReq,162678
FindNodeRsp,100311
FindNodeReq,197235
FindNodeReq,162357
FindNodeRsp,109849
FindNodeReq,154645
FindNodeReq,156878
FindNodeReq,153656
FindNodeReq,160244
PNDiscReq,122844
FindNodeRsp,99233
PathTeardownReq,82269
QueryRouteReq,90086
QueryRouteReq,198908
FindNodeReq,134779
FindNodeReq,82247
FindNodeReq,69400
FindNodeReq,67975
FindNodeReq,66623
PathSetupReq,38654
FindNodeReq,67338
FindNodeReq,68431
FindNodeReq,162662
FindNodeReq,158911
FindNodeRsp,94858
FindNodeReq,158535
FindNodeReq,150559
FindNodeRsp,82391
FindNodeReq,153206
FindNodeReq,157856
FindNodeReq,157982
PathTeardownReq,78497
FindNodeRsp,91001
FindNodeReq,159265
QueryRouteReq,197754
PathSetupReq,73113
PathTeardownReq,51847
PathSetupReq,66480
FindNodeRsp,91977
FindNodeReq,142473
FindNodeReq,86762
FindNodeReq,76138
PathSetupReq,59430
FindNodeRsp,106747
FindNodeReq,156871
FindNodeReq,150001
PathTeardownReq,50117
FindNodeRsp,91708
QueryRouteReq,98262
QueryRouteReq,178440
PathSetupReq,63647
PathSetupReq,59731
FindNodeRsp,117546
FindNodeRsp,89779
PathSetupReq,53941
FindNodeRsp,87667
FindNodeReq,157662
FindNodeReq,157094
FindNodeRsp,99314
FindNodeReq,156413
FindNodeRsp,91218
FindNodeReq,152673
FindNodeReq,158225
FindNodeReq,150762
FindNodeRsp,83626
FindNodeReq,155577
PathSetupReq,77916
FindNodeReq,161836
FindNodeRsp,81662
FindNodeReq,157701
FindNodeReq,152348
FindNodeReq,184642
FindNodeReq,143012
FindNodeReq,90678
FindNodeReq,73498
FindNodeRsp,99598
FindNodeReq,156713
FindNodeReq,155945
FindNodeRsp,89211
FindNodeReq,170410
FindNodeReq,151237
FindNodeRsp,88106
FindNodeReq,155062
FindNodeReq,150730
FindNodeRsp,100208
FindNodeReq,143540
FindNodeReq,90074
FindNodeReq,74415
FindNodeReq,70487
FindNodeRsp,108142
FindNodeReq,154815
FindNodeReq,152646
FindNodeReq,152522
FindNodeRsp,94690
FindNodeReq,156525
FindNodeRsp,99470
FindNodeReq,154524
FindNodeReq,156464
FindNodeReq,154741
FindNodeReq,160162
FindNodeRsp,95453
FindNodeRsp,75582
FindNodeReq,143077
FindNodeReq,87830
FindNodeReq,77038
FindNodeReq,70294
FindNodeRsp,97178
FindNodeReq,151197
FindNodeRsp,99097
FindNodeReq,158340
FindNodeRsp,98502
FindNodeReq,156365
FindNodeReq,158229
FindNodeReq,150562
FindNodeRsp,91300
FindNodeReq,158544
FindNodeReq,159598
FindNodeRsp,85540
FindNodeReq,154612
FindNodeReq,144622
FindNodeReq,92174
FindNodeReq,74412
FindNodeReq,71511
FindNodeRsp,89388
FindNodeRsp,87882
FindNodeReq,156484
FindNodeReq,153016
FindNodeReq,152206
FindNodeReq,160661
FindNodeRsp,101169
FindNodeReq,157908
FindNodeReq,157287
FindNodeReq,154149
FindNodeReq,160137
FindNodeRsp,95214
FindNodeReq,155162
FindNodeReq,151010
FindNodeReq,162169
FindNodeRsp,85282
FindNodeReq,157933
FindNodeReq,186397
FindNodeRsp,105548
FindNodeReq,156677
FindNodeReq,159938
FindNodeRsp,100472
FindNodeReq,155069
FindNodeReq,157584
FindNodeReq,153345
FindNodeReq,159193
FindNodeRsp,85955
FindNodeRsp,94534
FindNodeRsp,99091
FindNodeReq,157603
FindNodeReq,141377
FindNodeReq,89750
FindNodeReq,74471
FindNodeReq,73466
FindNodeRsp,98049
FindNodeReq,157769
FindNodeRsp,85822
FindNodeReq,155595
FindNodeReq,154056
FindNodeReq,153156
FindNodeReq,151189
FindNodeRsp,98994
FindNodeReq,158430
FindNodeReq,151148
FindNodeReq,160777
FindNodeRsp,100158
FindNodeReq,150868
FindNodeReq,159061
FindNodeRsp,88024
FindNodeReq,154663
FindNodeReq,159085
FindNodeRsp,85936
FindNodeReq,156349
FindNodeReq,153884
FindNodeReq,143963
FindNodeReq,94562
FindNodeReq,74940
FindNodeReq,73544
FindNodeReq,158553
FindNodeRsp,100482
FindNodeReq,153453
FindNodeReq,157092
FindNodeReq,151073
FindNodeRsp,100727
FindNodeReq,152021
FindNodeReq,152768
FindNodeRsp,84767
FindNodeReq,154585
FindNodeReq,161641
FindNodeRsp,102146
FindNodeReq,151496
FindNodeReq,143699
FindNodeReq,90458
FindNodeReq,76437
FindNodeReq,72917
FindNodeRsp,110109
FindNodeReq,153608
FindNodeRsp,95364
FindNodeReq,158737
FindNodeReq,159005
FindNodeReq,161055
FindNodeRsp,83746
FindNodeRsp,70759
FindNodeRsp,79040
FindNodeRsp,94617
FindNodeReq,155550
FindNodeReq,150378
FindNodeRsp,101798
FindNodeReq,152331
FindNodeRsp,100612
FindNodeReq,157064
FindNodeReq,158039
FindNodeRsp,86802
FindNodeReq,156645
FindNodeReq,160184
FindNodeRsp,100620
FindNodeReq,158270
FindNodeReq,141402
FindNodeReq,88302
FindNodeReq,77541
FindNodeReq,70399
FindNodeRsp,99555
FindNodeReq,157274
FindNodeReq,161414
FindNodeRsp,99444
FindNodeReq,152633
FindNodeReq,155248
FindNodeReq,151380
FindNodeReq,151177
FindNodeRsp,85110
FindNodeRsp,91435
FindNodeReq,157225
FindNodeReq,151861
FindNodeReq,158653
FindNodeReq,144797
FindNodeReq,88442
FindNodeReq,76190
FindNodeReq,73166
FindNodeRsp,89211
FindNodeReq,153782
FindNodeRsp,79722
FindNodeReq,150811
FindNodeReq,156808
FindNodeReq,150086
PathSetupReq,61310
FindNodeReq,161596
FindNodeRsp,99661
FindNodeReq,156131
FindNodeReq,157804
FindNodeReq,143328
FindNodeReq,87390
FindNodeReq,77627
FindNodeReq,73945
PathSetupReq,59935
FindNodeRsp,96550
FindNodeRsp,87483
FindNodeRsp,85870
PathSetupReq,53525
FindNodeReq,149338
FindNodeReq,207472
FindNodeRsp,88711
FindNodeReq,155476
FindNodeReq,155011
FindNodeRsp,86102
FindNodeReq,154692
FindNodeReq,157677
FindNodeRsp,86421
FindNodeReq,150789
FindNodeReq,152397
FindNodeRsp,87933
FindNodeReq,154931
FindNodeReq,157267
PathSetupReq,57739
PathTeardownReq,54575
