PNDiscReq,140331
PNHello,193719
PNDiscRsp,59887
QueryRouteReq,39505
UpdateRouteReq,14827
UpdateRouteReq,13518
UpdateRouteReq,13584
QueryRouteRsp,32070
UpdateRouteReq,24759
UpdateRouteReq,14471
QueryRouteReq,75918
UpdateRouteReq,39592
QueryRouteReq,81746
QueryRouteRsp,218306
UpdateRouteReq,227967
UpdateRouteReq,269029
UpdateRouteReq,142141
QueryRouteRsp,108714
QueryRouteRsp,95566
QueryRouteReq,72919
PathSetupReq,40394
UpdateRouteReq,50372
UpdateRouteReq,93218
UpdateRouteReq,65062
PathSetupReq,54868
UpdateRouteReq,221872
PathSetupReq,44469
FindNodeRsp,127829
PNHello,165896
PNDiscRsp,111285
FindNodeRsp,111745
PNDiscReq,199837
FindNodeRsp,126029
FindNodeRsp,124618
PNHello,125533
PNDiscRsp,69919
PNDiscReq,129636
FindNodeRsp,135485
FindNodeRsp,136078
FindNodeReq,113209
FindNodeRsp,140417
FindNodeReq,176088
FindNodeReq,175243
FindNodeReq,165586
FindNodeRsp,134881
FindNodeReq,135135
FindNodeRsp,134647
PNHello,125913
PNDiscRsp,70523
FindNodeRsp,132279
PNDiscReq,124312
FindNodeRsp,125838
FindNodeRsp,133817
FindNodeReq,209690
FindNodeReq,169528
FindNodeRsp,133492
FindNodeReq,104499
FindNodeRsp,127681
FindNodeReq,169021
FindNodeRsp,128042
FindNodeReq,115841
FindNodeRsp,124507
FindNodeRsp,122232
FindNodeRsp,124313
FindNodeReq,181902
FindNodeRsp,137750
FindNodeRsp,127862
FindNodeReq,177514
FindNodeRsp,128590
FindNodeReq,178011
PNHello,149642
PNDiscRsp,71151
FindNodeRsp,118072
FindNodeRsp,123761
PNDiscReq,125823
FindNodeReq,164989
FindNodeRsp,141432
FindNodeRsp,126264
FindNodeReq,166595
FindNodeReq,169377
FindNodeRsp,135277
FindNodeReq,115362
FindNodeRsp,141526
FindNodeReq,174896
FindNodeRsp,136764
FindNodeReq,166649
FindNodeRsp,129677
FindNodeReq,173527
FindNodeRsp,142307
FindNodeReq,178090
FindNodeRsp,136139
FindNodeRsp,129004
FindNodeReq,248584
FindNodeReq,165003
FindNodeRsp,131694
FindNodeReq,173664
FindNodeReq,172261
FindNodeRsp,133085
FindNodeReq,168395
FindNodeRsp,120291
FindNodeRsp,149813
FindNodeRsp,136298
FindNodeRsp,133455
FindNodeReq,168258
FindNodeRsp,126005
FindNodeReq,190298
FindNodeReq,165692
FindNodeRsp,132201
FindNodeReq,108005
FindNodeReq,105150
FindNodeRsp,139953
FindNodeRsp,129477
FindNodeReq,167217
FindNodeRsp,118014
FindNodeRsp,136250
FindNodeReq,176122
FindNodeReq,179523
PNHello,125889
PNDiscRsp,69637
FindNodeRsp,127955
FindNodeReq,175841
FindNodeRsp,121864
FindNodeRsp,128171
FindNodeRsp,134179
PNDiscReq,126194
FindNodeRsp,140157
FindNodeRsp,119299
FindNodeRsp,128906
PathSetupReq,86551
PathSetupReq,84707
PathSetupReq,82985
FindNodeRsp,290160
FindNodeReq,163432
PathSetupReq,94482
FindNodeReq,165172
PathSetupReq,83673
FindNodeRsp,138766
PathSetupReq,80362
PathSetupReq,107374
PathSetupReq,41907
PathSetupReq,92503
FindNodeReq,205963
FindNodeRsp,137869
FindNodeReq,171084
FindNodeRsp,126082
FindNodeRsp,120963
FindNodeRsp,123029
FindNodeReq,195180
FindNodeRsp,123011
FindNodeRsp,134930
FindNodeRsp,130536
FindNodeRsp,145464
FindNodeReq,169598
FindNodeReq,168469
FindNodeRsp,124783
FindNodeRsp,130768
FindNodeRsp,117346
FindNodeRsp,135515
FindNodeRsp,136170
FindNodeReq,108027
FindNodeReq,176805
FindNodeReq,166271
FindNodeRsp,131477
FindNodeReq,103628
FindNodeRsp,131531
FindNodeReq,166838
FindNodeRsp,129309
FindNodeRsp,128687
FindNodeReq,169907
FindNodeRsp,127920
FindNodeRsp,128057
FindNodeReq,219856
FindNodeReq,170001
FindNodeRsp,142709
FindNodeReq,168482
FindNodeRsp,124510
FindNodeReq,175638
FindNodeRsp,136609
FindNodeReq,166820
FindNodeRsp,117928
FindNodeRsp,133714
FindNodeRsp,224750
FindNodeReq,168963
FindNodeReq,172003
FindNodeReq,168128
FindNodeRsp,125701
FindNodeReq,166957
FindNodeRsp,140277
FindNodeReq,174969
FindNodeRsp,119455
FindNodeReq,168175
FindNodeRsp,137338
FindNodeRsp,115730
FindNodeRsp,129217
FindNodeRsp,131455
FindNodeReq,164174
FindNodeReq,176254
FindNodeReq,168729
FindNodeRsp,143757
FindNodeRsp,123406
FindNodeReq,177690
FindNodeReq,205828
FindNodeRsp,119326
FindNodeRsp,130541
PNHello,148561
PNDiscRsp,67875
FindNodeReq,170874
FindNodeRsp,124280
FindNodeRsp,121536
FindNodeRsp,139465
FindNodeReq,175328
FindNodeRsp,128841
FindNodeReq,168084
FindNodeRsp,112010
FindNodeReq,109646
FindNodeRsp,125033
FindNodeReq,166402
FindNodeRsp,128864
FindNodeRsp,119768
PNDiscReq,128245
FindNodeRsp,134093
FindNodeReq,167525
FindNodeRsp,139164
FindNodeReq,166145
FindNodeRsp,132142
FindNodeRsp,118422
FindNodeReq,166013
FindNodeRsp,119671
FindNodeRsp,147327
FindNodeRsp,116301
FindNodeReq,163765
PathSetupReq,85279
FindNodeReq,105598
FindNodeRsp,143891
PathSetupReq,66842
PathSetupReq,66711
FindNodeRsp,121230
PathSetupReq,111934
FindNodeReq,167360
PathSetupReq,82619
FindNodeRsp,140432
PathSetupReq,66202
PathSetupReq,96462
PathSetupReq,98937
PathSetupReq,47864
FindNodeReq,109305
FindNodeRsp,138191
FindNodeRsp,138032
FindNodeRsp,123966
FindNodeRsp,160076
FindNodeRsp,132825
FindNodeRsp,127421
FindNodeRsp,117313
FindNodeReq,206896
FindNodeRsp,120343
FindNodeReq,165316
FindNodeRsp,125290
FindNodeRsp,125145
FindNodeRsp,136914
FindNodeRsp,122014
FindNodeReq,165064
FindNodeRsp,132941
FindNodeReq,165898
FindNodeRsp,134781
FindNodeReq,171737
FindNodeRsp,125865
FindNodeReq,109997
FindNodeRsp,130065
FindNodeRsp,126152
FindNodeRsp,134189
FindNodeReq,163657
FindNodeReq,180221
FindNodeRsp,119877
FindNodeReq,179224
FindNodeRsp,138196
FindNodeRsp,131903
FindNodeReq,168879
FindNodeRsp,121097
FindNodeReq,167332
FindNodeRsp,130407
FindNodeReq,170249
FindNodeRsp,119095
FindNodeRsp,136331
FindNodeRsp,158063
FindNodeReq,166220
FindNodeRsp,133351
FindNodeReq,112253
FindNodeReq,169089
FindNodeRsp,132250
FindNodeReq,189176
FindNodeRsp,136291
FindNodeReq,164643
FindNodeRsp,117442
FindNodeRsp,122790
FindNodeRsp,113914
FindNodeRsp,129613
FindNodeReq,208086
FindNodeReq,106957
FindNodeRsp,117514
FindNodeReq,122653
FindNodeReq,179186
FindNodeRsp,141833
FindNodeReq,171549
FindNodeRsp,125914
FindNodeReq,180645
FindNodeRsp,123879
FindNodeReq,225155
FindNodeRsp,124557
FindNodeRsp,155699
FindNodeReq,167069
FindNodeRsp,125598
FindNodeReq,165360
FindNodeRsp,128230
FindNodeReq,172272
FindNodeRsp,141884
FindNodeReq,131627
FindNodeReq,176569
FindNodeRsp,136847
FindNodeReq,172908
FindNodeRsp,131799
FindNodeRsp,122066
FindNodeRsp,118452
FindNodeRsp,137151
FindNodeRsp,170750
FindNodeReq,175608
FindNodeReq,177503
FindNodeRsp,136598
FindNodeRsp,134526
FindNodeRsp,128056
PathSetupReq,85529
FindNodeRsp,118034
FindNodeReq,180800
PathSetupReq,85020
PathSetupReq,98672
FindNodeRsp,113594
PathSetupReq,116326
FindNodeReq,166763
PathSetupReq,64348
PathSetupReq,99663
FindNodeRsp,145659
PathSetupReq,109648
PathSetupReq,137978
PathSetupReq,37813
FindNodeReq,104031
FindNodeRsp,62786
FindNodeReq,134492
FindNodeRsp,172364
FindNodeRsp,140317
FindNodeReq,111424
FindNodeRsp,139441
FindNodeRsp,136469
FindNodeRsp,122185
FindNodeReq,286978
FindNodeRsp,131325
FindNodeReq,173932
PNHello,123819
PNDiscRsp,70883
FindNodeRsp,139093
FindNodeReq,182876
FindNodeRsp,138097
FindNodeRsp,135062
FindNodeReq,107117
FindNodeRsp,145765
FindNodeRsp,117999
PNDiscReq,130026
FindNodeRsp,115415
FindNodeRsp,122117
FindNodeReq,160429
FindNodeRsp,126089
FindNodeRsp,138991
FindNodeRsp,135703
FindNodeRsp,122509
FindNodeReq,129924
FindNodeReq,174138
FindNodeRsp,134497
FindNodeReq,174750
FindNodeReq,111687
FindNodeReq,341268
FindNodeRsp,122376
FindNodeReq,181387
FindNodeRsp,138851
FindNodeRsp,137555
FindNodeRsp,113024
FindNodeRsp,139626
FindNodeReq,163680
FindNodeRsp,129843
FindNodeReq,157904
FindNodeReq,118608
FindNodeRsp,136285
FindNodeRsp,137375
FindNodeRsp,135065
FindNodeReq,173832
FindNodeRsp,111767
FindNodeRsp,113032
FindNodeRsp,123380
FindNodeReq,102293
FindNodeRsp,122086
FindNodeRsp,132712
FindNodeRsp,138165
FindNodeReq,132705
FindNodeReq,178523
FindNodeRsp,136854
FindNodeRsp,135045
FindNodeRsp,116027
PathSetupReq,89718
FindNodeRsp,141937
PathSetupReq,83941
FindNodeRsp,115694
PathSetupReq,97349
PathSetupReq,126049
PathSetupReq,250603
PathSetupReq,257411
FindNodeReq,127706
FindNodeRsp,119306
FindNodeRsp,136865
FindNodeReq,163071
FindNodeReq,179260
FindNodeReq,115220
FindNodeReq,200832
FindNodeRsp,131049
FindNodeReq,180168
FindNodeRsp,142603
FindNodeRsp,133893
FindNodeReq,163329
FindNodeReq,163383
FindNodeRsp,133365
FindNodeReq,179160
FindNodeRsp,161860
FindNodeReq,193365
FindNodeReq,108823
FindNodeReq,174916
FindNodeReq,119131
FindNodeRsp,131161
FindNodeRsp,132725
FindNodeReq,127928
FindNodeReq,177319
FindNodeReq,115126
FindNodeRsp,113146
FindNodeRsp,115521
FindNodeReq,102808
FindNodeRsp,139089
FindNodeReq,177380
FindNodeRsp,137683
FindNodeRsp,138619
FindNodeRsp,139872
FindNodeRsp,140823
FindNodeRsp,123905
FindNodeReq,114259
FindNodeRsp,130301
FindNodeReq,170933
FindNodeRsp,135401
PNHello,125748
PNDiscRsp,72461
FindNodeRsp,133901
FindNodeRsp,137061
FindNodeReq,173888
FindNodeRsp,133830
FindNodeReq,105741
FindNodeRsp,134561
FindNodeRsp,116769
FindNodeRsp,130269
PNDiscReq,150212
FindNodeRsp,135697
FindNodeReq,178528
FindNodeRsp,131592
FindNodeReq,172488
FindNodeRsp,122530
FindNodeRsp,142021
PathSetupReq,85382
FindNodeRsp,134588
PathSetupReq,100718
FindNodeRsp,125105
FindNodeReq,133295
PathSetupReq,81438
PathSetupReq,110254
PathSetupReq,240791
PathSetupReq,233489
FindNodeReq,106356
FindNodeRsp,162496
FindNodeReq,121741
FindNodeRsp,125128
FindNodeRsp,129051
FindNodeReq,146073
FindNodeRsp,139725
FindNodeRsp,135985
FindNodeRsp,136062
FindNodeReq,163424
FindNodeReq,161663
FindNodeReq,223040
FindNodeRsp,120284
FindNodeReq,178496
FindNodeRsp,118676
FindNodeReq,104270
FindNodeRsp,133611
FindNodeReq,173540
FindNodeRsp,150781
FindNodeRsp,134409
FindNodeRsp,135288
FindNodeRsp,163636
FindNodeReq,177834
FindNodeRsp,129081
FindNodeReq,179223
FindNodeRsp,133604
FindNodeRsp,142161
FindNodeReq,173780
FindNodeReq,110271
FindNodeRsp,131352
FindNodeReq,161852
FindNodeReq,175060
UpdateRouteReq,355340
UpdateRouteReq,526764
FindNodeReq,603770
UpdateRouteReq,712345
UpdateRouteReq,893964
UpdateRouteReq,1032006
UpdateRouteReq,277643
FindNodeRsp,82083
FindNodeReq,146193
FindNodeRsp,79591
FindNodeReq,163872
FindNodeRsp,122534
FindNodeReq,216099
FindNodeRsp,132738
FindNodeReq,181491
FindNodeReq,146144
FindNodeRsp,132610
FindNodeRsp,129395
FindNodeRsp,124362
FindNodeReq,117452
FindNodeReq,103300
FindNodeRsp,80935
FindNodeRsp,79870
FindNodeRsp,137341
FindNodeRsp,118745
FindNodeReq,190928
FindNodeRsp,77454
FindNodeReq,110697
FindNodeReq,138287
FindNodeReq,87078
UpdateRouteReq,102328
UpdateRouteReq,100669
Error,213140
UpdateRouteReq,211039
UpdateRouteReq,48425
Error,118134
UpdateRouteReq,53805
Error,134730
Error,138735
Error,49927
Error,87300
UpdateRouteReq,51290
UpdateRouteReq,46212
UpdateRouteReq,54864
PathTeardownReq,41424
Error,85664
FindNodeReq,80027
UpdateRouteReq,49128
UpdateRouteReq,46505
FindNodeReq,92013
PathTeardownReq,44899
Error,94198
UpdateRouteReq,48915
UpdateRouteReq,44387
FindNodeReq,113830
FindNodeReq,108793
UpdateRouteReq,79858
PathSetupReq,68764
Error,156427
UpdateRouteReq,57113
PathSetupReq,42372
UpdateRouteReq,50535
UpdateRouteReq,47277
UpdateRouteReq,45355
UpdateRouteReq,43119
UpdateRouteReq,82042
Error,59286
Error,172572
FindNodeReq,209161
PathTeardownReq,214541
UpdateRouteReq,49111
UpdateRouteReq,47383
UpdateRouteReq,67991
UpdateRouteReq,68334
UpdateRouteReq,43270
FindNodeReq,168031
FindNodeReq,201755
FindNodeReq,80874
FindNodeReq,86874
FindNodeReq,76199
UpdateRouteReq,46149
PathTeardownReq,95354
FindNodeReq,91919
UpdateRouteReq,50698
FindNodeReq,121051
UpdateRouteReq,53189
UpdateRouteReq,69423
UpdateRouteReq,79974
UpdateRouteReq,49735
UpdateRouteReq,51039
PathSetupReq,64431
UpdateRouteReq,68746
Error,100987
UpdateRouteReq,104310
PathSetupReq,97486
FindNodeReq,125042
FindNodeReq,93887
UpdateRouteReq,46772
FindNodeReq,168048
FindNodeReq,213412
FindNodeReq,86371
UpdateRouteReq,53855
UpdateRouteReq,52445
PathTeardownReq,72627
PathSetupReq,48827
PathTeardownReq,45359
PathSetupReq,56314
PathTeardownReq,45181
PathSetupReq,62044
PathTeardownReq,40800
PathSetupReq,68349
PathTeardownReq,67922
PathSetupReq,43776
PathTeardownReq,92644
FindNodeReq,174096
FindNodeReq,89006
UpdateRouteReq,63055
UpdateRouteReq,64714
UpdateRouteReq,48466
FindNodeReq,88931
PathSetupReq,36564
PathTeardownReq,34603
PathSetupReq,42675
PathTeardownReq,40611
PathSetupReq,32403
PathTeardownReq,33591
PathSetupReq,119121
PathTeardownReq,95890
PathTeardownReq,51670
PathSetupReq,52910
PathTeardownReq,48627
FindNodeReq,184640
UpdateRouteReq,182715
UpdateRouteReq,51799
UpdateRouteReq,55577
PathSetupReq,43039
UpdateRouteReq,93314
PathSetupReq,91566
FindNodeReq,104590
UpdateRouteReq,109776
UpdateRouteReq,69770
FindNodeRsp,106842
FindNodeReq,159109
UpdateRouteReq,211303
UpdateRouteReq,118788
UpdateRouteReq,178050
UpdateRouteReq,145215
FindNodeRsp,96785
UpdateRouteReq,42417
FindNodeReq,153485
UpdateRouteReq,242654
FindNodeReq,102031
UpdateRouteReq,159201
FindNodeReq,164576
UpdateRouteReq,78397
UpdateRouteReq,166929
Error,70330
Error,57419
Error,51549
Error,159649
Error,196492
Error,108534
Error,190364
Error,76156
Error,44103
FindNodeRsp,120250
FindNodeReq,209691
FindNodeReq,167440
FindNodeReq,156404
FindNodeReq,145104
FindNodeReq,91371
FindNodeReq,77033
FindNodeReq,74960
UpdateRouteReq,40208
FindNodeReq,159435
UpdateRouteReq,41263
UpdateRouteReq,40075
UpdateRouteReq,62378
FindNodeRsp,113091
FindNodeReq,169537
Error,167792
Error,76274
FindNodeReq,153524
FindNodeReq,161816
FindNodeRsp,113741
FindNodeReq,154880
FindNodeReq,164144
PathSetupReq,81894
FindNodeRsp,73919
FindNodeRsp,104496
PathSetupReq,79362
FindNodeRsp,99858
FindNodeReq,163454
FindNodeReq,178687
PathSetupReq,76258
PathSetupReq,87505
PathSetupReq,146550
PathSetupReq,161649
FindNodeReq,121450
FindNodeRsp,117931
FindNodeRsp,108438
FindNodeReq,154999
FindNodeReq,166687
UpdateRouteReq,61173
FindNodeRsp,105935
FindNodeReq,149567
FindNodeReq,166823
FindNodeRsp,109862
FindNodeReq,164564
FindNodeRsp,73622
FindNodeRsp,118202
FindNodeReq,167524
FindNodeRsp,114373
FindNodeReq,161541
FindNodeReq,260112
Error,133090
UpdateRouteReq,192941
UpdateRouteReq,105109
Error,168843
UpdateRouteReq,163726
Error,84442
Error,80602
FindNodeReq,93566
Error,80619
UpdateRouteReq,66945
Error,75758
UpdateRouteReq,49664
UpdateRouteReq,44335
UpdateRouteReq,165333
PathTeardownReq,46081
FindNodeReq,202107
UpdateRouteReq,56581
UpdateRouteReq,66550
UpdateRouteReq,46883
PathTeardownReq,46103
FindNodeReq,185865
UpdateRouteReq,54898
FindNodeReq,120977
UpdateRouteReq,68318
UpdateRouteReq,43672
Error,161657
UpdateRouteReq,58781
UpdateRouteReq,51324
PathSetupReq,40923
UpdateRouteReq,51862
UpdateRouteReq,41271
UpdateRouteReq,39265
PathSetupReq,41980
PathTeardownReq,71622
FindNodeReq,152879
PathTeardownReq,88638
FindNodeReq,148162
Error,113223
UpdateRouteReq,56169
PathSetupReq,41350
FindNodeReq,86753
UpdateRouteReq,46825
FindNodeReq,86622
UpdateRouteReq,78850
PathSetupReq,66751
Error,161344
FindNodeReq,95666
UpdateRouteReq,40044
UpdateRouteReq,43008
FindNodeReq,160233
Error,158153
UpdateRouteReq,54959
UpdateRouteReq,46021
PathTeardownReq,118574
UpdateRouteReq,110838
UpdateRouteReq,118117
PathSetupReq,78593
UpdateRouteReq,78826
PathTeardownReq,37380
Error,105716
UpdateRouteReq,96104
PathSetupReq,54330
UpdateRouteReq,46531
PathTeardownReq,131272
PathTeardownReq,86907
PathSetupReq,79854
PathTeardownReq,43711
UpdateRouteReq,63279
UpdateRouteReq,63555
UpdateRouteReq,71522
UpdateRouteReq,63211
UpdateRouteReq,64152
UpdateRouteReq,38805
UpdateRouteReq,40888
PathSetupReq,33142
UpdateRouteReq,60577
PathSetupReq,41379
PathTeardownReq,37525
UpdateRouteReq,89794
QueryRouteReq,101096
UpdateRouteReq,110190
UpdateRouteReq,45887
UpdateRouteReq,36172
UpdateRouteReq,121499
QueryRouteReq,224622
FindNodeReq,86422
UpdateRouteReq,40529
UpdateRouteReq,157182
UpdateRouteReq,152407
UpdateRouteReq,156248
PathSetupReq,156244
UpdateRouteReq,161831
UpdateRouteReq,56987
PathTeardownReq,171113
UpdateRouteReq,77168
PathSetupReq,73854
PathTeardownReq,49920
FindNodeRsp,99688
UpdateRouteReq,285564
UpdateRouteReq,311722
UpdateRouteReq,386450
UpdateRouteReq,415167
UpdateRouteReq,538856
UpdateRouteReq,264134
FindNodeReq,159535
PNHello,126358
PNDiscRsp,61911
FindNodeRsp,112002
FindNodeReq,179567
FindNodeRsp,83702
FindNodeReq,161304
FindNodeReq,112307
FindNodeRsp,104186
FindNodeRsp,123058
FindNodeRsp,105526
FindNodeRsp,105246
FindNodeReq,150123
PNDiscReq,161363
FindNodeRsp,76048
FindNodeReq,160473
FindNodeReq,160562
FindNodeReq,97180
FindNodeRsp,75207
FindNodeRsp,77643
FindNodeReq,106830
FindNodeRsp,124834
FindNodeRsp,76550
FindNodeRsp,111614
FindNodeReq,95270
FindNodeRsp,111584
FindNodeReq,150208
FindNodeReq,159389
FindNodeRsp,105805
FindNodeRsp,103766
FindNodeReq,156544
FindNodeReq,96230
FindNodeRsp,104299
FindNodeReq,258267
FindNodeReq,160292
FindNodeRsp,102896
FindNodeReq,160854
FindNodeRsp,105966
FindNodeReq,107018
FindNodeRsp,102738
FindNodeReq,176876
FindNodeRsp,113480
FindNodeReq,156769
FindNodeRsp,103670
FindNodeReq,102850
FindNodeRsp,117410
FindNodeReq,148746
FindNodeRsp,104622
FindNodeReq,107154
FindNodeRsp,104268
FindNodeRsp,78798
FindNodeReq,160268
FindNodeReq,102970
FindNodeRsp,80423
FindNodeReq,150241
PathSetupReq,164801
PathSetupReq,222771
PathSetupReq,53192
FindNodeReq,96843
FindNodeRsp,121057
FindNodeRsp,78356
FindNodeRsp,103434
FindNodeReq,157148
FindNodeReq,150813
FindNodeRsp,116501
FindNodeRsp,114574
FindNodeRsp,80505
FindNodeRsp,114861
FindNodeReq,104468
FindNodeRsp,79414
FindNodeReq,149993
FindNodeReq,157516
FindNodeReq,102684
FindNodeReq,157866
FindNodeRsp,124110
FindNodeReq,107708
FindNodeRsp,107550
FindNodeReq,101105
FindNodeRsp,114065
FindNodeReq,187845
FindNodeRsp,112221
FindNodeRsp,116911
FindNodeReq,162516
FindNodeRsp,107418
FindNodeReq,258860
FindNodeRsp,114098
FindNodeReq,150509
FindNodeReq,98702
FindNodeRsp,123459
FindNodeRsp,118262
FindNodeReq,102497
FindNodeReq,108158
FindNodeRsp,117681
FindNodeRsp,110648
FindNodeRsp,114036
FindNodeReq,149526
PNHello,124578
PNDiscRsp,66479
FindNodeReq,156047
FindNodeReq,106264
FindNodeRsp,115765
FindNodeRsp,145080
FindNodeRsp,79057
FindNodeReq,177158
FindNodeRsp,79873
PNDiscReq,111246
FindNodeRsp,103213
FindNodeRsp,104774
FindNodeRsp,108727
FindNodeRsp,116350
FindNodeRsp,106204
FindNodeReq,150499
FindNodeReq,156426
PathSetupReq,136114
PathSetupReq,45368
PathSetupReq,53573
FindNodeReq,161120
FindNodeReq,101768
FindNodeRsp,123303
FindNodeRsp,79045
FindNodeRsp,105599
FindNodeRsp,106477
FindNodeReq,161891
FindNodeRsp,102558
FindNodeReq,186472
FindNodeRsp,113879
FindNodeReq,156472
FindNodeRsp,103421
FindNodeReq,162131
FindNodeRsp,118873
FindNodeReq,162829
FindNodeReq,152020
FindNodeRsp,125708
FindNodeReq,162560
FindNodeRsp,115612
FindNodeRsp,116078
FindNodeReq,151417
FindNodeRsp,113817
FindNodeReq,161329
FindNodeRsp,101114
FindNodeRsp,103103
FindNodeReq,92831
FindNodeRsp,99840
FindNodeRsp,99622
FindNodeReq,155393
FindNodeRsp,147253
FindNodeRsp,98450
FindNodeReq,105998
FindNodeRsp,93234
FindNodeReq,264426
FindNodeReq,340089
FindNodeReq,171053
FindNodeReq,218488
UpdateRouteReq,77219
FindNodeReq,72100
UpdateRouteReq,96962
UpdateRouteReq,94974
UpdateRouteReq,79713
FindNodeReq,114321
FindNodeReq,141305
UpdateRouteReq,150438
UpdateRouteReq,57710
FindNodeReq,65818
FindNodeReq,66587
FindNodeReq,66275
FindNodeReq,66695
UpdateRouteReq,42079
FindNodeReq,73450
FindNodeReq,72263
UpdateRouteReq,42328
FindNodeReq,145690
FindNodeRsp,73660
FindNodeReq,145040
FindNodeRsp,53195
FindNodeReq,142881
FindNodeRsp,72066
FindNodeRsp,53946
FindNodeRsp,75379
FindNodeReq,143312
Error,110258
Error,84767
Error,79952
Error,39119
FindNodeRsp,73989
FindNodeReq,106414
FindNodeRsp,58022
FindNodeRsp,89303
FindNodeRsp,44611
FindNodeReq,142883
FindNodeRsp,54098
FindNodeRsp,63980
FindNodeRsp,75258
FindNodeReq,142824
FindNodeRsp,68075
FindNodeReq,142385
FindNodeReq,153640
FindNodeRsp,46579
Error,156052
Error,98418
Error,41547
Error,77527
Error,69613
UpdateRouteReq,40097
Error,76029
Error,67512
Error,67666
Error,70089
Error,99338
Error,68986
Error,34490
Error,35100
FindNodeReq,141925
FindNodeRsp,44691
FindNodeReq,98922
QueryRouteRsp,72022
UpdateRouteReq,95614
FindNodeRsp,48032
FindNodeRsp,63644
FindNodeReq,136022
FindNodeRsp,60295
FindNodeReq,91052
UpdateRouteReq,72553
Error,142218
FindNodeReq,151225
Error,93409
FindNodeReq,124253
FindNodeReq,106201
Error,73299
FindNodeReq,82189
Error,116635
FindNodeReq,74446
Error,110210
Error,79194
Error,93287
Error,90533
UpdateRouteReq,84118
Error,109897
FindNodeReq,260439
FindNodeRsp,311989
FindNodeReq,211310
Error,94945
FindNodeReq,127832
Error,91937
FindNodeReq,69213
Error,77906
FindNodeReq,90303
FindNodeRsp,103869
UpdateRouteReq,45547
FindNodeReq,243117
UpdateRouteReq,57102
FindNodeReq,192071
FindNodeReq,316579
FindNodeRsp,58475
FindNodeReq,98473
FindNodeReq,142924
FindNodeRsp,70158
FindNodeReq,110201
PathSetupReq,110783
PathSetupReq,174544
PathSetupReq,72154
FindNodeReq,176294
FindNodeRsp,94982
FindNodeReq,171786
FindNodeReq,332711
Error,492411
FindNodeReq,71354
Error,79172
FindNodeReq,90040
Error,125675
Error,153256
FindNodeReq,84684
FindNodeRsp,101641
FindNodeReq,121486
Error,159871
Error,221380
Error,134565
Error,213732
Error,169161
Error,142278
Error,79290
Error,224944
Error,208743
Error,258775
UpdateRouteReq,266765
Error,306515
Error,466179
Error,191334
Error,227510
Error,162752
Error,196916
Error,205478
UpdateRouteReq,250251
Error,202610
Error,277788
Error,278678
Error,278967
Error,149103
Error,218203
UpdateRouteReq,226739
Error,198742
FindNodeRsp,203543
Error,111889
Error,162795
Error,141305
UpdateRouteReq,143723
Error,202506
Error,106509
Error,142415
Error,56474
Error,52915
Error,90542
Error,97602
Error,41987
FindNodeRsp,61675
FindNodeRsp,58351
FindNodeReq,92305
QueryRouteRsp,109149
UpdateRouteReq,151776
Error,158956
Error,88718
Error,82627
FindNodeRsp,45481
FindNodeRsp,105521
FindNodeRsp,41015
UpdateRouteReq,86958
FindNodeRsp,69713
FindNodeRsp,39978
FindNodeReq,642721
FindNodeReq,742939
Error,818430
Error,883333
UpdateRouteReq,893993
Error,947045
Error,1003233
Error,1001026
FindNodeReq,330175
FindNodeReq,371530
Error,455458
Error,537220
FindNodeRsp,545970
FindNodeReq,179437
FindNodeReq,214479
Error,276110
Error,368620
FindNodeReq,180677
FindNodeReq,225655
Error,278966
Error,334849
FindNodeReq,196498
FindNodeReq,236628
Error,240015
Error,247791
Error,179652
Error,126696
Error,192298
Error,187901
Error,164278
Error,155860
Error,235202
Error,225950
Error,97127
Error,135536
Error,57915
Error,55214
Error,32563
FindNodeRsp,93900
UpdateRouteReq,89930
QueryRouteRsp,71492
FindNodeReq,137061
FindNodeRsp,42404
FindNodeReq,50782
FindNodeReq,42191
FindNodeRsp,183074
FindNodeReq,141669
FindNodeRsp,54151
FindNodeRsp,158309
FindNodeReq,85233
FindNodeRsp,39958
FindNodeRsp,48299
PNHello,126347
PNDiscRsp,105496
FindNodeReq,153550
FindNodeReq,86614
FindNodeRsp,39441
FindNodeReq,85185
FindNodeRsp,44934
FindNodeReq,81055
FindNodeRsp,53005
FindNodeReq,141033
FindNodeReq,152104
FindNodeReq,79774
FindNodeRsp,44730
FindNodeReq,94754
Error,107363
Error,82733
Error,40059
Error,58713
FindNodeReq,228650
FindNodeReq,72422
Error,37039
FindNodeReq,93072
Error,33136
FindNodeReq,70227
FindNodeReq,77419
UpdateRouteReq,60265
FindNodeReq,125762
FindNodeRsp,99276
FindNodeRsp,68259
FindNodeReq,92340
FindNodeRsp,52327
FindNodeReq,142137
FindNodeRsp,97936
Error,108858
Error,82902
Error,78631
Error,39392
Error,56602
FindNodeReq,245027
FindNodeReq,69787
Error,50612
Error,31385
FindNodeReq,69795
FindNodeReq,79002
FindNodeReq,69204
UpdateRouteReq,62543
FindNodeReq,136214
PNDiscReq,109018
FindNodeReq,204183
FindNodeRsp,44927
FindNodeRsp,53704
FindNodeRsp,74858
FindNodeRsp,50295
FindNodeReq,143719
FindNodeRsp,50625
FindNodeReq,90648
FindNodeReq,143844
FindNodeRsp,45885
FindNodeReq,156659
FindNodeRsp,56907
FindNodeReq,86203
FindNodeRsp,95826
Error,106797
Error,83654
Error,78231
Error,38165
Error,58959
FindNodeReq,230195
FindNodeReq,75274
Error,48510
Error,31775
FindNodeReq,72153
FindNodeReq,77744
FindNodeReq,73407
UpdateRouteReq,47121
FindNodeReq,193995
FindNodeRsp,60502
FindNodeRsp,43232
FindNodeReq,144420
FindNodeRsp,54437
FindNodeReq,113878
FindNodeRsp,61639
FindNodeReq,93245
FindNodeRsp,56595
FindNodeReq,136125
FindNodeRsp,84478
FindNodeRsp,64624
Error,106012
Error,84796
Error,79787
Error,38651
Error,54755
FindNodeReq,226971
FindNodeReq,72756
Error,36107
Error,30472
FindNodeReq,114038
FindNodeReq,73356
FindNodeReq,66802
UpdateRouteReq,79557
FindNodeReq,73419
FindNodeRsp,52581
FindNodeReq,141930
FindNodeRsp,54366
FindNodeRsp,72066
FindNodeReq,109035
FindNodeReq,141602
FindNodeRsp,73662
FindNodeRsp,53303
Error,105763
Error,84216
Error,79126
Error,39493
Error,54669
FindNodeReq,229040
FindNodeReq,72366
Error,33736
Error,43807
FindNodeReq,69233
FindNodeReq,75915
FindNodeReq,72417
UpdateRouteReq,61848
FindNodeReq,92220
FindNodeReq,189172
FindNodeRsp,47323
FindNodeReq,79031
FindNodeRsp,70967
FindNodeRsp,59921
FindNodeRsp,58179
FindNodeReq,74457
FindNodeRsp,55239
FindNodeRsp,97130
FindNodeReq,177285
Error,107397
Error,85538
Error,78830
Error,39615
Error,54783
FindNodeReq,223128
FindNodeReq,70737
Error,33670
FindNodeReq,71727
Error,64630
FindNodeReq,68117
FindNodeReq,77794
UpdateRouteReq,61971
FindNodeReq,123792
FindNodeRsp,58543
FindNodeRsp,72135
FindNodeRsp,59847
FindNodeReq,114231
FindNodeRsp,169337
FindNodeReq,142864
FindNodeRsp,54130
FindNodeRsp,92943
FindNodeReq,147653
FindNodeReq,185345
FindNodeReq,94180
FindNodeRsp,94932
FindNodeRsp,77214
Error,108322
Error,85620
Error,79511
Error,38208
Error,54443
FindNodeReq,226503
FindNodeReq,73895
Error,37803
Error,62810
FindNodeReq,127750
FindNodeReq,74104
FindNodeReq,67964
UpdateRouteReq,60675
FindNodeReq,127822
FindNodeRsp,60663
FindNodeReq,153403
FindNodeRsp,127954
FindNodeRsp,53964
FindNodeRsp,53997
FindNodeReq,97104
Error,106147
Error,83380
Error,80219
Error,38686
Error,53737
FindNodeReq,224868
FindNodeReq,72535
Error,35058
FindNodeReq,94703
Error,31837
FindNodeReq,69049
FindNodeReq,75504
UpdateRouteReq,88090
FindNodeReq,116014
FindNodeReq,96753
FindNodeRsp,52369
FindNodeRsp,53697
FindNodeReq,86674
FindNodeReq,76202
FindNodeRsp,78746
FindNodeRsp,71674
FindNodeRsp,95764
FindNodeReq,144081
Error,108017
Error,82855
Error,77995
Error,39903
Error,54417
FindNodeReq,305217
FindNodeReq,74605
Error,35088
Error,31965
FindNodeReq,94887
FindNodeReq,100090
FindNodeReq,77063
UpdateRouteReq,60167
FindNodeReq,108173
FindNodeRsp,56822
FindNodeReq,75570
FindNodeReq,142704
FindNodeRsp,96986
FindNodeReq,143375
FindNodeRsp,71002
FindNodeRsp,54072
FindNodeRsp,70719
FindNodeRsp,53319
FindNodeReq,85126
Error,108726
Error,83589
Error,80487
Error,39880
Error,53051
FindNodeReq,219831
FindNodeReq,74048
Error,34444
FindNodeReq,110218
Error,32148
FindNodeReq,78123
FindNodeReq,68751
UpdateRouteReq,67991
FindNodeReq,130499
FindNodeRsp,132445
PathSetupReq,110765
PathSetupReq,100638
PathSetupReq,49639
FindNodeReq,93352
FindNodeRsp,58119
FindNodeRsp,85162
FindNodeRsp,44691
FindNodeReq,145861
FindNodeRsp,53775
FindNodeRsp,71243
FindNodeRsp,51437
FindNodeReq,144521
Error,106858
Error,85994
Error,78751
Error,38715
Error,76344
FindNodeReq,225977
FindNodeReq,111834
Error,35420
Error,46133
FindNodeReq,69642
FindNodeReq,76378
FindNodeReq,71821
UpdateRouteReq,70476
FindNodeReq,134911
FindNodeReq,179022
FindNodeRsp,58400
FindNodeReq,104450
FindNodeRsp,56119
FindNodeRsp,53967
FindNodeRsp,56011
FindNodeRsp,47797
FindNodeRsp,51965
FindNodeReq,142718
PathSetupReq,72583
UpdateRouteReq,138373
UpdateRouteReq,131217
UpdateRouteReq,173374
QueryRouteRsp,238775
UpdateRouteReq,245274
UpdateRouteReq,145905
UpdateRouteReq,212805
UpdateRouteReq,94532
PathSetupReq,54844
QueryRouteRsp,72349
FindNodeRsp,110432
UpdateRouteReq,51187
FindNodeReq,126610
FindNodeRsp,86681
FindNodeRsp,90523
FindNodeRsp,97664
Error,161249
Error,161066
Error,160687
Error,78172
Error,77807
UpdateRouteReq,851847
UpdateRouteReq,856174
FindNodeReq,930480
UpdateRouteReq,907917
UpdateRouteReq,1009577
Error,136707
Error,117299
FindNodeReq,189943
FindNodeReq,124726
FindNodeReq,122119
FindNodeReq,118323
UpdateRouteReq,304450
Error,138153
UpdateRouteReq,136753
UpdateRouteReq,139648
UpdateRouteReq,197519
UpdateRouteReq,242220
FindNodeReq,197035
FindNodeReq,233607
FindNodeReq,268418
UpdateRouteReq,301965
UpdateRouteReq,329591
UpdateRouteReq,55653
UpdateRouteReq,72998
UpdateRouteReq,114912
Error,91449
FindNodeReq,83657
UpdateRouteReq,56603
UpdateRouteReq,98469
UpdateRouteReq,169149
Error,256613
FindNodeReq,125407
Error,205140
Error,155673
FindNodeReq,220736
UpdateRouteReq,231091
UpdateRouteReq,76286
UpdateRouteReq,57839
UpdateRouteReq,49583
Error,89442
UpdateRouteReq,50419
FindNodeReq,76418
FindNodeRsp,106751
UpdateRouteReq,41434
Error,243215
UpdateRouteReq,277166
UpdateRouteReq,305154
UpdateRouteReq,333014
Error,126838
FindNodeReq,145195
UpdateRouteReq,153918
UpdateRouteReq,69362
Error,166062
Error,232777
UpdateRouteReq,208808
UpdateRouteReq,215083
UpdateRouteReq,334949
UpdateRouteReq,146949
UpdateRouteReq,212183
UpdateRouteReq,156680
FindNodeReq,205416
FindNodeReq,240453
FindNodeReq,353814
Error,420275
Error,337895
Error,408123
UpdateRouteReq,452916
UpdateRouteReq,267156
UpdateRouteReq,319471
UpdateRouteReq,328305
UpdateRouteReq,324085
FindNodeReq,132504
FindNodeReq,163475
Error,212281
Error,258958
Error,155201
Error,196932
UpdateRouteReq,205908
UpdateRouteReq,216242
Error,96307
UpdateRouteReq,58899
UpdateRouteReq,57502
UpdateRouteReq,50903
UpdateRouteReq,59434
UpdateRouteReq,54499
FindNodeReq,267674
FindNodeReq,300703
Error,349644
Error,429796
Error,476038
Error,521389
UpdateRouteReq,533708
UpdateRouteReq,542866
UpdateRouteReq,220799
UpdateRouteReq,256173
UpdateRouteReq,289410
UpdateRouteReq,297381
UpdateRouteReq,302508
Error,84817
Error,94413
UpdateRouteReq,58475
UpdateRouteReq,59399
UpdateRouteReq,104968
FindNodeReq,107209
FindNodeReq,137200
Error,103701
Error,91878
Error,114108
Error,154800
Error,141640
Error,155464
UpdateRouteReq,56567
UpdateRouteReq,48724
UpdateRouteReq,58811
UpdateRouteReq,73362
FindNodeReq,74019
FindNodeReq,72595
Error,47291
Error,43408
Error,90078
Error,89179
UpdateRouteReq,82262
UpdateRouteReq,117161
Error,140095
Error,142421
UpdateRouteReq,83853
UpdateRouteReq,84632
UpdateRouteReq,47331
UpdateRouteReq,56571
UpdateRouteReq,55531
UpdateRouteReq,76674
FindNodeReq,110844
FindNodeReq,102045
Error,58723
Error,56631
Error,96516
Error,93327
Error,92469
Error,97884
Error,91356
Error,90677
UpdateRouteReq,57873
UpdateRouteReq,56095
FindNodeReq,86979
UpdateRouteReq,120613
FindNodeReq,154596
FindNodeReq,76714
FindNodeReq,81125
FindNodeReq,81847
FindNodeReq,77534
FindNodeReq,81917
FindNodeReq,74338
FindNodeReq,69726
UpdateRouteReq,48651
UpdateRouteReq,88210
FindNodeRsp,161537
UpdateRouteReq,242003
QueryRouteRsp,307119
UpdateRouteReq,147701
UpdateRouteReq,126757
UpdateRouteReq,180061
UpdateRouteReq,96398
UpdateRouteReq,49850
UpdateRouteReq,42128
UpdateRouteReq,80020
UpdateRouteReq,77398
UpdateRouteReq,152557
UpdateRouteReq,228282
FindNodeReq,185916
UpdateRouteReq,82259
FindNodeReq,148101
FindNodeReq,155748
FindNodeRsp,101050
FindNodeReq,156667
FindNodeRsp,70000
FindNodeReq,153480
FindNodeReq,153846
FindNodeRsp,95625
FindNodeReq,153826
FindNodeRsp,192074
FindNodeRsp,112670
FindNodeRsp,85713
FindNodeReq,157393
FindNodeRsp,106438
FindNodeReq,105319
FindNodeReq,185282
FindNodeRsp,210284
FindNodeRsp,125565
FindNodeReq,155949
FindNodeReq,156537
FindNodeReq,162180
FindNodeReq,158911
FindNodeRsp,95439
FindNodeRsp,102846
PNHello,175809
PNDiscRsp,122587
FindNodeRsp,97201
FindNodeReq,161829
FindNodeReq,159097
FindNodeReq,162725
FindNodeRsp,101529
FindNodeRsp,213195
FindNodeReq,92825
FindNodeRsp,128157
FindNodeRsp,110814
FindNodeRsp,105220
PNDiscReq,198525
FindNodeRsp,115549
FindNodeReq,157878
FindNodeReq,151886
FindNodeRsp,87639
FindNodeReq,159804
FindNodeRsp,91198
UpdateRouteReq,361513
UpdateRouteReq,730640
UpdateRouteReq,842198
FindNodeReq,917647
UpdateRouteReq,999086
UpdateRouteReq,1101925
UpdateRouteReq,1188093
Error,1235902
UpdateRouteReq,1222317
Error,1222453
FindNodeReq,115856
FindNodeReq,78993
FindNodeReq,84558
FindNodeReq,81376
UpdateRouteReq,100632
Error,121126
FindNodeRsp,62152
UpdateRouteReq,117237
UpdateRouteReq,92751
UpdateRouteReq,49675
UpdateRouteReq,143439
UpdateRouteReq,174807
UpdateRouteReq,77911
UpdateRouteReq,85529
Error,143925
UpdateRouteReq,64627
UpdateRouteReq,99509
UpdateRouteReq,151441
Error,199954
Error,83476
UpdateRouteReq,50759
UpdateRouteReq,40541
Error,149935
UpdateRouteReq,60719
UpdateRouteReq,46490
UpdateRouteReq,51479
UpdateRouteReq,106772
Error,92337
Error,97898
UpdateRouteReq,103782
UpdateRouteReq,43290
Error,178986
Error,225230
UpdateRouteReq,51963
UpdateRouteReq,49045
UpdateRouteReq,41199
UpdateRouteReq,97874
UpdateRouteReq,81345
Error,89600
FindNodeReq,204403
Error,254570
UpdateRouteReq,265399
UpdateRouteReq,310857
UpdateRouteReq,355482
UpdateRouteReq,80294
Error,147057
UpdateRouteReq,150537
UpdateRouteReq,191196
Error,166669
Error,209896
Error,118821
UpdateRouteReq,117519
UpdateRouteReq,42332
Error,88870
UpdateRouteReq,45571
UpdateRouteReq,42694
UpdateRouteReq,39051
UpdateRouteReq,123449
UpdateRouteReq,195748
UpdateRouteReq,42259
Error,168555
Error,173516
Error,228399
Error,155146
UpdateRouteReq,155793
UpdateRouteReq,161020
Error,169880
UpdateRouteReq,66191
UpdateRouteReq,51187
UpdateRouteReq,47726
UpdateRouteReq,42881
UpdateRouteReq,183456
UpdateRouteReq,215687
Error,143567
Error,82050
Error,77562
Error,79611
Error,81713
Error,38883
UpdateRouteReq,48347
UpdateRouteReq,48063
UpdateRouteReq,45198
UpdateRouteReq,44479
UpdateRouteReq,339965
UpdateRouteReq,375224
UpdateRouteReq,401202
UpdateRouteReq,427958
Error,211752
Error,253747
UpdateRouteReq,257664
UpdateRouteReq,112645
UpdateRouteReq,146043
Error,214984
Error,88128
UpdateRouteReq,71237
UpdateRouteReq,40883
UpdateRouteReq,135130
UpdateRouteReq,140808
UpdateRouteReq,146813
Error,83891
Error,77791
UpdateRouteReq,41910
UpdateRouteReq,38792
Error,153017
Error,96634
UpdateRouteReq,47956
UpdateRouteReq,42614
UpdateRouteReq,40093
UpdateRouteReq,119797
UpdateRouteReq,191932
Error,135234
FindNodeReq,193104
FindNodeReq,198762
Error,281655
Error,293112
Error,295859
Error,347051
UpdateRouteReq,354773
UpdateRouteReq,180233
UpdateRouteReq,182914
UpdateRouteReq,189571
UpdateRouteReq,234539
Error,272305
FindNodeReq,306691
Error,316757
Error,106446
UpdateRouteReq,167836
UpdateRouteReq,172389
Error,89330
Error,79611
Error,81610
UpdateRouteReq,62465
FindNodeReq,132090
UpdateRouteReq,45129
Error,41164
UpdateRouteReq,49109
UpdateRouteReq,62226
UpdateRouteReq,46662
UpdateRouteReq,41321
UpdateRouteReq,107128
UpdateRouteReq,98057
Error,41516
UpdateRouteReq,41268
FindNodeReq,73871
UpdateRouteReq,55657
Error,99569
UpdateRouteReq,76643
Error,117733
UpdateRouteReq,128919
UpdateRouteReq,88642
Error,136270
UpdateRouteReq,141803
UpdateRouteReq,149871
UpdateRouteReq,151553
FindNodeReq,179215
UpdateRouteReq,173380
UpdateRouteReq,179802
UpdateRouteReq,88110
UpdateRouteReq,137021
Error,129267
Error,233798
UpdateRouteReq,235679
UpdateRouteReq,241850
UpdateRouteReq,281845
UpdateRouteReq,312709
UpdateRouteReq,319697
UpdateRouteReq,324793
FindNodeReq,70574
FindNodeReq,78777
FindNodeReq,114499
Error,110504
Error,149717
UpdateRouteReq,158262
UpdateRouteReq,39351
Error,85838
Error,109797
UpdateRouteReq,112526
UpdateRouteReq,120569
Error,144952
UpdateRouteReq,152915
UpdateRouteReq,63935
UpdateRouteReq,63404
FindNodeReq,194468
UpdateRouteReq,188376
FindNodeReq,225439
UpdateRouteReq,234884
UpdateRouteReq,88883
UpdateRouteReq,135099
Error,156699
Error,203282
Error,246315
UpdateRouteReq,106374
UpdateRouteReq,146145
UpdateRouteReq,148075
Error,122652
Error,161927
UpdateRouteReq,171043
UpdateRouteReq,99118
UpdateRouteReq,138297
FindNodeReq,131199
FindNodeReq,155224
UpdateRouteReq,164545
UpdateRouteReq,98816
UpdateRouteReq,138953
Error,251349
Error,294585
Error,336633
Error,408567
Error,424607
Error,428311
Error,429921
UpdateRouteReq,436091
UpdateRouteReq,442311
UpdateRouteReq,178781
UpdateRouteReq,215457
UpdateRouteReq,221314
UpdateRouteReq,225382
Error,232517
FindNodeReq,268354
Error,270656
FindNodeReq,304239
UpdateRouteReq,344057
UpdateRouteReq,404765
UpdateRouteReq,410100
Error,165716
Error,163056
Error,166352
Error,173052
Error,177460
Error,180518
UpdateRouteReq,187378
UpdateRouteReq,230240
UpdateRouteReq,65222
UpdateRouteReq,80520
UpdateRouteReq,108863
Error,66848
FindNodeReq,124052
FindNodeReq,138810
UpdateRouteReq,138817
UpdateRouteReq,80673
Error,107933
UpdateRouteReq,202696
UpdateRouteReq,234259
UpdateRouteReq,291455
Error,75162
Error,73736
Error,75918
Error,69403
Error,68015
FindNodeReq,110681
FindNodeReq,128212
UpdateRouteReq,132751
UpdateRouteReq,170564
UpdateRouteReq,102956
UpdateRouteReq,110536
UpdateRouteReq,40130
FindNodeReq,72572
FindNodeReq,80354
Error,128350
UpdateRouteReq,83251
UpdateRouteReq,86458
UpdateRouteReq,92765
FindNodeReq,76790
FindNodeReq,72045
UpdateRouteReq,65264
UpdateRouteReq,65187
UpdateRouteReq,62607
FindNodeReq,96153
UpdateRouteReq,152176
FindNodeReq,186683
UpdateRouteReq,139495
UpdateRouteReq,957381
FindNodeReq,990912
FindNodeReq,1024002
UpdateRouteReq,86539
FindNodeReq,81282
UpdateRouteReq,47966
UpdateRouteReq,93318
Error,114604
UpdateRouteReq,83742
UpdateRouteReq,121269
UpdateRouteReq,68351
UpdateRouteReq,72178
UpdateRouteReq,107216
UpdateRouteReq,98125
UpdateRouteReq,132196
Error,192895
UpdateRouteReq,49679
UpdateRouteReq,76920
UpdateRouteReq,50935
UpdateRouteReq,62023
FindNodeReq,126729
FindNodeReq,85154
Error,91307
UpdateRouteReq,47077
UpdateRouteReq,39704
FindNodeReq,108001
UpdateRouteReq,41713
UpdateRouteReq,39381
UpdateRouteReq,118489
UpdateRouteReq,192796
UpdateRouteReq,138337
Error,57567
UpdateRouteReq,106393
UpdateRouteReq,143464
FindNodeReq,142666
Error,148743
FindNodeReq,192201
Error,239047
UpdateRouteReq,279833
FindNodeReq,124166
UpdateRouteReq,44167
UpdateRouteReq,40461
Error,88778
UpdateRouteReq,49566
FindNodeReq,94898
UpdateRouteReq,97605
Error,115570
Error,114131
UpdateRouteReq,102891
UpdateRouteReq,106756
UpdateRouteReq,148582
FindNodeReq,125046
Error,195705
Error,72228
UpdateRouteReq,61038
Error,139568
UpdateRouteReq,146941
UpdateRouteReq,59475
UpdateRouteReq,96127
UpdateRouteReq,73395
UpdateRouteReq,59105
Error,213800
UpdateRouteReq,220503
UpdateRouteReq,256653
UpdateRouteReq,99293
FindNodeReq,152773
FindNodeReq,191982
UpdateRouteReq,202032
UpdateRouteReq,209866
UpdateRouteReq,84839
Error,148856
Error,193216
Error,103758
Error,97893
FindNodeReq,110729
UpdateRouteReq,114338
UpdateRouteReq,80806
UpdateRouteReq,117331
Error,159442
Error,230489
Error,97506
UpdateRouteReq,66498
UpdateRouteReq,57083
FindNodeReq,106136
Error,145752
UpdateRouteReq,153435
Error,165751
UpdateRouteReq,97128
UpdateRouteReq,133903
Error,93026
Error,148037
Error,215647
UpdateRouteReq,225860
UpdateRouteReq,263758
FindNodeReq,342505
Error,230231
Error,282945
Error,362744
UpdateRouteReq,410107
UpdateRouteReq,419444
UpdateRouteReq,458074
Error,219804
Error,244462
Error,304081
Error,349773
UpdateRouteReq,360048
UpdateRouteReq,397739
Error,115018
Error,114565
Error,118174
Error,120467
UpdateRouteReq,127317
UpdateRouteReq,129244
UpdateRouteReq,164081
UpdateRouteReq,193748
Error,269384
UpdateRouteReq,358524
Error,35384
UpdateRouteReq,46258
UpdateRouteReq,45251
UpdateRouteReq,60679
Error,35943
Error,55995
Error,54768
Error,91250
UpdateRouteReq,126372
UpdateRouteReq,102173
UpdateRouteReq,142960
Error,66246
Error,65439
Error,51607
UpdateRouteReq,94793
UpdateRouteReq,87464
UpdateRouteReq,156605
UpdateRouteReq,149113
UpdateRouteReq,235843
Error,193554
Error,191087
Error,195911
Error,200920
Error,204618
UpdateRouteReq,214401
UpdateRouteReq,261874
Error,373748
UpdateRouteReq,280919
UpdateRouteReq,370284
UpdateRouteReq,93665
UpdateRouteReq,98080
UpdateRouteReq,105223
Error,92187
UpdateRouteReq,86131
UpdateRouteReq,74757
UpdateRouteReq,104760
UpdateRouteReq,45810
UpdateRouteReq,38907
Error,274574
UpdateRouteReq,271166
UpdateRouteReq,277701
UpdateRouteReq,332431
UpdateRouteReq,42957
FindNodeReq,144959
FindNodeReq,122346
FindNodeReq,106734
UpdateRouteReq,109628
UpdateRouteReq,62983
FindNodeReq,73834
FindNodeReq,64610
FindNodeReq,75522
Error,114049
UpdateRouteReq,117557
UpdateRouteReq,156058
UpdateRouteReq,211112
UpdateRouteReq,72759
UpdateRouteReq,102333
UpdateRouteReq,47407
UpdateRouteReq,88457
Error,69304
UpdateRouteReq,72722
UpdateRouteReq,149493
UpdateRouteReq,171168
FindNodeReq,235787
UpdateRouteReq,62158
FindNodeReq,214785
Error,262149
FindNodeReq,305265
Error,308046
FindNodeReq,401455
UpdateRouteReq,64735
UpdateRouteReq,75142
Error,153689
FindNodeReq,143282
UpdateRouteReq,147874
UpdateRouteReq,186834
Error,138313
UpdateRouteReq,145041
UpdateRouteReq,180396
Error,178744
UpdateRouteReq,222719
FindNodeReq,299478
Error,327623
Error,397535
UpdateRouteReq,406008
UpdateRouteReq,175216
UpdateRouteReq,239127
UpdateRouteReq,297528
Error,189858
UpdateRouteReq,307699
Error,163080
UpdateRouteReq,46215
UpdateRouteReq,144233
UpdateRouteReq,182716
FindNodeReq,206799
FindNodeReq,273722
UpdateRouteReq,308034
UpdateRouteReq,315713
UpdateRouteReq,354805
UpdateRouteReq,108589
UpdateRouteReq,96090
UpdateRouteReq,103457
Error,132884
UpdateRouteReq,138480
UpdateRouteReq,173120
Error,115121
Error,150303
UpdateRouteReq,158993
UpdateRouteReq,130351
UpdateRouteReq,153062
UpdateRouteReq,79492
UpdateRouteReq,82256
Error,72673
UpdateRouteReq,55765
UpdateRouteReq,36346
Error,111159
UpdateRouteReq,162578
UpdateRouteReq,151843
UpdateRouteReq,220775
Error,297462
UpdateRouteReq,305881
UpdateRouteReq,115704
UpdateRouteReq,149085
UpdateRouteReq,188696
Error,228643
UpdateRouteReq,238634
UpdateRouteReq,271654
Error,273579
Error,302781
Error,342513
Error,381545
UpdateRouteReq,389378
UpdateRouteReq,399372
UpdateRouteReq,433164
Error,511396
Error,516046
UpdateRouteReq,523102
UpdateRouteReq,131167
UpdateRouteReq,163954
Error,247256
UpdateRouteReq,356458
UpdateRouteReq,345308
UpdateRouteReq,401374
Error,447235
Error,468875
Error,500535
UpdateRouteReq,530182
Error,557381
UpdateRouteReq,562800
Error,588109
UpdateRouteReq,596901
UpdateRouteReq,629159
UpdateRouteReq,133133
UpdateRouteReq,210575
Error,131593
UpdateRouteReq,138846
Error,165558
UpdateRouteReq,174363
UpdateRouteReq,162886
Error,208898
Error,211535
Error,214082
Error,216495
Error,218198
UpdateRouteReq,163605
UpdateRouteReq,166903
UpdateRouteReq,226446
UpdateRouteReq,299563
Error,135416
UpdateRouteReq,166332
UpdateRouteReq,174483
UpdateRouteReq,228676
Error,168483
UpdateRouteReq,175159
UpdateRouteReq,210282
UpdateRouteReq,237727
UpdateRouteReq,91248
UpdateRouteReq,151216
FindNodeReq,103158
UpdateRouteReq,105524
UpdateRouteReq,50813
FindNodeReq,95228
FindNodeReq,138464
Error,200728
UpdateRouteReq,208216
UpdateRouteReq,55828
UpdateRouteReq,56825
UpdateRouteReq,42360
UpdateRouteReq,52857
FindNodeReq,102758
UpdateRouteReq,89658
UpdateRouteReq,109599
UpdateRouteReq,138486
UpdateRouteReq,130372
UpdateRouteReq,157677
FindNodeReq,64612
FindNodeReq,58159
UpdateRouteReq,73494
UpdateRouteReq,67989
UpdateRouteReq,94912
FindNodeReq,62072
FindNodeReq,73891
Error,116322
UpdateRouteReq,55230
UpdateRouteReq,58419
UpdateRouteReq,33143
FindNodeReq,65168
FindNodeReq,83079
UpdateRouteReq,87259
UpdateRouteReq,106008
UpdateRouteReq,133594
FindNodeReq,89018
FindNodeReq,114685
UpdateRouteReq,73888
FindNodeReq,76872
UpdateRouteReq,75377
UpdateRouteReq,107188
Error,95541
UpdateRouteReq,99810
UpdateRouteReq,152430
UpdateRouteReq,172918
UpdateRouteReq,203759
UpdateRouteReq,232556
UpdateRouteReq,157684
UpdateRouteReq,184479
Error,44127
UpdateRouteReq,110662
UpdateRouteReq,96512
UpdateRouteReq,132862
UpdateRouteReq,32846
Error,85138
Error,152858
UpdateRouteReq,160163
Error,161190
UpdateRouteReq,166501
FindNodeReq,87816
Error,94487
FindNodeReq,123431
FindNodeReq,102764
UpdateRouteReq,103991
UpdateRouteReq,109408
UpdateRouteReq,33575
UpdateRouteReq,55235
Error,95822
UpdateRouteReq,128980
FindNodeReq,144400
UpdateRouteReq,179601
FindNodeReq,209548
UpdateRouteReq,58199
Error,63094
FindNodeReq,95559
UpdateRouteReq,65084
Error,106391
UpdateRouteReq,109305
UpdateRouteReq,43446
UpdateRouteReq,36667
UpdateRouteReq,41006
FindNodeReq,137055
Error,201962
UpdateRouteReq,208633
UpdateRouteReq,109843
UpdateRouteReq,112999
UpdateRouteReq,120000
UpdateRouteReq,155320
FindNodeReq,142233
Error,178309
Error,219631
UpdateRouteReq,229113
UpdateRouteReq,236296
UpdateRouteReq,85265
UpdateRouteReq,117863
Error,261768
Error,303607
FindNodeReq,337228
UpdateRouteReq,343946
UpdateRouteReq,352284
UpdateRouteReq,386124
Error,446418
UpdateRouteReq,250508
UpdateRouteReq,240014
UpdateRouteReq,279174
Error,342339
Error,444583
Error,485350
UpdateRouteReq,495483
UpdateRouteReq,524126
UpdateRouteReq,556906
FindNodeReq,340252
Error,377568
UpdateRouteReq,415069
UpdateRouteReq,422143
UpdateRouteReq,469330
Error,548230
Error,603531
UpdateRouteReq,612542
UpdateRouteReq,618350
UpdateRouteReq,651266
Error,370394
Error,390818
UpdateRouteReq,396671
Error,447753
Error,538954
UpdateRouteReq,570530
UpdateRouteReq,603365
FindNodeReq,636887
Error,691559
Error,727292
UpdateRouteReq,735991
UpdateRouteReq,740539
UpdateRouteReq,767458
Error,492088
Error,494857
Error,499702
UpdateRouteReq,507269
UpdateRouteReq,524349
UpdateRouteReq,553803
Error,573360
UpdateRouteReq,578563
Error,622057
Error,639974
Error,641080
Error,641861
UpdateRouteReq,646580
Error,646271
UpdateRouteReq,718700
UpdateRouteReq,739173
UpdateRouteReq,769873
Error,349537
UpdateRouteReq,355665
UpdateRouteReq,379796
UpdateRouteReq,409271
Error,450885
UpdateRouteReq,477576
UpdateRouteReq,501964
UpdateRouteReq,527388
UpdateRouteReq,533945
UpdateRouteReq,537390
FindNodeReq,208090
UpdateRouteReq,236269
UpdateRouteReq,262996
Error,317807
UpdateRouteReq,194954
UpdateRouteReq,224017
UpdateRouteReq,256943
UpdateRouteReq,280710
UpdateRouteReq,305336
UpdateRouteReq,326484
FindNodeReq,73649
UpdateRouteReq,56003
Error,111910
UpdateRouteReq,35177
UpdateRouteReq,43586
FindNodeReq,53233
UpdateRouteReq,33789
UpdateRouteReq,27883
FindNodeReq,169184
FindNodeReq,164343
UpdateRouteReq,167009
UpdateRouteReq,172904
Error,208731
UpdateRouteReq,256569
UpdateRouteReq,283400
FindNodeReq,155437
Error,190708
Error,227104
UpdateRouteReq,233457
UpdateRouteReq,240145
UpdateRouteReq,244469
FindNodeReq,290698
Error,51181
UpdateRouteReq,51663
UpdateRouteReq,52089
Error,75164
UpdateRouteReq,45285
Error,40259
Error,37423
QueryRouteRsp,73084
UpdateRouteReq,63106
UpdateRouteReq,65703
FindNodeReq,88434
UpdateRouteReq,114498
UpdateRouteReq,89024
UpdateRouteReq,46271
FindNodeReq,149261
PathSetupReq,118275
PathSetupReq,117138
PathSetupReq,147533
UpdateRouteReq,45166
FindNodeReq,93147
FindNodeRsp,76951
UpdateRouteReq,569737
UpdateRouteReq,681258
FindNodeReq,756936
UpdateRouteReq,843709
UpdateRouteReq,969719
UpdateRouteReq,977132
UpdateRouteReq,1085438
Error,1089055
FindNodeReq,76586
FindNodeReq,83197
FindNodeReq,80743
FindNodeReq,78111
UpdateRouteReq,97902
Error,92301
FindNodeRsp,58695
UpdateRouteReq,64784
UpdateRouteReq,64850
UpdateRouteReq,81063
UpdateRouteReq,42011
UpdateRouteReq,50926
UpdateRouteReq,113114
UpdateRouteReq,41723
UpdateRouteReq,116617
UpdateRouteReq,148685
UpdateRouteReq,41694
UpdateRouteReq,63577
UpdateRouteReq,40853
UpdateRouteReq,44140
FindNodeRsp,75258
FindNodeRsp,85140
UpdateRouteReq,89538
UpdateRouteReq,132230
UpdateRouteReq,99682
FindNodeReq,193007
UpdateRouteReq,202334
UpdateRouteReq,58061
FindNodeReq,121739
UpdateRouteReq,115778
UpdateRouteReq,152138
UpdateRouteReq,185423
UpdateRouteReq,84730
FindNodeReq,176077
FindNodeRsp,189268
UpdateRouteReq,128891
UpdateRouteReq,128812
UpdateRouteReq,190180
UpdateRouteReq,85592
UpdateRouteReq,88298
UpdateRouteReq,95298
FindNodeReq,79846
FindNodeReq,68950
FindNodeReq,80274
UpdateRouteReq,64051
UpdateRouteReq,43751
UpdateRouteReq,39472
FindNodeReq,70558
FindNodeReq,83658
FindNodeReq,106234
UpdateRouteReq,90574
UpdateRouteReq,151395
FindNodeReq,72330
UpdateRouteReq,156723
UpdateRouteReq,43731
UpdateRouteReq,42515
UpdateRouteReq,75357
UpdateRouteReq,44021
UpdateRouteReq,40873
UpdateRouteReq,46346
UpdateRouteReq,89242
UpdateRouteReq,104211
UpdateRouteReq,80976
UpdateRouteReq,117298
UpdateRouteReq,47903
UpdateRouteReq,61523
UpdateRouteReq,58615
UpdateRouteReq,103242
FindNodeReq,82278
UpdateRouteReq,96796
UpdateRouteReq,129319
FindNodeReq,71926
UpdateRouteReq,112553
UpdateRouteReq,148139
UpdateRouteReq,165017
UpdateRouteReq,222163
UpdateRouteReq,232780
UpdateRouteReq,57108
FindNodeReq,70866
FindNodeReq,107317
FindNodeReq,176682
UpdateRouteReq,83886
UpdateRouteReq,88554
UpdateRouteReq,95054
FindNodeReq,73798
FindNodeReq,68672
UpdateRouteReq,133625
UpdateRouteReq,172541
UpdateRouteReq,205160
FindNodeReq,169062
FindNodeReq,204555
FindNodeReq,242123
UpdateRouteReq,153517
UpdateRouteReq,64313
UpdateRouteReq,65274
FindNodeReq,72551
FindNodeReq,82539
FindNodeReq,113571
UpdateRouteReq,42293
UpdateRouteReq,40263
UpdateRouteReq,39346
FindNodeReq,85953
FindNodeReq,84966
UpdateRouteReq,63108
UpdateRouteReq,133265
UpdateRouteReq,171100
UpdateRouteReq,77385
FindNodeReq,133931
UpdateRouteReq,114185
UpdateRouteReq,174628
FindNodeReq,181758
FindNodeReq,197959
UpdateRouteReq,256440
UpdateRouteReq,287323
FindNodeReq,74296
FindNodeReq,68313
UpdateRouteReq,46575
UpdateRouteReq,42580
UpdateRouteReq,100351
FindNodeReq,71471
FindNodeReq,97227
FindNodeReq,100738
FindNodeReq,165711
UpdateRouteReq,101199
UpdateRouteReq,94810
UpdateRouteReq,125701
FindNodeReq,83491
FindNodeReq,113833
FindNodeReq,68273
FindNodeReq,103491
UpdateRouteReq,82738
UpdateRouteReq,189136
UpdateRouteReq,272701
UpdateRouteReq,309263
UpdateRouteReq,101374
UpdateRouteReq,129537
UpdateRouteReq,132995
FindNodeReq,186976
UpdateRouteReq,223570
UpdateRouteReq,256736
UpdateRouteReq,48079
UpdateRouteReq,43175
UpdateRouteReq,60708
UpdateRouteReq,75101
FindNodeReq,136808
UpdateRouteReq,61757
UpdateRouteReq,64530
FindNodeReq,159584
UpdateRouteReq,173660
UpdateRouteReq,75978
UpdateRouteReq,79798
FindNodeReq,89053
FindNodeReq,106818
FindNodeReq,121020
UpdateRouteReq,126078
UpdateRouteReq,134507
UpdateRouteReq,73271
FindNodeReq,83487
FindNodeReq,129041
FindNodeReq,163513
UpdateRouteReq,189948
UpdateRouteReq,223156
UpdateRouteReq,108373
UpdateRouteReq,162987
FindNodeReq,85454
FindNodeReq,100046
FindNodeReq,153841
FindNodeReq,209795
UpdateRouteReq,99498
UpdateRouteReq,103944
Error,84894
UpdateRouteReq,44416
UpdateRouteReq,79878
UpdateRouteReq,115157
UpdateRouteReq,132788
UpdateRouteReq,163510
UpdateRouteReq,218737
Error,310274
UpdateRouteReq,315101
UpdateRouteReq,322711
UpdateRouteReq,190107
UpdateRouteReq,227263
UpdateRouteReq,236449
UpdateRouteReq,242240
Error,94386
UpdateRouteReq,76194
UpdateRouteReq,158636
UpdateRouteReq,195806
UpdateRouteReq,229946
UpdateRouteReq,235675
UpdateRouteReq,241047
FindNodeReq,209230
Error,212010
FindNodeReq,257233
FindNodeReq,294160
FindNodeReq,333347
FindNodeReq,367725
Error,373090
UpdateRouteReq,111258
UpdateRouteReq,112809
Error,166936
UpdateRouteReq,177044
UpdateRouteReq,182096
UpdateRouteReq,49288
UpdateRouteReq,41339
FindNodeReq,77023
FindNodeReq,135094
UpdateRouteReq,144148
FindNodeReq,242343
UpdateRouteReq,249755
Error,325998
FindNodeReq,388860
UpdateRouteReq,398456
UpdateRouteReq,72263
UpdateRouteReq,67126
UpdateRouteReq,72787
FindNodeReq,130758
FindNodeReq,244406
Error,286017
UpdateRouteReq,297228
UpdateRouteReq,304558
FindNodeReq,339825
UpdateRouteReq,406772
Error,451486
FindNodeReq,184039
UpdateRouteReq,170282
UpdateRouteReq,178442
UpdateRouteReq,185529
FindNodeReq,67622
FindNodeReq,148942
FindNodeReq,187277
Error,258055
FindNodeReq,344846
UpdateRouteReq,105694
UpdateRouteReq,106796
UpdateRouteReq,113036
FindNodeReq,100898
FindNodeReq,160834
Error,202939
UpdateRouteReq,211686
UpdateRouteReq,216682
Error,255924
UpdateRouteReq,208791
UpdateRouteReq,246573
UpdateRouteReq,280777
UpdateRouteReq,323985
UpdateRouteReq,194890
FindNodeReq,308487
FindNodeReq,373695
Error,419157
UpdateRouteReq,429278
UpdateRouteReq,436170
UpdateRouteReq,132770
UpdateRouteReq,168540
Error,236664
UpdateRouteReq,248030
FindNodeReq,197327
UpdateRouteReq,186464
UpdateRouteReq,194960
UpdateRouteReq,234583
Error,348709
UpdateRouteReq,358583
UpdateRouteReq,391783
UpdateRouteReq,430642
FindNodeReq,527991
Error,576998
UpdateRouteReq,587419
UpdateRouteReq,618594
Error,412991
Error,455484
UpdateRouteReq,464917
UpdateRouteReq,473430
UpdateRouteReq,505473
FindNodeReq,614895
Error,681746
FindNodeReq,723773
UpdateRouteReq,756146
Error,799486
UpdateRouteReq,809421
UpdateRouteReq,849034
Error,404219
UpdateRouteReq,408713
UpdateRouteReq,449583
Error,548364
UpdateRouteReq,558285
Error,640650
Error,683773
UpdateRouteReq,714997
UpdateRouteReq,723052
UpdateRouteReq,826309
Error,863074
UpdateRouteReq,333919
UpdateRouteReq,334253
UpdateRouteReq,339452
UpdateRouteReq,415676
UpdateRouteReq,452476
FindNodeReq,590606
Error,575663
UpdateRouteReq,604707
UpdateRouteReq,610378
UpdateRouteReq,611464
Error,246947
UpdateRouteReq,249648
UpdateRouteReq,255704
UpdateRouteReq,261941
UpdateRouteReq,300742
FindNodeReq,398086
UpdateRouteReq,405553
UpdateRouteReq,411098
Error,413068
Error,185536
Error,212494
Error,216220
Error,219075
UpdateRouteReq,251461
UpdateRouteReq,258735
UpdateRouteReq,266021
UpdateRouteReq,298478
UpdateRouteReq,90120
UpdateRouteReq,95158
Error,35782
FindNodeReq,70788
UpdateRouteReq,73292
UpdateRouteReq,104133
UpdateRouteReq,86351
UpdateRouteReq,132213
Error,80945
FindNodeReq,183489
FindNodeReq,213893
UpdateRouteReq,222829
UpdateRouteReq,230171
UpdateRouteReq,248304
UpdateRouteReq,88702
UpdateRouteReq,94132
FindNodeReq,86083
FindNodeReq,112417
UpdateRouteReq,71436
UpdateRouteReq,74503
UpdateRouteReq,79291
FindNodeReq,61944
FindNodeReq,101853
FindNodeReq,128908
Error,173700
FindNodeReq,207974
UpdateRouteReq,210063
UpdateRouteReq,242433
UpdateRouteReq,292431
UpdateRouteReq,318441
UpdateRouteReq,344914
UpdateRouteReq,370684
FindNodeReq,97228
FindNodeReq,146347
FindNodeReq,109758
FindNodeReq,139471
UpdateRouteReq,56700
UpdateRouteReq,58176
FindNodeReq,68358
FindNodeReq,93516
FindNodeReq,121235
FindNodeReq,150058
FindNodeReq,80014
UpdateRouteReq,90415
UpdateRouteReq,95803
Error,88541
FindNodeReq,117216
FindNodeReq,94298
UpdateRouteReq,97182
UpdateRouteReq,88432
UpdateRouteReq,91104
UpdateRouteReq,128655
UpdateRouteReq,225814
UpdateRouteReq,254428
UpdateRouteReq,281828
UpdateRouteReq,330401
FindNodeReq,67980
UpdateRouteReq,125799
UpdateRouteReq,185184
UpdateRouteReq,179809
UpdateRouteReq,207837
UpdateRouteReq,235222
UpdateRouteReq,261415
FindNodeReq,72518
FindNodeReq,100902
FindNodeReq,114171
Error,154030
FindNodeReq,205374
UpdateRouteReq,210702
UpdateRouteReq,122564
UpdateRouteReq,180341
FindNodeReq,234645
FindNodeReq,178511
UpdateRouteReq,208748
UpdateRouteReq,235062
FindNodeReq,60781
FindNodeReq,69819
FindNodeReq,96492
UpdateRouteReq,57768
UpdateRouteReq,59963
UpdateRouteReq,33687
FindNodeReq,109566
FindNodeReq,161305
FindNodeReq,191543
UpdateRouteReq,70159
UpdateRouteReq,70844
FindNodeReq,75445
FindNodeReq,101718
Error,64400
FindNodeReq,95025
FindNodeReq,124400
UpdateRouteReq,74626
UpdateRouteReq,76911
UpdateRouteReq,81211
UpdateRouteReq,60789
UpdateRouteReq,62299
UpdateRouteReq,82010
FindNodeReq,112075
UpdateRouteReq,146852
FindNodeReq,82838
FindNodeReq,129244
Error,130325
UpdateRouteReq,137426
FindNodeReq,177576
FindNodeReq,214416
FindNodeReq,247935
FindNodeReq,281574
Error,285107
UpdateRouteReq,293421
Error,88456
FindNodeReq,61487
UpdateRouteReq,110091
UpdateRouteReq,138877
UpdateRouteReq,34046
UpdateRouteReq,58894
UpdateRouteReq,61759
UpdateRouteReq,95963
Error,136571
UpdateRouteReq,171873
UpdateRouteReq,71463
UpdateRouteReq,73358
UpdateRouteReq,78696
Error,102739
Error,137252
UpdateRouteReq,138450
UpdateRouteReq,141943
UpdateRouteReq,149801
UpdateRouteReq,189048
UpdateRouteReq,216724
UpdateRouteReq,53294
UpdateRouteReq,55101
Error,92216
FindNodeReq,126317
FindNodeReq,160060
UpdateRouteReq,166164
UpdateRouteReq,104358
UpdateRouteReq,136598
UpdateRouteReq,145944
UpdateRouteReq,151814
Error,114484
UpdateRouteReq,118153
UpdateRouteReq,39678
FindNodeReq,84754
FindNodeReq,111519
UpdateRouteReq,41310
FindNodeReq,67707
FindNodeReq,67680
FindNodeReq,97225
FindNodeReq,57551
Error,87178
FindNodeReq,128986
UpdateRouteReq,36546
UpdateRouteReq,34282
FindNodeReq,72444
FindNodeReq,64050
UpdateRouteReq,38807
Error,74167
FindNodeReq,67715
FindNodeReq,56112
FindNodeReq,56925
FindNodeReq,79445
FindNodeReq,90705
FindNodeReq,116679
Error,127404
FindNodeReq,96031
UpdateRouteReq,97598
FindNodeReq,131436
FindNodeReq,811340
FindNodeReq,219271
FindNodeReq,275868
FindNodeReq,307277
UpdateRouteReq,316001
UpdateRouteReq,345272
UpdateRouteReq,373445
FindNodeReq,67704
FindNodeReq,66179
FindNodeReq,90548
UpdateRouteReq,94933
FindNodeReq,69801
FindNodeReq,93336
FindNodeReq,60352
FindNodeReq,73663
FindNodeReq,97749
UpdateRouteReq,36287
UpdateRouteReq,33438
FindNodeReq,84142
FindNodeReq,111927
UpdateRouteReq,73119
UpdateRouteReq,106629
FindNodeReq,66522
FindNodeReq,58612
UpdateRouteReq,38373
FindNodeReq,65165
FindNodeReq,69862
FindNodeReq,62048
UpdateRouteReq,37821
FindNodeReq,60764
FindNodeReq,68585
FindNodeReq,61845
UpdateRouteReq,37908
FindNodeReq,60661
FindNodeReq,60542
FindNodeReq,56492
FindNodeReq,67520
FindNodeReq,79979
FindNodeReq,103654
FindNodeReq,78158
UpdateRouteReq,80275
FindNodeReq,77524
UpdateRouteReq,34387
FindNodeReq,120300
FindNodeReq,146624
UpdateRouteReq,74930
FindNodeReq,168866
FindNodeReq,210839
FindNodeReq,95082
UpdateRouteReq,93270
FindNodeReq,78678
FindNodeReq,69086
FindNodeReq,89870
FindNodeReq,114897
FindNodeReq,141809
FindNodeReq,85119
UpdateRouteReq,85990
UpdateRouteReq,35059
FindNodeReq,254496
FindNodeReq,284918
UpdateRouteReq,291106
UpdateRouteReq,290901
UpdateRouteReq,322140
UpdateRouteReq,42427
FindNodeReq,103313
FindNodeReq,136288
UpdateRouteReq,45111
FindNodeReq,78540
FindNodeReq,103204
UpdateRouteReq,34569
UpdateRouteReq,33453
FindNodeReq,82816
FindNodeReq,112591
FindNodeReq,80477
FindNodeReq,107640
UpdateRouteReq,61993
UpdateRouteReq,63279
UpdateRouteReq,87660
FindNodeReq,78758
FindNodeReq,102898
UpdateRouteReq,39613
FindNodeReq,82919
FindNodeReq,110078
UpdateRouteReq,37479
FindNodeReq,69352
FindNodeReq,62316
UpdateRouteReq,37486
FindNodeReq,62897
FindNodeReq,58209
FindNodeReq,75003
FindNodeReq,64770
FindNodeReq,77298
FindNodeReq,101626
FindNodeReq,83983
FindNodeReq,115487
UpdateRouteReq,120854
UpdateRouteReq,33948
FindNodeReq,70671
FindNodeReq,63052
UpdateRouteReq,38122
UpdateRouteReq,39816
UpdateRouteReq,74238
UpdateRouteReq,107559
FindNodeReq,69739
FindNodeReq,62052
UpdateRouteReq,38760
FindNodeReq,72575
FindNodeReq,71951
FindNodeReq,61923
UpdateRouteReq,37646
FindNodeReq,61790
FindNodeReq,58427
FindNodeReq,73546
FindNodeReq,63960
FindNodeReq,85640
FindNodeReq,112524
FindNodeReq,83515
FindNodeReq,112857
UpdateRouteReq,119077
UpdateRouteReq,34392
FindNodeReq,71310
FindNodeReq,63141
UpdateRouteReq,38388
UpdateRouteReq,39477
UpdateRouteReq,73823
UpdateRouteReq,107072
FindNodeReq,84914
FindNodeReq,111091
UpdateRouteReq,38687
FindNodeReq,66679
FindNodeReq,70307
FindNodeReq,62646
UpdateRouteReq,38193
FindNodeReq,61271
FindNodeReq,58858
FindNodeReq,93727
UpdateRouteReq,70932
FindNodeReq,85242
FindNodeReq,112541
UpdateRouteReq,74167
UpdateRouteReq,102446
FindNodeReq,147499
FindNodeReq,179824
UpdateRouteReq,44211
FindNodeReq,74965
FindNodeReq,64064
UpdateRouteReq,39506
FindNodeReq,61858
UpdateRouteReq,81063
FindNodeReq,84936
FindNodeReq,112273
UpdateRouteReq,44153
FindNodeReq,76274
UpdateRouteReq,42975
FindNodeReq,63765
FindNodeReq,101737
FindNodeReq,129774
FindNodeReq,164137
FindNodeReq,105343
UpdateRouteReq,109306
FindNodeReq,90527
FindNodeReq,142221
FindNodeReq,109581
FindNodeReq,109045
UpdateRouteReq,112292
UpdateRouteReq,117982
FindNodeReq,114606
FindNodeReq,140389
FindNodeReq,176795
FindNodeReq,212971
UpdateRouteReq,55423
UpdateRouteReq,55344
UpdateRouteReq,38167
UpdateRouteReq,155269
FindNodeReq,151729
FindNodeReq,159376
UpdateRouteReq,88846
UpdateRouteReq,65606
Error,103373
UpdateRouteReq,166408
UpdateRouteReq,166877
Error,124281
FindNodeReq,125906
UpdateRouteReq,127121
FindNodeReq,81308
Error,107467
UpdateRouteReq,111466
Error,98840
FindNodeReq,131293
Error,88720
FindNodeReq,107153
Error,83707
Error,78248
FindNodeReq,70808
Error,47234
UpdateRouteReq,42735
Error,88903
UpdateRouteReq,39589
Error,107970
Error,46699
FindNodeReq,145182
FindNodeReq,148712
FindNodeReq,96025
FindNodeReq,81464
FindNodeReq,78859
UpdateRouteReq,44238
FindNodeReq,143288
FindNodeRsp,81666
UpdateRouteReq,49699
UpdateRouteReq,42344
QueryRouteRsp,77650
UpdateRouteReq,42747
UpdateRouteReq,160955
UpdateRouteReq,42619
UpdateRouteReq,159117
UpdateRouteReq,217368
UpdateRouteReq,317344
UpdateRouteReq,438973
UpdateRouteReq,57526
UpdateRouteReq,84440
UpdateRouteReq,43099
FindNodeReq,163445
FindNodeRsp,77522
UpdateRouteReq,682186
UpdateRouteReq,785594
FindNodeReq,882962
UpdateRouteReq,916092
UpdateRouteReq,997045
UpdateRouteReq,1054066
UpdateRouteReq,1134004
Error,1204626
Error,71779
FindNodeReq,113940
FindNodeReq,85050
FindNodeReq,84882
FindNodeReq,80494
UpdateRouteReq,114441
Error,94394
FindNodeRsp,58899
UpdateRouteReq,201498
UpdateRouteReq,241790
FindNodeReq,158405
FindNodeReq,146681
FindNodeReq,95054
FindNodeReq,83049
FindNodeReq,79525
UpdateRouteReq,42159
UpdateRouteReq,64475
FindNodeReq,150076
UpdateRouteReq,42675
FindNodeReq,154588
FindNodeRsp,74366
UpdateRouteReq,91717
UpdateRouteReq,44083
PathSetupReq,93610
FindNodeReq,155937
FindNodeRsp,97654
FindNodeReq,161640
UpdateRouteReq,108748
FindNodeReq,155048
FindNodeReq,156368
FindNodeReq,155213
FindNodeReq,144117
FindNodeRsp,83408
FindNodeRsp,111649
FindNodeRsp,76857
FindNodeRsp,102744
FindNodeReq,148382
FindNodeRsp,120477
FindNodeReq,154683
FindNodeReq,155917
FindNodeRsp,79932
FindNodeReq,159929
FindNodeReq,155682
FindNodeReq,154922
FindNodeReq,118273
FindNodeRsp,107952
FindNodeReq,156694
FindNodeReq,234415
FindNodeReq,155845
FindNodeReq,156636
FindNodeRsp,81642
FindNodeReq,160997
FindNodeReq,155966
FindNodeReq,162847
FindNodeRsp,78029
FindNodeRsp,99924
FindNodeReq,160886
FindNodeRsp,94826
FindNodeReq,156563
FindNodeRsp,102074
FindNodeRsp,99938
FindNodeRsp,84399
FindNodeRsp,77739
FindNodeReq,107286
FindNodeRsp,126094
FindNodeRsp,101605
FindNodeReq,156165
FindNodeReq,159351
FindNodeReq,166164
FindNodeRsp,98528
FindNodeRsp,104780
FindNodeReq,167666
FindNodeReq,178341
FindNodeRsp,111855
FindNodeRsp,76557
PathSetupReq,126315
PathSetupReq,39228
PathSetupReq,44061
FindNodeReq,106289
FindNodeReq,157944
FindNodeRsp,78047
FindNodeRsp,112064
FindNodeReq,171746
FindNodeRsp,97378
PathSetupReq,97683
FindNodeReq,158736
FindNodeReq,152404
FindNodeReq,127690
FindNodeReq,183704
FindNodeRsp,100842
FindNodeReq,157055
FindNodeReq,112632
FindNodeRsp,86732
PNHello,126149
PNDiscRsp,140237
FindNodeRsp,78282
FindNodeReq,107984
FindNodeRsp,116266
FindNodeReq,158873
FindNodeRsp,209907
PNDiscReq,125986
FindNodeReq,155893
FindNodeRsp,77950
FindNodeRsp,77239
FindNodeRsp,83055
FindNodeReq,102524
FindNodeRsp,90990
FindNodeReq,116732
FindNodeRsp,93345
FindNodeRsp,94758
FindNodeReq,170696
FindNodeReq,100425
FindNodeRsp,95252
FindNodeRsp,118665
FindNodeRsp,107939
FindNodeReq,162706
FindNodeRsp,94952
FindNodeReq,158016
FindNodeRsp,79726
FindNodeReq,154617
FindNodeRsp,91053
FindNodeReq,156480
FindNodeRsp,75918
FindNodeReq,149244
FindNodeRsp,74768
FindNodeRsp,115001
FindNodeRsp,97768
FindNodeReq,114536
FindNodeReq,148559
UpdateRouteReq,128999
UpdateRouteReq,245165
FindNodeReq,175441
UpdateRouteReq,140662
UpdateRouteReq,207453
FindNodeReq,91964
FindNodeReq,322006
FindNodeReq,429982
FindNodeReq,64153
FindNodeReq,67641
FindNodeReq,97703
FindNodeReq,61723
FindNodeReq,66927
FindNodeReq,64138
FindNodeReq,65478
FindNodeReq,66037
FindNodeRsp,104957
FindNodeReq,140445
FindNodeRsp,64311
Error,71062
UpdateRouteReq,499081
UpdateRouteReq,570457
UpdateRouteReq,659531
FindNodeReq,722403
UpdateRouteReq,367808
UpdateRouteReq,474397
FindNodeReq,565172
Error,568815
Error,34154
FindNodeReq,82296
FindNodeReq,79439
FindNodeReq,78103
UpdateRouteReq,98916
UpdateRouteReq,107177
FindNodeRsp,141425
UpdateRouteReq,238583
UpdateRouteReq,133041
FindNodeReq,144045
FindNodeReq,92932
FindNodeReq,75606
FindNodeReq,73093
UpdateRouteReq,52255
UpdateRouteReq,127933
Error,176366
Error,169592
FindNodeReq,409127
Error,582612
Error,607265
FindNodeReq,181404
FindNodeReq,76558
UpdateRouteReq,53128
Error,240866
Error,187621
UpdateRouteReq,195145
FindNodeReq,703719
FindNodeReq,858453
FindNodeReq,890729
FindNodeReq,1070230
FindNodeReq,1124012
Error,1235074
FindNodeRsp,1244249
FindNodeReq,940015
FindNodeReq,974727
UpdateRouteReq,986507
Error,1033112
FindNodeReq,1112475
UpdateRouteReq,1147047
FindNodeReq,1304041
FindNodeReq,1356031
FindNodeReq,1443697
Error,319886
FindNodeReq,349881
FindNodeReq,382935
FindNodeReq,416015
FindNodeReq,447186
FindNodeReq,477046
FindNodeReq,508045
UpdateRouteReq,519193
Error,695382
FindNodeReq,290719
Error,343618
Error,76444
Error,133741
Error,152900
Error,105869
FindNodeReq,127913
UpdateRouteReq,174071
Error,231295
UpdateRouteReq,238931
Error,265005
FindNodeReq,139866
FindNodeReq,174386
FindNodeReq,142869
Error,232277
Error,163410
UpdateRouteReq,163496
FindNodeReq,229851
UpdateRouteReq,240000
Error,266701
Error,314813
Error,378628
FindNodeReq,117085
FindNodeReq,145489
UpdateRouteReq,153857
UpdateRouteReq,181331
Error,272171
UpdateRouteReq,180344
UpdateRouteReq,214156
Error,100904
Error,137490
Error,179737
FindNodeReq,83630
UpdateRouteReq,49840
UpdateRouteReq,128515
FindNodeReq,232089
FindNodeReq,279058
FindNodeReq,154277
FindNodeReq,208872
Error,91752
Error,93196
Error,92218
Error,112626
FindNodeReq,142357
Error,187700
UpdateRouteReq,97462
Error,139069
Error,206554
Error,95374
FindNodeReq,126658
Error,83183
Error,81362
Error,77307
FindNodeRsp,65051
Error,108314
Error,87230
Error,127493
UpdateRouteReq,49451
FindNodeReq,65704
Error,82412
UpdateRouteReq,120024
UpdateRouteReq,219861
UpdateRouteReq,172748
UpdateRouteReq,214407
Error,77095
Error,74127
Error,79989
Error,93666
Error,132977
Error,109325
Error,148115
Error,189876
Error,48547
Error,77706
Error,76451
Error,51459
Error,90176
Error,37414
Error,36687
Error,38463
Error,78809
Error,56450
Error,59111
Error,115506
Error,116214
Error,128288
Error,130799
Error,134362
Error,180889
Error,136552
UpdateRouteReq,140975
UpdateRouteReq,148801
UpdateRouteReq,188181
Error,119943
Error,66951
Error,110982
Error,82548
UpdateRouteReq,44743
Error,79738
Error,94557
Error,133727
Error,48765
Error,77036
Error,81022
Error,77072
UpdateRouteReq,41136
Error,37589
UpdateRouteReq,40191
Error,90158
Error,52799
Error,69315
Error,77858
UpdateRouteReq,117331
Error,118416
Error,164072
Error,70155
UpdateRouteReq,92274
Error,94296
Error,76066
UpdateRouteReq,46950
Error,89023
Error,52475
Error,36399
Error,33847
UpdateRouteReq,37853
UpdateRouteReq,42323
FindNodeRsp,222692
UpdateRouteReq,229610
UpdateRouteReq,268929
QueryRouteRsp,84754
UpdateRouteReq,46773
UpdateRouteReq,80689
UpdateRouteReq,83342
UpdateRouteReq,45284
UpdateRouteReq,46200
FindNodeRsp,44702
UpdateRouteReq,106546
FindNodeReq,89466
FindNodeRsp,60170
FindNodeRsp,75798
UpdateRouteReq,113268
FindNodeRsp,44773
FindNodeReq,167084
FindNodeRsp,44293
FindNodeReq,149234
Error,108310
Error,84098
Error,79094
Error,44160
Error,58784
FindNodeReq,392062
FindNodeReq,115518
Error,111657
Error,112690
FindNodeReq,93146
FindNodeReq,74722
FindNodeReq,74271
FindNodeRsp,60394
UpdateRouteReq,98822
FindNodeRsp,53691
UpdateRouteReq,43977
FindNodeReq,74458
FindNodeReq,149779
FindNodeReq,97302
FindNodeReq,81160
FindNodeReq,77399
FindNodeReq,353491
FindNodeReq,482544
Error,486612
FindNodeReq,91164
FindNodeReq,120975
Error,84687
FindNodeReq,139110
FindNodeReq,73357
FindNodeRsp,70732
Error,154259
FindNodeReq,191578
FindNodeReq,70847
FindNodeReq,90350
Error,107794
FindNodeReq,138742
Error,75231
Error,82526
Error,41377
FindNodeReq,147944
FindNodeRsp,45961
UpdateRouteReq,111625
UpdateRouteReq,96129
FindNodeReq,300933
UpdateRouteReq,396801
Error,169188
FindNodeReq,204079
Error,204400
Error,80898
Error,116770
FindNodeReq,88983
Error,180080
FindNodeRsp,214195
FindNodeReq,105273
Error,76363
FindNodeReq,90156
Error,74539
Error,86782
Error,76282
UpdateRouteReq,49172
UpdateRouteReq,45339
FindNodeReq,117769
Error,163969
UpdateRouteReq,51719
FindNodeRsp,208507
UpdateRouteReq,261330
FindNodeReq,74774
Error,123716
UpdateRouteReq,41020
UpdateRouteReq,40779
UpdateRouteReq,62155
FindNodeRsp,75171
Error,102936
Error,80695
Error,41665
Error,57305
FindNodeReq,370764
FindNodeReq,110238
Error,107868
Error,107850
FindNodeReq,74894
FindNodeReq,71832
FindNodeReq,75484
UpdateRouteReq,81953
UpdateRouteReq,117958
Error,82779
UpdateRouteReq,75984
UpdateRouteReq,92808
FindNodeRsp,95636
FindNodeReq,154876
FindNodeReq,126305
Error,189224
UpdateRouteReq,197109
FindNodeReq,227146
Error,79834
FindNodeReq,67298
FindNodeRsp,43756
UpdateRouteReq,47156
UpdateRouteReq,91634
Error,150600
FindNodeReq,207665
UpdateRouteReq,215755
UpdateRouteReq,225215
Error,266762
FindNodeReq,134600
Error,106358
UpdateRouteReq,127922
UpdateRouteReq,167628
UpdateRouteReq,202172
UpdateRouteReq,60450
UpdateRouteReq,62366
FindNodeReq,86575
UpdateRouteReq,89340
UpdateRouteReq,71182
Error,115842
Error,158306
Error,148764
UpdateRouteReq,154102
UpdateRouteReq,212575
UpdateRouteReq,44239
UpdateRouteReq,44034
UpdateRouteReq,58110
FindNodeReq,74774
FindNodeReq,74061
FindNodeReq,65407
Error,78978
UpdateRouteReq,41783
UpdateRouteReq,45528
UpdateRouteReq,84836
Error,76966
UpdateRouteReq,92158
UpdateRouteReq,96794
UpdateRouteReq,106254
UpdateRouteReq,112585
UpdateRouteReq,44137
UpdateRouteReq,84056
FindNodeReq,81442
FindNodeReq,62100
Error,90584
UpdateRouteReq,112778
Error,182304
Error,223320
Error,262382
UpdateRouteReq,273499
Error,131950
UpdateRouteReq,137111
UpdateRouteReq,171372
Error,146951
UpdateRouteReq,157277
UpdateRouteReq,165453
UpdateRouteReq,56224
UpdateRouteReq,43091
UpdateRouteReq,39429
FindNodeReq,65819
FindNodeReq,60119
Error,76819
Error,74623
Error,76706
UpdateRouteReq,47378
UpdateRouteReq,43102
Error,90558
UpdateRouteReq,109819
UpdateRouteReq,58923
UpdateRouteReq,79998
UpdateRouteReq,85162
UpdateRouteReq,92870
FindNodeReq,145013
FindNodeReq,169604
Error,140475
UpdateRouteReq,140019
UpdateRouteReq,95482
Error,158505
Error,202919
Error,111557
Error,159359
Error,205180
Error,209123
UpdateRouteReq,216586
UpdateRouteReq,224044
UpdateRouteReq,230948
UpdateRouteReq,268546
Error,114550
UpdateRouteReq,124585
UpdateRouteReq,132437
Error,73765
Error,41281
Error,34435
FindNodeReq,69999
FindNodeReq,86429
UpdateRouteReq,91187
UpdateRouteReq,61062
UpdateRouteReq,56380
Error,70493
Error,68015
Error,30888
Error,30219
Error,34813
UpdateRouteReq,44350
UpdateRouteReq,59567
UpdateRouteReq,56739
Error,37564
UpdateRouteReq,89094
UpdateRouteReq,154105
UpdateRouteReq,188889
UpdateRouteReq,78086
UpdateRouteReq,81387
FindNodeReq,69199
FindNodeReq,77990
Error,77227
UpdateRouteReq,65764
Error,63783
Error,67074
Error,31365
UpdateRouteReq,44238
UpdateRouteReq,85782
Error,88881
UpdateRouteReq,98829
UpdateRouteReq,77055
UpdateRouteReq,108090
Error,172773
UpdateRouteReq,202025
UpdateRouteReq,209544
UpdateRouteReq,265474
UpdateRouteReq,297923
UpdateRouteReq,304812
UpdateRouteReq,59143
FindNodeReq,67136
FindNodeReq,67157
FindNodeReq,61619
FindNodeReq,137446
FindNodeReq,145149
UpdateRouteReq,171689
UpdateRouteReq,202676
UpdateRouteReq,41281
FindNodeReq,73587
FindNodeReq,66151
Error,80179
UpdateRouteReq,61582
UpdateRouteReq,42999
FindNodeReq,72008
UpdateRouteReq,59427
UpdateRouteReq,73213
UpdateRouteReq,102442
FindNodeReq,187380
UpdateRouteReq,117142
UpdateRouteReq,169873
Error,77919
UpdateRouteReq,91487
UpdateRouteReq,96544
UpdateRouteReq,56749
FindNodeReq,126766
UpdateRouteReq,43741
FindNodeReq,88490
Error,149737
UpdateRouteReq,111243
UpdateRouteReq,116490
UpdateRouteReq,153937
FindNodeReq,117521
FindNodeReq,104896
Error,81553
UpdateRouteReq,135773
UpdateRouteReq,99470
Error,147597
UpdateRouteReq,44155
FindNodeReq,88094
FindNodeReq,93814
UpdateRouteReq,99594
UpdateRouteReq,39800
UpdateRouteReq,48813
FindNodeReq,163364
UpdateRouteReq,88642
Error,178855
UpdateRouteReq,148029
UpdateRouteReq,153481
UpdateRouteReq,214361
UpdateRouteReq,248118
UpdateRouteReq,70961
FindNodeReq,74971
FindNodeReq,84722
FindNodeReq,126983
UpdateRouteReq,154658
UpdateRouteReq,162114
FindNodeReq,69482
Error,79650
FindNodeReq,68714
UpdateRouteReq,98362
UpdateRouteReq,130772
FindNodeReq,161707
UpdateRouteReq,98371
UpdateRouteReq,101687
UpdateRouteReq,108138
FindNodeReq,64291
FindNodeReq,113912
FindNodeReq,236292
FindNodeReq,222969
FindNodeReq,278930
UpdateRouteReq,288034
UpdateRouteReq,319836
UpdateRouteReq,348285
FindNodeReq,67394
Error,93394
UpdateRouteReq,97142
FindNodeReq,87534
UpdateRouteReq,93712
UpdateRouteReq,96810
FindNodeReq,99147
FindNodeReq,88114
UpdateRouteReq,99681
UpdateRouteReq,60468
UpdateRouteReq,63674
FindNodeReq,176486
UpdateRouteReq,169601
UpdateRouteReq,201669
UpdateRouteReq,88392
Error,78545
UpdateRouteReq,109443
UpdateRouteReq,116865
UpdateRouteReq,155349
FindNodeReq,83843
UpdateRouteReq,79875
UpdateRouteReq,110483
FindNodeReq,66800
FindNodeReq,79042
FindNodeReq,107421
FindNodeReq,76646
UpdateRouteReq,43489
UpdateRouteReq,42717
UpdateRouteReq,38508
FindNodeReq,67251
FindNodeReq,62655
FindNodeReq,66396
Error,97486
UpdateRouteReq,185052
UpdateRouteReq,205822
UpdateRouteReq,245906
UpdateRouteReq,287281
UpdateRouteReq,294874
UpdateRouteReq,300832
Error,301357
FindNodeReq,188379
FindNodeReq,218330
FindNodeReq,249417
FindNodeReq,280372
UpdateRouteReq,201255
UpdateRouteReq,207979
UpdateRouteReq,215453
UpdateRouteReq,49299
UpdateRouteReq,42087
Error,96940
UpdateRouteReq,128926
UpdateRouteReq,162130
UpdateRouteReq,67270
UpdateRouteReq,71632
UpdateRouteReq,99150
FindNodeReq,139926
Error,184824
UpdateRouteReq,197525
UpdateRouteReq,206821
UpdateRouteReq,129098
UpdateRouteReq,213291
UpdateRouteReq,79273
Error,127362
Error,167623
UpdateRouteReq,178377
UpdateRouteReq,187704
UpdateRouteReq,96412
Error,75124
Error,131661
Error,180449
Error,217515
UpdateRouteReq,227325
UpdateRouteReq,236939
UpdateRouteReq,271647
Error,83979
Error,120501
Error,46721
Error,139661
Error,165200
Error,169673
UpdateRouteReq,132481
UpdateRouteReq,137843
UpdateRouteReq,177978
Error,202111
Error,65711
Error,67547
Error,69272
Error,98701
Error,51879
Error,51487
Error,52846
UpdateRouteReq,46067
UpdateRouteReq,62995
UpdateRouteReq,57731
Error,82449
UpdateRouteReq,46709
UpdateRouteReq,57571
Error,96682
UpdateRouteReq,61359
UpdateRouteReq,64138
Error,107447
UpdateRouteReq,83209
UpdateRouteReq,60615
UpdateRouteReq,41701
Error,126703
UpdateRouteReq,135844
UpdateRouteReq,123163
UpdateRouteReq,95932
Error,112607
UpdateRouteReq,154736
UpdateRouteReq,184682
UpdateRouteReq,221935
Error,246978
UpdateRouteReq,291101
Error,399476
UpdateRouteReq,410266
UpdateRouteReq,445840
Error,503281
UpdateRouteReq,510503
UpdateRouteReq,519089
UpdateRouteReq,575936
UpdateRouteReq,608361
UpdateRouteReq,638061
Error,703734
UpdateRouteReq,713405
UpdateRouteReq,720643
UpdateRouteReq,752694
Error,842326
UpdateRouteReq,850774
UpdateRouteReq,343100
UpdateRouteReq,378581
Error,420595
UpdateRouteReq,483154
UpdateRouteReq,538660
Error,649716
UpdateRouteReq,702336
UpdateRouteReq,735135
Error,314247
UpdateRouteReq,321543
UpdateRouteReq,362466
UpdateRouteReq,397680
Error,484885
UpdateRouteReq,516464
Error,556008
Error,639414
UpdateRouteReq,648180
UpdateRouteReq,215325
Error,385127
UpdateRouteReq,395741
UpdateRouteReq,221191
Error,306622
Error,372318
UpdateRouteReq,427337
UpdateRouteReq,436597
UpdateRouteReq,208812
Error,305288
Error,347523
UpdateRouteReq,358330
UpdateRouteReq,392331
Error,228535
Error,265714
UpdateRouteReq,305520
UpdateRouteReq,362970
Error,179518
UpdateRouteReq,185878
UpdateRouteReq,222639
Error,221271
UpdateRouteReq,226047
Error,269319
Error,342397
UpdateRouteReq,353393
UpdateRouteReq,409824
Error,154996
UpdateRouteReq,161890
UpdateRouteReq,196390
Error,273429
Error,311054
UpdateRouteReq,335180
UpdateRouteReq,361194
Error,209827
Error,240980
Error,303234
UpdateRouteReq,312920
UpdateRouteReq,321014
UpdateRouteReq,373721
UpdateRouteReq,85664
UpdateRouteReq,115483
Error,76204
Error,107446
UpdateRouteReq,127362
UpdateRouteReq,135358
UpdateRouteReq,113875
Error,174287
Error,210571
Error,271617
Error,309476
UpdateRouteReq,115066
UpdateRouteReq,120494
UpdateRouteReq,181802
Error,85767
UpdateRouteReq,34509
Error,59965
UpdateRouteReq,49483
UpdateRouteReq,45146
Error,98914
Error,154096
Error,189462
UpdateRouteReq,90605
UpdateRouteReq,94813
UpdateRouteReq,126743
Error,70352
Error,98701
Error,98392
Error,151944
UpdateRouteReq,92208
UpdateRouteReq,95176
UpdateRouteReq,124797
Error,74202
UpdateRouteReq,77954
UpdateRouteReq,50453
UpdateRouteReq,44763
Error,63322
UpdateRouteReq,36428
UpdateRouteReq,95460
Error,154106
Error,204835
Error,239599
Error,273140
UpdateRouteReq,304523
UpdateRouteReq,311545
UpdateRouteReq,95988
Error,150998
Error,185145
Error,244114
Error,184090
Error,239217
UpdateRouteReq,247034
UpdateRouteReq,254087
UpdateRouteReq,283006
Error,335163
UpdateRouteReq,342933
Error,62736
Error,58645
UpdateRouteReq,64026
UpdateRouteReq,91757
Error,60748
Error,60551
Error,134699
Error,164636
UpdateRouteReq,172714
UpdateRouteReq,180496
UpdateRouteReq,208765
Error,85806
Error,82948
Error,118179
Error,112988
Error,159601
Error,163505
Error,166213
UpdateRouteReq,172856
UpdateRouteReq,180510
UpdateRouteReq,94680
Error,114910
Error,25223
Error,77828
UpdateRouteReq,85998
UpdateRouteReq,62087
UpdateRouteReq,47675
Error,26363
UpdateRouteReq,48252
UpdateRouteReq,53306
UpdateRouteReq,64711
Error,40739
Error,87021
Error,90678
UpdateRouteReq,98171
UpdateRouteReq,75088
UpdateRouteReq,102681
Error,92763
Error,95726
Error,116003
Error,43334
Error,43587
Error,41151
Error,41642
Error,40903
Error,41233
UpdateRouteReq,36865
UpdateRouteReq,61762
UpdateRouteReq,89905
Error,54642
Error,37159
Error,35944
Error,45232
UpdateRouteReq,49741
UpdateRouteReq,47642
UpdateRouteReq,45406
Error,71569
Error,69729
Error,72377
Error,95978
Error,95056
Error,137466
Error,140411
Error,143417
UpdateRouteReq,151367
UpdateRouteReq,89607
UpdateRouteReq,114561
Error,135530
Error,57058
Error,112159
UpdateRouteReq,117185
UpdateRouteReq,122417
UpdateRouteReq,171657
Error,217288
UpdateRouteReq,186039
UpdateRouteReq,250754
Error,216143
UpdateRouteReq,243959
UpdateRouteReq,290424
Error,194904
UpdateRouteReq,128052
UpdateRouteReq,190899
Error,141793
UpdateRouteReq,138019
UpdateRouteReq,167588
Error,254457
UpdateRouteReq,204465
Error,275816
UpdateRouteReq,114091
UpdateRouteReq,143129
Error,239925
UpdateRouteReq,112939
UpdateRouteReq,145137
UpdateRouteReq,193708
Error,133951
Error,187812
UpdateRouteReq,194754
UpdateRouteReq,74261
Error,129973
Error,133359
UpdateRouteReq,137789
UpdateRouteReq,190462
Error,121477
Error,173492
UpdateRouteReq,76566
UpdateRouteReq,104800
Error,65179
Error,112959
Error,95958
UpdateRouteReq,101058
UpdateRouteReq,118469
UpdateRouteReq,80194
Error,77921
Error,107531
Error,163206
Error,173600
Error,205953
UpdateRouteReq,213901
UpdateRouteReq,221327
UpdateRouteReq,249398
Error,61040
Error,71477
Error,88754
Error,137210
UpdateRouteReq,139641
UpdateRouteReq,147087
UpdateRouteReq,179969
Error,205433
Error,207985
Error,210561
Error,151619
UpdateRouteReq,142053
UpdateRouteReq,149547
UpdateRouteReq,207037
Error,245713
Error,57799
Error,122711
Error,122626
Error,126019
UpdateRouteReq,132732
UpdateRouteReq,140084
UpdateRouteReq,172482
Error,105376
Error,104646
UpdateRouteReq,113761
UpdateRouteReq,121768
UpdateRouteReq,150777
Error,120479
Error,173757
UpdateRouteReq,97413
Error,129685
UpdateRouteReq,140395
UpdateRouteReq,169307
Error,99947
UpdateRouteReq,91008
UpdateRouteReq,128528
Error,158576
UpdateRouteReq,186726
UpdateRouteReq,214752
UpdateRouteReq,167516
UpdateRouteReq,195807
Error,281066
UpdateRouteReq,290343
UpdateRouteReq,296534
UpdateRouteReq,204940
Error,296612
Error,331178
UpdateRouteReq,358220
UpdateRouteReq,386613
Error,452148
UpdateRouteReq,460299
Error,236275
UpdateRouteReq,263119
UpdateRouteReq,291172
Error,159702
Error,191780
UpdateRouteReq,199241
UpdateRouteReq,242928
Error,185916
UpdateRouteReq,192436
UpdateRouteReq,220977
Error,97951
Error,114077
Error,160682
Error,145259
UpdateRouteReq,149755
UpdateRouteReq,156613
UpdateRouteReq,185352
Error,35184
Error,54868
Error,38235
Error,28125
Error,28849
UpdateRouteReq,36961
UpdateRouteReq,48903
UpdateRouteReq,46589
Error,63590
Error,83033
Error,86368
Error,45441
UpdateRouteReq,49728
FindNodeReq,98848
UpdateRouteReq,105214
UpdateRouteReq,132735
Error,43545
UpdateRouteReq,46641
UpdateRouteReq,73375
UpdateRouteReq,101272
Error,93898
Error,93603
Error,96458
Error,99593
UpdateRouteReq,107513
UpdateRouteReq,55356
Error,76638
UpdateRouteReq,35461
UpdateRouteReq,61859
UpdateRouteReq,90180
Error,169826
UpdateRouteReq,176664
UpdateRouteReq,170993
UpdateRouteReq,200875
Error,82809
UpdateRouteReq,33779
Error,78658
Error,68100
Error,49937
FindNodeRsp,33403
UpdateRouteReq,40636
QueryRouteRsp,75822
UpdateRouteReq,60632
UpdateRouteReq,89426
FindNodeRsp,60686
FindNodeRsp,79490
UpdateRouteReq,45735
UpdateRouteReq,89418
UpdateRouteReq,74890
FindNodeRsp,62370
UpdateRouteReq,71258
UpdateRouteReq,49810
Error,89628
Error,84566
Error,76808
FindNodeRsp,41719
Error,85340
Error,42048
FindNodeReq,71690
UpdateRouteReq,45264
UpdateRouteReq,40828
FindNodeReq,150117
FindNodeReq,145509
FindNodeReq,94442
FindNodeReq,79322
FindNodeReq,77926
FindNodeReq,152423
QueryRouteRsp,107555
FindNodeRsp,54359
FindNodeReq,85342
UpdateRouteReq,46199
FindNodeReq,145757
FindNodeReq,147897
PathSetupReq,128243
PathSetupReq,118554
PathSetupReq,38876
FindNodeRsp,78469
FindNodeReq,104398
FindNodeRsp,62373
Error,108857
Error,84828
Error,80548
Error,43903
Error,57253
FindNodeReq,365780
FindNodeReq,113546
Error,110558
Error,132987
FindNodeReq,94745
FindNodeReq,73823
FindNodeReq,73391
Error,165824
FindNodeReq,258787
Error,107578
FindNodeReq,127938
FindNodeReq,79837
Error,119978
FindNodeReq,82531
Error,120762
FindNodeReq,79306
Error,119490
Error,128988
FindNodeRsp,59992
Error,90434
Error,122459
Error,102792
UpdateRouteReq,106869
Error,83000
Error,77804
Error,78387
Error,78666
Error,74851
Error,79337
Error,41719
Error,41719
Error,111181
Error,86759
Error,43532
UpdateRouteReq,98863
QueryRouteRsp,79344
UpdateRouteReq,81329
UpdateRouteReq,72251
UpdateRouteReq,127522
UpdateRouteReq,134131
UpdateRouteReq,155137
Error,231043
UpdateRouteReq,119250
FindNodeRsp,209142
UpdateRouteReq,43047
FindNodeRsp,77415
UpdateRouteReq,111214
FindNodeRsp,54849
FindNodeReq,102382
FindNodeRsp,63719
FindNodeRsp,50671
UpdateRouteReq,109166
FindNodeReq,435049
Error,137832
Error,133717
Error,194280
FindNodeReq,229754
Error,273890
UpdateRouteReq,281475
Error,102958
FindNodeReq,110778
FindNodeRsp,171042
Error,237839
FindNodeReq,85632
Error,82312
FindNodeReq,105130
Error,45834
Error,53503
UpdateRouteReq,45329
UpdateRouteReq,73348
FindNodeReq,348007
FindNodeReq,119870
FindNodeReq,152455
FindNodeReq,69040
UpdateRouteReq,132835
FindNodeReq,201598
UpdateRouteReq,209850
FindNodeReq,68631
FindNodeReq,86342
FindNodeReq,124381
UpdateRouteReq,81327
FindNodeReq,70615
FindNodeReq,68744
UpdateRouteReq,71065
UpdateRouteReq,83019
FindNodeReq,135814
FindNodeReq,99004
FindNodeReq,117697
FindNodeReq,63451
FindNodeReq,205204
UpdateRouteReq,155946
FindNodeReq,230435
FindNodeReq,80298
FindNodeReq,69113
FindNodeReq,81016
FindNodeReq,80784
FindNodeReq,116141
FindNodeReq,100830
FindNodeReq,114974
FindNodeReq,70194
UpdateRouteReq,90910
FindNodeReq,86638
FindNodeReq,123510
UpdateRouteReq,127561
FindNodeReq,70380
FindNodeReq,79391
FindNodeReq,69727
FindNodeReq,64581
UpdateRouteReq,90904
UpdateRouteReq,127450
FindNodeReq,113017
FindNodeReq,143140
FindNodeReq,98003
UpdateRouteReq,72198
FindNodeReq,157593
FindNodeReq,89292
FindNodeReq,79687
FindNodeReq,109259
FindNodeReq,96490
FindNodeReq,134132
FindNodeReq,310531
FindNodeReq,79251
FindNodeReq,71794
FindNodeReq,160726
UpdateRouteReq,194906
FindNodeReq,70314
FindNodeReq,69537
UpdateRouteReq,43070
FindNodeReq,69563
UpdateRouteReq,43608
FindNodeReq,82998
FindNodeReq,124971
FindNodeReq,155586
FindNodeReq,119808
UpdateRouteReq,149362
UpdateRouteReq,156980
UpdateRouteReq,232551
UpdateRouteReq,306994
UpdateRouteReq,255676
FindNodeReq,290998
FindNodeReq,510613
FindNodeReq,78300
FindNodeReq,81900
FindNodeReq,95738
FindNodeReq,123929
FindNodeReq,98198
FindNodeReq,151185
FindNodeReq,136511
FindNodeReq,72622
UpdateRouteReq,77436
UpdateRouteReq,113976
FindNodeReq,110280
FindNodeReq,138161
UpdateRouteReq,128960
FindNodeReq,70852
FindNodeReq,65557
FindNodeReq,70023
FindNodeReq,65052
UpdateRouteReq,89516
UpdateRouteReq,131657
FindNodeReq,191198
FindNodeReq,115623
FindNodeReq,63045
UpdateRouteReq,159617
FindNodeReq,157039
FindNodeReq,85993
FindNodeReq,77882
FindNodeReq,108035
FindNodeReq,107024
FindNodeReq,135892
FindNodeReq,264534
FindNodeReq,73850
FindNodeReq,89799
UpdateRouteReq,88965
UpdateRouteReq,141459
FindNodeReq,174206
FindNodeReq,139768
FindNodeReq,113965
FindNodeReq,141903
FindNodeReq,179880
UpdateRouteReq,188480
FindNodeReq,151501
FindNodeReq,137739
FindNodeReq,73051
UpdateRouteReq,44094
FindNodeReq,158117
FindNodeReq,131953
UpdateRouteReq,290835
FindNodeReq,157554
FindNodeReq,235001
FindNodeReq,210440
UpdateRouteReq,217902
UpdateRouteReq,225419
FindNodeReq,335244
UpdateRouteReq,143647
FindNodeReq,68854
FindNodeReq,88630
UpdateRouteReq,94832
UpdateRouteReq,78126
FindNodeReq,122541
FindNodeReq,199784
FindNodeReq,216496
FindNodeReq,102498
FindNodeReq,81162
UpdateRouteReq,114786
FindNodeReq,191436
FindNodeReq,153296
UpdateRouteReq,156913
FindNodeReq,440941
FindNodeReq,681349
FindNodeReq,142761
FindNodeReq,62630
FindNodeReq,67459
FindNodeReq,64486
UpdateRouteReq,85222
UpdateRouteReq,224159
UpdateRouteReq,227326
UpdateRouteReq,372396
FindNodeReq,367718
FindNodeReq,104296
FindNodeReq,72418
FindNodeReq,162165
FindNodeReq,63320
FindNodeReq,195712
UpdateRouteReq,48119
UpdateRouteReq,72009
UpdateRouteReq,69173
FindNodeReq,297941
FindNodeReq,564340
FindNodeReq,77785
FindNodeReq,93690
FindNodeReq,221999
FindNodeReq,99814
UpdateRouteReq,218635
UpdateRouteReq,251606
UpdateRouteReq,304517
UpdateRouteReq,152877
UpdateRouteReq,163301
UpdateRouteReq,224167
UpdateRouteReq,109746
UpdateRouteReq,141018
UpdateRouteReq,176785
FindNodeReq,354332
UpdateRouteReq,113666
FindNodeReq,86962
FindNodeReq,106502
FindNodeReq,75236
FindNodeReq,68873
FindNodeReq,78966
FindNodeReq,72773
UpdateRouteReq,81116
UpdateRouteReq,55595
FindNodeReq,310910
FindNodeReq,149644
FindNodeReq,77050
FindNodeReq,107405
FindNodeReq,111990
UpdateRouteReq,115537
FindNodeReq,146826
FindNodeReq,70443
FindNodeReq,96298
UpdateRouteReq,99413
FindNodeReq,69434
FindNodeReq,75951
UpdateRouteReq,69582
UpdateRouteReq,100596
FindNodeReq,98596
FindNodeReq,133429
FindNodeReq,64726
FindNodeReq,61999
FindNodeReq,67869
FindNodeReq,63331
FindNodeReq,193982
UpdateRouteReq,190451
FindNodeReq,240389
FindNodeReq,293266
FindNodeReq,119895
FindNodeReq,74113
FindNodeReq,97378
FindNodeReq,118221
UpdateRouteReq,122504
UpdateRouteReq,129374
FindNodeReq,99273
UpdateRouteReq,43783
UpdateRouteReq,50779
UpdateRouteReq,100239
UpdateRouteReq,56447
UpdateRouteReq,196351
UpdateRouteReq,247205
FindNodeReq,276334
UpdateRouteReq,114034
FindNodeReq,202718
FindNodeReq,72223
FindNodeReq,103666
FindNodeReq,74131
FindNodeReq,72966
FindNodeReq,80257
FindNodeReq,72900
UpdateRouteReq,83706
UpdateRouteReq,211099
FindNodeReq,190830
FindNodeReq,193989
FindNodeReq,102730
FindNodeReq,153557
UpdateRouteReq,156021
FindNodeReq,238804
UpdateRouteReq,253254
Error,38839
FindNodeReq,241355
FindNodeReq,129478
FindNodeReq,100858
FindNodeReq,63352
FindNodeReq,65815
FindNodeReq,77453
UpdateRouteReq,39477
UpdateRouteReq,142979
FindNodeReq,65333
FindNodeReq,61798
FindNodeReq,56747
FindNodeReq,59922
FindNodeReq,206298
FindNodeReq,92391
FindNodeReq,71315
UpdateRouteReq,59742
UpdateRouteReq,120280
FindNodeReq,245834
UpdateRouteReq,102235
FindNodeReq,157341
FindNodeReq,65724
FindNodeReq,80008
UpdateRouteReq,85781
FindNodeReq,87879
UpdateRouteReq,188993
UpdateRouteReq,177070
FindNodeReq,278830
FindNodeReq,471779
FindNodeReq,64245
FindNodeReq,56419
FindNodeReq,58392
FindNodeReq,71179
FindNodeReq,104197
FindNodeReq,87147
FindNodeReq,178819
FindNodeReq,207246
UpdateRouteReq,136317
UpdateRouteReq,254483
UpdateRouteReq,150233
UpdateRouteReq,66720
UpdateRouteReq,77540
UpdateRouteReq,36254
FindNodeReq,146377
FindNodeReq,75117
FindNodeReq,81234
FindNodeReq,77752
FindNodeReq,69969
FindNodeRsp,76462
FindNodeRsp,42870
UpdateRouteReq,123482
Error,30256
FindNodeReq,43765
FindNodeReq,87642
FindNodeReq,85210
FindNodeReq,80606
FindNodeReq,80511
FindNodeReq,73131
UpdateRouteReq,47667
QueryRouteRsp,82031
Error,192376
FindNodeReq,215023
Error,71318
Error,65667
FindNodeReq,110161
FindNodeReq,82420
FindNodeReq,80486
FindNodeReq,76434
UpdateRouteReq,108943
FindNodeRsp,63693
FindNodeRsp,59150
FindNodeRsp,66627
FindNodeReq,147141
FindNodeReq,148417
FindNodeReq,164808
FindNodeRsp,72579
FindNodeRsp,78051
FindNodeReq,148846
FindNodeRsp,73503
FindNodeRsp,59669
FindNodeReq,145839
FindNodeRsp,74818
FindNodeReq,145182
FindNodeRsp,73263
FindNodeReq,147837
FindNodeRsp,63535
FindNodeRsp,62229
FindNodeReq,145758
FindNodeRsp,59337
FindNodeReq,147758
FindNodeRsp,57646
FindNodeReq,145197
FindNodeRsp,75510
FindNodeRsp,58095
FindNodeReq,148097
FindNodeRsp,73401
PNHello,126069
PNDiscRsp,100134
FindNodeRsp,58690
FindNodeReq,148757
FindNodeReq,148263
FindNodeReq,149942
FindNodeRsp,61123
FindNodeReq,148537
FindNodeRsp,76664
FindNodeReq,145083
FindNodeReq,145804
FindNodeRsp,58683
FindNodeReq,149301
FindNodeRsp,59713
FindNodeReq,147084
FindNodeRsp,62666
FindNodeReq,204546
FindNodeRsp,125529
PathSetupReq,84462
PathSetupReq,89966
FindNodeReq,149626
FindNodeReq,150073
FindNodeRsp,59126
FindNodeRsp,59195
FindNodeRsp,63857
FindNodeReq,149370
FindNodeReq,134137
FindNodeRsp,76243
FindNodeRsp,76318
FindNodeRsp,64083
FindNodeReq,150897
FindNodeReq,150473
FindNodeRsp,78584
FindNodeRsp,79029
FindNodeReq,151596
FindNodeRsp,78083
FindNodeRsp,77900
FindNodeRsp,64130
FindNodeReq,150117
FindNodeRsp,66213
FindNodeRsp,60359
FindNodeRsp,60599
FindNodeReq,151627
FindNodeRsp,91150
FindNodeRsp,79030
FindNodeRsp,64848
FindNodeReq,148929
FindNodeRsp,79076
FindNodeReq,152309
FindNodeReq,152497
FindNodeRsp,62798
FindNodeRsp,67840
FindNodeReq,151729
FindNodeReq,151876
FindNodeReq,156097
FindNodeReq,146218
FindNodeRsp,64736
FindNodeReq,150754
FindNodeRsp,78587
FindNodeRsp,63624
FindNodeReq,151219
PathSetupReq,85033
PathSetupReq,90689
FindNodeReq,151485
FindNodeRsp,79407
FindNodeReq,153529
FindNodeRsp,78857
FindNodeReq,148639
FindNodeRsp,79772
