PNDiscReq,171037
QueryRouteRsp,161985
UpdateRouteReq,126783
QueryRouteReq,165125
UpdateRouteReq,148630
QueryRouteRsp,94598
QueryRouteReq,104040
PathSetupReq,61289
FindNodeReq,181620
FindNodeRsp,102777
PNHello,201804
PNDiscRsp,96225
QueryRouteRsp,198439
QueryRouteReq,77991
UpdateRouteReq,170474
QueryRouteRsp,187236
QueryRouteReq,73639
UpdateRouteReq,48043
PathSetupReq,40704
PathSetupReq,46508
UpdateRouteReq,188644
UpdateRouteReq,55280
FindNodeReq,173077
FindNodeRsp,128112
PNDiscReq,239082
FindNodeReq,174972
FindNodeReq,171476
FindNodeReq,173047
FindNodeRsp,129081
PNHello,125029
PNDiscRsp,69433
FindNodeReq,225417
FindNodeReq,176494
FindNodeReq,177080
FindNodeRsp,118435
FindNodeRsp,126548
PNDiscReq,133757
FindNodeReq,177545
FindNodeRsp,131049
FindNodeReq,176527
FindNodeReq,192002
FindNodeRsp,128773
PNHello,254378
PNDiscRsp,64526
FindNodeRsp,135068
FindNodeReq,208103
FindNodeReq,187429
FindNodeRsp,138069
FindNodeReq,163000
FindNodeReq,193130
FindNodeReq,247174
FindNodeReq,177706
FindNodeRsp,124633
FindNodeReq,176384
FindNodeReq,171565
PNDiscReq,134462
FindNodeRsp,160062
FindNodeReq,170127
FindNodeRsp,125651
FindNodeRsp,146066
FindNodeRsp,123006
FindNodeRsp,126473
FindNodeRsp,125598
FindNodeRsp,116574
FindNodeRsp,138637
FindNodeReq,178597
PNHello,119246
PNDiscRsp,69203
FindNodeReq,210677
FindNodeRsp,137817
FindNodeReq,174466
FindNodeReq,137544
FindNodeRsp,116082
FindNodeReq,172987
FindNodeRsp,123304
FindNodeReq,175932
FindNodeRsp,134110
FindNodeReq,177722
FindNodeRsp,131941
FindNodeReq,164707
FindNodeRsp,125817
FindNodeRsp,129117
FindNodeReq,176450
FindNodeReq,174056
FindNodeReq,169160
FindNodeRsp,128672
PNDiscReq,131285
FindNodeReq,176144
FindNodeRsp,129565
FindNodeReq,170812
FindNodeRsp,124669
FindNodeRsp,126756
FindNodeRsp,128825
FindNodeRsp,124985
FindNodeReq,177209
FindNodeReq,165960
FindNodeRsp,125434
FindNodeReq,188680
FindNodeReq,238799
FindNodeRsp,133006
FindNodeReq,174326
FindNodeReq,166880
FindNodeReq,170847
FindNodeRsp,127673
FindNodeReq,178265
FindNodeReq,164789
FindNodeRsp,170677
FindNodeReq,169954
FindNodeRsp,131152
FindNodeReq,165220
FindNodeRsp,118310
PNHello,120307
PNDiscRsp,68422
FindNodeRsp,141025
FindNodeReq,186805
FindNodeReq,173542
FindNodeReq,170761
FindNodeRsp,121912
FindNodeRsp,140245
FindNodeReq,176894
FindNodeReq,175989
FindNodeReq,176969
FindNodeRsp,126785
FindNodeReq,174329
FindNodeReq,294754
FindNodeRsp,123798
FindNodeReq,173695
FindNodeReq,171809
FindNodeRsp,119693
FindNodeRsp,131246
FindNodeRsp,122904
FindNodeRsp,139594
FindNodeReq,171191
FindNodeReq,175507
FindNodeRsp,126678
FindNodeReq,170911
FindNodeRsp,126249
FindNodeReq,167436
FindNodeRsp,133624
FindNodeReq,173611
FindNodeReq,171649
FindNodeRsp,137185
FindNodeReq,176960
FindNodeReq,169182
FindNodeRsp,127785
FindNodeReq,173188
FindNodeRsp,132830
FindNodeReq,173848
FindNodeRsp,127710
FindNodeReq,170285
FindNodeRsp,133086
FindNodeReq,180379
FindNodeRsp,137729
FindNodeReq,171327
PathSetupReq,109006
FindNodeRsp,134071
PathSetupReq,64823
PNDiscReq,130479
FindNodeReq,173652
FindNodeReq,177031
FindNodeReq,180084
FindNodeReq,177501
PathSetupReq,62203
FindNodeRsp,136831
PathSetupReq,100314
FindNodeRsp,120068
PathSetupReq,78114
FindNodeReq,175344
PathSetupReq,76382
PathSetupReq,39813
PathSetupReq,60940
PathSetupReq,81511
FindNodeRsp,145591
FindNodeRsp,109978
FindNodeRsp,114897
FindNodeReq,179292
FindNodeRsp,135013
FindNodeRsp,134719
FindNodeReq,177134
FindNodeRsp,139784
FindNodeRsp,139163
FindNodeReq,173280
FindNodeRsp,133771
FindNodeRsp,112290
FindNodeRsp,130035
FindNodeRsp,133637
FindNodeReq,172633
FindNodeRsp,133266
FindNodeReq,178026
FindNodeReq,176192
FindNodeReq,180842
FindNodeReq,176705
FindNodeRsp,124376
FindNodeReq,221533
FindNodeRsp,113910
FindNodeReq,173611
FindNodeReq,170397
FindNodeRsp,127930
FindNodeRsp,135421
FindNodeRsp,131077
FindNodeRsp,124578
FindNodeReq,170486
FindNodeRsp,125562
FindNodeReq,195436
FindNodeReq,168916
PNHello,122392
PNDiscRsp,69217
FindNodeReq,170037
FindNodeReq,174289
FindNodeRsp,135609
FindNodeReq,175450
FindNodeReq,179428
FindNodeReq,164180
FindNodeRsp,123886
FindNodeReq,185374
FindNodeReq,237999
FindNodeRsp,125069
FindNodeRsp,138265
FindNodeReq,225475
FindNodeReq,168737
FindNodeRsp,126066
FindNodeReq,103498
FindNodeRsp,120407
FindNodeReq,175327
FindNodeRsp,131241
FindNodeRsp,103701
FindNodeReq,180155
FindNodeReq,218032
FindNodeReq,178393
FindNodeRsp,114957
FindNodeReq,171884
FindNodeReq,162921
FindNodeRsp,116137
FindNodeReq,226197
FindNodeReq,173572
FindNodeRsp,121104
FindNodeRsp,127477
FindNodeRsp,124573
FindNodeRsp,123565
FindNodeReq,177400
FindNodeRsp,129724
FindNodeRsp,115846
FindNodeRsp,127066
FindNodeReq,171584
FindNodeReq,169232
FindNodeReq,173760
FindNodeRsp,121529
FindNodeReq,169496
FindNodeReq,171734
FindNodeRsp,129619
FindNodeReq,164161
FindNodeRsp,128426
FindNodeReq,226006
FindNodeRsp,132453
FindNodeReq,168180
FindNodeRsp,132688
FindNodeReq,177402
FindNodeReq,171342
FindNodeRsp,125715
FindNodeReq,177536
FindNodeReq,179954
FindNodeReq,176580
FindNodeReq,178084
FindNodeRsp,125562
FindNodeRsp,135664
FindNodeReq,173820
FindNodeReq,176006
FindNodeReq,169502
FindNodeRsp,131417
FindNodeRsp,142973
FindNodeRsp,120999
FindNodeRsp,134140
FindNodeReq,172561
FindNodeRsp,131343
FindNodeReq,172100
FindNodeRsp,129256
FindNodeReq,167448
FindNodeReq,173398
FindNodeRsp,123677
FindNodeRsp,110626
FindNodeRsp,123089
FindNodeReq,166036
FindNodeRsp,114476
FindNodeReq,179783
FindNodeRsp,127653
FindNodeReq,174350
PNDiscReq,129943
FindNodeRsp,128848
PathSetupReq,107362
PathSetupReq,82654
FindNodeRsp,129237
FindNodeReq,176805
FindNodeReq,173752
PathSetupReq,88205
FindNodeRsp,126805
PathSetupReq,64871
FindNodeReq,175478
FindNodeReq,174574
PathSetupReq,78522
FindNodeRsp,128041
PathSetupReq,91201
PathSetupReq,44559
FindNodeReq,164969
PathSetupReq,57831
PathSetupReq,81575
FindNodeReq,171381
FindNodeRsp,147322
FindNodeRsp,130445
FindNodeRsp,120065
FindNodeRsp,117775
FindNodeReq,172564
FindNodeReq,170298
FindNodeRsp,123485
FindNodeReq,174438
FindNodeRsp,133215
FindNodeReq,167556
FindNodeRsp,129518
FindNodeReq,175364
FindNodeReq,166848
FindNodeRsp,130032
FindNodeReq,221376
FindNodeReq,126130
FindNodeRsp,129822
FindNodeReq,171296
FindNodeReq,179272
FindNodeRsp,129286
FindNodeRsp,132597
FindNodeRsp,129917
FindNodeReq,179160
FindNodeReq,177764
FindNodeReq,177386
FindNodeRsp,131141
FindNodeRsp,131301
FindNodeReq,173722
FindNodeRsp,135717
FindNodeRsp,146579
FindNodeRsp,123777
FindNodeReq,171068
FindNodeRsp,127011
FindNodeRsp,112743
FindNodeReq,173929
FindNodeRsp,131139
FindNodeReq,173755
FindNodeReq,178926
FindNodeReq,174482
FindNodeRsp,127961
FindNodeReq,170784
FindNodeReq,192614
FindNodeReq,256004
FindNodeRsp,132006
FindNodeReq,173996
FindNodeRsp,133295
FindNodeReq,178108
FindNodeRsp,114445
FindNodeReq,168978
FindNodeRsp,123230
FindNodeReq,178752
FindNodeRsp,121478
FindNodeReq,179800
FindNodeReq,132085
FindNodeRsp,138667
FindNodeReq,122463
FindNodeRsp,116442
FindNodeReq,171740
FindNodeReq,171383
FindNodeReq,166892
FindNodeRsp,134526
FindNodeReq,173822
FindNodeReq,171549
FindNodeRsp,130255
FindNodeRsp,130184
FindNodeRsp,95710
FindNodeReq,173231
FindNodeRsp,129041
FindNodeReq,175440
FindNodeRsp,128852
FindNodeRsp,116062
FindNodeReq,179244
FindNodeReq,196896
FindNodeReq,170108
FindNodeRsp,116524
FindNodeRsp,125974
FindNodeReq,179540
FindNodeReq,173044
FindNodeRsp,117438
FindNodeReq,175240
PNHello,168792
PNDiscRsp,64765
FindNodeReq,170875
FindNodeReq,223893
FindNodeRsp,137253
FindNodeReq,174817
FindNodeRsp,122001
FindNodeRsp,128203
FindNodeReq,167740
FindNodeRsp,128905
FindNodeReq,176964
FindNodeReq,249006
FindNodeReq,173824
FindNodeRsp,124561
FindNodeReq,174204
FindNodeReq,134432
FindNodeRsp,125397
FindNodeReq,177183
FindNodeRsp,124542
FindNodeRsp,180120
FindNodeRsp,124689
FindNodeRsp,125343
FindNodeRsp,124156
FindNodeReq,176801
FindNodeReq,178084
FindNodeRsp,115907
FindNodeReq,178874
FindNodeRsp,107763
FindNodeReq,180607
FindNodeRsp,125694
FindNodeReq,174389
FindNodeRsp,110882
FindNodeRsp,132124
FindNodeReq,169704
FindNodeRsp,134342
FindNodeReq,175676
FindNodeReq,162661
FindNodeReq,170040
FindNodeRsp,131859
FindNodeReq,172037
FindNodeRsp,134904
PathSetupReq,110808
PathSetupReq,65627
FindNodeReq,179656
FindNodeReq,177914
FindNodeReq,177863
FindNodeRsp,135745
PathSetupReq,111325
FindNodeRsp,133006
PathSetupReq,67443
FindNodeReq,174944
FindNodeReq,163891
PathSetupReq,109300
PathSetupReq,57966
PathSetupReq,42158
FindNodeRsp,130458
FindNodeReq,170044
PathSetupReq,59119
PathSetupReq,63555
FindNodeReq,171431
FindNodeRsp,74694
FindNodeRsp,51497
FindNodeRsp,45504
FindNodeRsp,60698
FindNodeReq,188047
FindNodeRsp,124478
FindNodeReq,176452
FindNodeReq,163832
FindNodeReq,171769
FindNodeRsp,112605
FindNodeRsp,135560
FindNodeReq,173500
FindNodeReq,171437
FindNodeReq,170624
FindNodeRsp,139269
FindNodeReq,174857
FindNodeRsp,130233
FindNodeRsp,131425
FindNodeReq,167558
FindNodeReq,165337
FindNodeRsp,167934
FindNodeReq,165701
PNDiscReq,130469
FindNodeReq,221471
FindNodeReq,171065
FindNodeRsp,140558
FindNodeReq,165297
FindNodeReq,169124
FindNodeRsp,120992
FindNodeRsp,139217
FindNodeReq,165221
FindNodeReq,175040
FindNodeRsp,136693
FindNodeReq,174313
FindNodeReq,167490
FindNodeRsp,133606
FindNodeRsp,137421
FindNodeRsp,113140
FindNodeReq,172625
FindNodeRsp,141526
FindNodeReq,172796
FindNodeReq,173696
FindNodeReq,163544
FindNodeRsp,135650
FindNodeReq,172847
FindNodeRsp,121385
FindNodeRsp,120916
FindNodeReq,173793
FindNodeReq,170701
FindNodeRsp,127650
FindNodeReq,169886
FindNodeRsp,130237
FindNodeReq,174664
FindNodeReq,171392
FindNodeReq,167693
FindNodeRsp,129101
FindNodeReq,169880
FindNodeRsp,130185
FindNodeReq,177012
FindNodeReq,171560
FindNodeRsp,134211
FindNodeReq,172190
FindNodeRsp,119386
FindNodeReq,169518
PathSetupReq,96867
FindNodeRsp,131276
FindNodeReq,170092
PathSetupReq,84510
FindNodeRsp,131777
FindNodeReq,170077
PathSetupReq,59478
PathSetupReq,40939
PathSetupReq,104310
PathSetupReq,65375
FindNodeReq,168916
FindNodeReq,175715
FindNodeReq,169169
FindNodeRsp,130892
PNHello,120803
PNDiscRsp,69549
FindNodeReq,173244
FindNodeReq,165371
FindNodeRsp,123604
FindNodeRsp,125018
FindNodeRsp,133697
FindNodeRsp,139905
FindNodeRsp,133255
FindNodeReq,168442
FindNodeRsp,106930
FindNodeReq,167020
FindNodeRsp,129754
FindNodeRsp,127764
FindNodeRsp,131634
FindNodeRsp,117081
FindNodeReq,167428
FindNodeReq,174436
FindNodeReq,174502
FindNodeReq,171776
FindNodeRsp,143059
FindNodeReq,168892
FindNodeRsp,136930
FindNodeReq,168708
FindNodeReq,169784
FindNodeRsp,134899
FindNodeRsp,130983
FindNodeReq,166321
FindNodeRsp,135277
FindNodeReq,175831
FindNodeReq,163702
FindNodeReq,169102
FindNodeRsp,141135
FindNodeReq,169518
FindNodeReq,223012
FindNodeRsp,133167
FindNodeReq,168477
FindNodeReq,169864
FindNodeRsp,130347
FindNodeRsp,122090
FindNodeRsp,115938
FindNodeReq,190811
FindNodeReq,169668
FindNodeReq,199388
FindNodeRsp,133264
FindNodeReq,171113
FindNodeRsp,126166
FindNodeReq,175010
FindNodeRsp,136553
FindNodeReq,172522
FindNodeReq,167592
FindNodeRsp,143708
FindNodeReq,174243
FindNodeReq,188847
FindNodeReq,252943
PNDiscReq,144869
FindNodeRsp,135129
FindNodeReq,172742
PathSetupReq,91642
FindNodeRsp,124419
FindNodeReq,168648
PathSetupReq,64918
FindNodeRsp,134271
PathSetupReq,58465
PathSetupReq,41742
PathSetupReq,89368
PathSetupReq,84002
FindNodeRsp,139977
FindNodeReq,330261
FindNodeRsp,118261
FindNodeRsp,126232
FindNodeReq,193170
FindNodeReq,176241
FindNodeRsp,137993
FindNodeReq,176435
FindNodeRsp,131021
FindNodeRsp,120769
FindNodeReq,175069
FindNodeReq,165582
FindNodeReq,168065
FindNodeReq,171722
FindNodeReq,165997
FindNodeRsp,132642
FindNodeReq,171562
FindNodeRsp,143192
FindNodeReq,162289
FindNodeReq,171393
FindNodeReq,171404
FindNodeRsp,136089
FindNodeReq,166692
FindNodeReq,171064
FindNodeRsp,138703
FindNodeReq,168573
FindNodeRsp,113269
FindNodeReq,170309
FindNodeRsp,126999
FindNodeReq,172745
FindNodeRsp,109617
FindNodeReq,168564
FindNodeRsp,112086
FindNodeReq,161828
FindNodeRsp,134699
FindNodeRsp,127598
UpdateRouteReq,312079
UpdateRouteReq,447818
UpdateRouteReq,604363
UpdateRouteReq,732405
UpdateRouteReq,444131
UpdateRouteReq,572264
FindNodeReq,655968
FindNodeRsp,76137
FindNodeReq,166622
FindNodeRsp,128829
FindNodeReq,171640
FindNodeReq,153886
FindNodeReq,166596
PNHello,119196
PNDiscRsp,67922
FindNodeRsp,134874
FindNodeReq,164926
FindNodeRsp,122517
FindNodeRsp,122897
FindNodeReq,171548
FindNodeRsp,133466
FindNodeReq,165484
UpdateRouteReq,165019
FindNodeRsp,108129
FindNodeReq,186988
FindNodeReq,146098
FindNodeReq,90151
FindNodeReq,76891
UpdateRouteReq,60550
UpdateRouteReq,41923
FindNodeRsp,95756
FindNodeReq,153931
FindNodeRsp,92338
FindNodeReq,152181
FindNodeRsp,93353
FindNodeRsp,74941
FindNodeReq,156397
FindNodeRsp,147035
FindNodeRsp,132831
FindNodeReq,139612
FindNodeReq,88929
FindNodeReq,75731
FindNodeReq,72096
FindNodeReq,157544
FindNodeReq,162476
FindNodeRsp,129352
UpdateRouteReq,192782
UpdateRouteReq,176820
Error,128455
Error,140298
Error,109458
Error,56265
FindNodeReq,150849
FindNodeReq,149875
FindNodeReq,145663
FindNodeRsp,93092
FindNodeRsp,79783
UpdateRouteReq,188788
UpdateRouteReq,236898
FindNodeReq,125929
UpdateRouteReq,72990
UpdateRouteReq,72805
UpdateRouteReq,103286
FindNodeRsp,92587
FindNodeReq,157139
FindNodeReq,143453
FindNodeReq,159969
FindNodeRsp,111346
FindNodeReq,153769
FindNodeReq,155676
UpdateRouteReq,106732
UpdateRouteReq,72766
FindNodeRsp,133873
UpdateRouteReq,76595
UpdateRouteReq,171389
PathTeardownReq,95848
UpdateRouteReq,106614
FindNodeReq,150330
FindNodeReq,148682
FindNodeReq,149937
FindNodeReq,98856
UpdateRouteReq,138753
FindNodeRsp,92350
UpdateRouteReq,128416
UpdateRouteReq,178628
UpdateRouteReq,113317
UpdateRouteReq,80322
UpdateRouteReq,136901
PathSetupReq,106325
UpdateRouteReq,163353
UpdateRouteReq,96962
FindNodeReq,171938
UpdateRouteReq,180096
FindNodeRsp,113660
PathSetupReq,182113
PathTeardownReq,155955
PathTeardownReq,170908
FindNodeReq,143675
FindNodeReq,160966
FindNodeRsp,115022
UpdateRouteReq,102930
UpdateRouteReq,117386
FindNodeReq,431603
FindNodeReq,722648
PathSetupReq,152391
UpdateRouteReq,108865
UpdateRouteReq,52167
PathSetupReq,39658
UpdateRouteReq,79186
PathSetupReq,88227
PathSetupReq,95745
FindNodeReq,167598
PathSetupReq,137084
PathSetupReq,79455
Error,171573
Error,167684
Error,88130
FindNodeRsp,140364
FindNodeReq,171285
UpdateRouteReq,98878
UpdateRouteReq,167354
Error,165085
Error,189112
Error,143212
Error,168280
Error,55689
UpdateRouteReq,99727
FindNodeRsp,132425
FindNodeRsp,115250
FindNodeReq,184796
FindNodeRsp,118141
FindNodeReq,169576
Error,81964
PathTeardownReq,96649
UpdateRouteReq,179179
UpdateRouteReq,72544
UpdateRouteReq,93254
PathSetupReq,85675
UpdateRouteReq,46319
Error,205198
Error,131085
PathTeardownReq,101290
Error,142016
Error,89823
UpdateRouteReq,93222
PathSetupReq,74305
UpdateRouteReq,104861
UpdateRouteReq,75786
Error,185487
Error,233130
FindNodeReq,163540
Error,175478
Error,98462
Error,66930
Error,79695
UpdateRouteReq,72444
PathTeardownReq,41472
PathTeardownReq,61485
PathTeardownReq,61292
QueryRouteReq,110606
PathSetupReq,80574
PathTeardownReq,34476
UpdateRouteReq,157856
UpdateRouteReq,45420
Error,165878
UpdateRouteReq,274138
Error,300096
Error,73246
Error,32579
UpdateRouteReq,170497
UpdateRouteReq,52152
UpdateRouteReq,41666
FindNodeRsp,75029
FindNodeReq,156051
FindNodeReq,158713
FindNodeReq,160351
FindNodeReq,155177
FindNodeReq,159351
FindNodeReq,148101
FindNodeReq,119526
FindNodeReq,80614
FindNodeReq,76711
UpdateRouteReq,44175
Error,81090
Error,35760
FindNodeReq,163348
FindNodeReq,150197
FindNodeReq,95982
FindNodeReq,81102
FindNodeReq,77652
Error,40476
Error,33593
FindNodeReq,167480
UpdateRouteReq,51772
FindNodeReq,155736
FindNodeReq,157073
FindNodeRsp,79874
FindNodeRsp,113227
FindNodeReq,158470
FindNodeReq,159197
FindNodeReq,147744
FindNodeReq,148060
FindNodeReq,95670
FindNodeReq,79011
UpdateRouteReq,45934
Error,106284
Error,42328
FindNodeReq,168222
UpdateRouteReq,52826
FindNodeRsp,77598
FindNodeReq,160208
FindNodeReq,159078
FindNodeReq,160173
FindNodeReq,143488
FindNodeReq,92538
FindNodeReq,76825
FindNodeReq,75365
Error,80826
Error,35104
FindNodeRsp,102413
FindNodeReq,160860
FindNodeReq,159369
FindNodeReq,156077
FindNodeReq,150143
FindNodeReq,149710
FindNodeReq,94007
FindNodeReq,78583
UpdateRouteReq,44799
Error,81299
Error,35479
FindNodeReq,163218
FindNodeReq,166466
FindNodeReq,165925
UpdateRouteReq,66784
FindNodeRsp,79548
FindNodeReq,148862
FindNodeReq,148652
FindNodeReq,94158
FindNodeReq,83655
UpdateRouteReq,43908
Error,81542
Error,36616
FindNodeReq,166191
FindNodeReq,159821
FindNodeReq,158573
FindNodeReq,99547
FindNodeReq,85477
FindNodeReq,97909
FindNodeReq,84962
Error,108925
Error,35729
FindNodeReq,153733
FindNodeReq,103422
FindNodeReq,86070
FindNodeReq,82938
PNDiscReq,167818
FindNodeRsp,78465
FindNodeReq,166803
UpdateRouteReq,176101
FindNodeRsp,77597
FindNodeReq,158143
FindNodeReq,157347
FindNodeReq,164345
FindNodeReq,162548
FindNodeRsp,79839
FindNodeReq,159705
FindNodeReq,161778
FindNodeRsp,103509
Error,70211
Error,38252
Error,33138
FindNodeReq,160632
FindNodeReq,160953
FindNodeReq,157838
FindNodeReq,160265
FindNodeReq,158786
FindNodeRsp,80506
FindNodeReq,157305
FindNodeReq,163793
FindNodeRsp,113647
FindNodeReq,159448
FindNodeRsp,102836
FindNodeReq,160893
FindNodeReq,160106
FindNodeRsp,101118
FindNodeReq,159089
FindNodeRsp,78651
FindNodeReq,158553
FindNodeRsp,101983
FindNodeRsp,100858
FindNodeRsp,101100
FindNodeReq,157648
PathSetupReq,57683
PathSetupReq,40313
PathSetupReq,162925
FindNodeRsp,110938
FindNodeReq,157293
FindNodeReq,159923
FindNodeRsp,102902
FindNodeReq,162120
FindNodeReq,161556
FindNodeReq,159271
FindNodeReq,164917
FindNodeReq,180776
PNHello,123717
PNDiscRsp,67166
FindNodeReq,159626
FindNodeReq,163931
FindNodeReq,159640
FindNodeRsp,117316
FindNodeReq,161481
FindNodeRsp,116087
FindNodeRsp,119651
FindNodeReq,160685
FindNodeReq,160277
FindNodeReq,164875
FindNodeReq,163074
FindNodeRsp,102661
FindNodeRsp,114409
FindNodeReq,162285
FindNodeReq,161278
FindNodeReq,160551
FindNodeRsp,99618
FindNodeReq,159206
FindNodeReq,160620
FindNodeReq,161796
FindNodeReq,183818
FindNodeRsp,100527
FindNodeReq,174749
FindNodeReq,166281
FindNodeRsp,114501
FindNodeReq,163772
FindNodeRsp,113229
FindNodeReq,160222
FindNodeReq,165757
FindNodeReq,162109
FindNodeRsp,102990
FindNodeReq,162848
FindNodeRsp,100833
FindNodeRsp,102677
FindNodeReq,161500
FindNodeReq,166136
FindNodeReq,161766
FindNodeReq,164697
FindNodeReq,165376
FindNodeReq,163320
FindNodeReq,161524
FindNodeRsp,102892
PNDiscReq,120621
FindNodeRsp,89572
FindNodeReq,163004
FindNodeReq,118653
FindNodeReq,162686
FindNodeReq,160816
PathSetupReq,58145
PathSetupReq,78444
PathSetupReq,136587
FindNodeRsp,124185
FindNodeReq,161058
FindNodeReq,164029
FindNodeReq,116589
FindNodeReq,160629
FindNodeRsp,102108
FindNodeReq,159258
FindNodeRsp,117411
FindNodeReq,158982
FindNodeReq,160645
FindNodeRsp,113723
FindNodeReq,160361
FindNodeReq,187742
FindNodeReq,203252
FindNodeReq,159609
FindNodeReq,157952
FindNodeReq,160506
FindNodeRsp,100156
FindNodeReq,162637
FindNodeRsp,114258
FindNodeReq,346080
FindNodeReq,159112
FindNodeReq,157241
FindNodeReq,150701
FindNodeRsp,114429
FindNodeRsp,110461
FindNodeReq,160409
FindNodeReq,157823
FindNodeRsp,111089
FindNodeReq,159829
FindNodeRsp,138923
FindNodeReq,160361
FindNodeReq,185610
FindNodeReq,160129
FindNodeReq,309941
UpdateRouteReq,178140
UpdateRouteReq,82803
UpdateRouteReq,146168
UpdateRouteReq,125826
UpdateRouteReq,92830
UpdateRouteReq,125912
FindNodeReq,177538
FindNodeReq,158757
FindNodeRsp,76744
FindNodeReq,153039
FindNodeReq,154585
FindNodeReq,158138
FindNodeRsp,64005
Error,70282
Error,40483
Error,33228
FindNodeReq,156284
PNHello,123854
PNDiscRsp,63237
FindNodeRsp,76594
FindNodeReq,159735
FindNodeReq,153144
FindNodeReq,158009
FindNodeReq,149284
FindNodeReq,153253
FindNodeReq,152748
FindNodeRsp,64464
FindNodeReq,156797
FindNodeRsp,76922
FindNodeReq,156661
FindNodeReq,152932
FindNodeRsp,79664
FindNodeReq,146521
FindNodeReq,149401
FindNodeRsp,76978
FindNodeReq,140158
FindNodeReq,88638
FindNodeReq,75142
UpdateRouteReq,47124
FindNodeReq,145139
FindNodeRsp,70063
Error,110358
Error,87102
Error,79538
Error,41759
Error,57978
Error,54910
Error,32220
Error,84582
Error,80456
Error,81856
Error,79835
Error,37987
Error,33828
FindNodeRsp,73758
FindNodeReq,144249
FindNodeReq,149113
FindNodeRsp,63617
Error,108133
Error,82183
Error,77424
Error,38748
FindNodeRsp,64260
FindNodeRsp,87150
FindNodeReq,148926
UpdateRouteReq,175872
Error,152510
Error,113227
Error,99373
Error,50266
Error,64433
FindNodeReq,303697
Error,345060
Error,51395
FindNodeReq,110843
Error,105612
Error,76398
FindNodeReq,67672
Error,80439
FindNodeReq,94714
Error,74015
FindNodeReq,69028
Error,39972
Error,34075
Error,125163
Error,95824
Error,189005
Error,122789
Error,372888
UpdateRouteReq,376571
Error,346996
UpdateRouteReq,433576
UpdateRouteReq,480777
Error,582548
Error,425323
UpdateRouteReq,427158
Error,551708
UpdateRouteReq,579893
UpdateRouteReq,615863
Error,714877
Error,814013
Error,888076
UpdateRouteReq,292928
UpdateRouteReq,326236
Error,404261
Error,447590
UpdateRouteReq,457246
UpdateRouteReq,464164
UpdateRouteReq,492265
Error,594435
Error,348695
UpdateRouteReq,351472
UpdateRouteReq,385223
Error,443026
Error,482806
Error,535732
UpdateRouteReq,545119
UpdateRouteReq,584313
UpdateRouteReq,615434
Error,365980
Error,397767
UpdateRouteReq,405040
UpdateRouteReq,439119
Error,562436
Error,599787
Error,608418
Error,615376
UpdateRouteReq,656950
UpdateRouteReq,662411
UpdateRouteReq,717713
