PNDiscReq,134546
PNHello,175944
PNDiscRsp,92816
QueryRouteRsp,50011
QueryRouteReq,65511
UpdateRouteReq,18797
QueryRouteReq,200063
QueryRouteRsp,120077
UpdateRouteReq,45212
QueryRouteReq,206823
QueryRouteRsp,75774
PathSetupReq,59305
UpdateRouteReq,124190
UpdateRouteReq,187524
UpdateRouteReq,44213
UpdateRouteReq,42673
QueryRouteReq,99765
UpdateRouteReq,80769
QueryRouteRsp,106190
PathSetupReq,43879
FindNodeReq,229698
FindNodeRsp,126644
PathSetupReq,85310
UpdateRouteReq,174003
PNHello,199468
PNDiscRsp,66031
FindNodeReq,172936
FindNodeRsp,125328
PNDiscReq,199692
FindNodeReq,175837
UpdateRouteReq,144864
UpdateRouteReq,45048
FindNodeReq,174585
UpdateRouteReq,147320
UpdateRouteReq,46660
UpdateRouteReq,76385
FindNodeRsp,124095
UpdateRouteReq,179025
FindNodeReq,178126
FindNodeRsp,115706
FindNodeReq,178301
PNHello,121781
PNDiscRsp,69578
PNDiscReq,131737
FindNodeRsp,125421
FindNodeRsp,129134
FindNodeReq,173646
FindNodeReq,165173
FindNodeReq,128001
FindNodeRsp,125953
FindNodeReq,189888
FindNodeReq,173581
FindNodeRsp,154666
FindNodeRsp,137953
FindNodeReq,156139
FindNodeReq,116710
FindNodeReq,166295
PNDiscReq,130091
PNHello,112778
PNDiscRsp,68253
FindNodeReq,169446
FindNodeReq,149990
FindNodeRsp,118921
FindNodeReq,175484
FindNodeRsp,121525
FindNodeReq,171567
FindNodeReq,148856
FindNodeRsp,126562
FindNodeReq,174084
FindNodeRsp,111394
FindNodeRsp,113932
FindNodeRsp,96880
FindNodeRsp,117589
FindNodeRsp,127724
FindNodeReq,173938
FindNodeRsp,112454
FindNodeRsp,142677
FindNodeReq,178711
FindNodeReq,166256
FindNodeReq,171986
FindNodeRsp,136831
FindNodeReq,170000
FindNodeRsp,126717
FindNodeReq,187534
FindNodeRsp,127517
FindNodeRsp,131437
PNDiscReq,150398
PNHello,122030
PNDiscRsp,66149
FindNodeRsp,112302
FindNodeReq,192787
FindNodeRsp,143871
FindNodeReq,176112
FindNodeReq,177808
FindNodeReq,177174
FindNodeReq,100257
FindNodeRsp,109728
FindNodeReq,175344
FindNodeRsp,104784
FindNodeRsp,185744
FindNodeReq,289769
FindNodeReq,173780
FindNodeReq,169740
FindNodeReq,174907
FindNodeRsp,128645
FindNodeRsp,114844
FindNodeReq,174784
FindNodeRsp,121267
FindNodeReq,167928
FindNodeReq,176551
FindNodeReq,107798
FindNodeRsp,136039
FindNodeRsp,128984
FindNodeReq,177228
FindNodeRsp,135603
FindNodeReq,169200
FindNodeReq,170871
FindNodeRsp,115496
FindNodeReq,103654
FindNodeReq,133855
FindNodeRsp,129661
FindNodeReq,171506
FindNodeReq,174413
FindNodeReq,129944
FindNodeRsp,90203
FindNodeRsp,100255
FindNodeReq,188544
FindNodeRsp,106180
FindNodeReq,165574
FindNodeReq,177682
FindNodeReq,180794
FindNodeRsp,101758
FindNodeReq,177215
FindNodeReq,177862
FindNodeReq,177474
FindNodeReq,186488
FindNodeRsp,129073
FindNodeReq,174896
FindNodeRsp,107018
FindNodeReq,194007
FindNodeRsp,101190
FindNodeRsp,122014
FindNodeRsp,116379
FindNodeRsp,279617
FindNodeRsp,192883
PNDiscReq,124909
FindNodeRsp,129615
FindNodeReq,164805
PNHello,122638
PNDiscRsp,64059
FindNodeReq,185370
FindNodeRsp,124297
FindNodeReq,172213
FindNodeRsp,113968
FindNodeReq,173886
FindNodeRsp,114861
FindNodeReq,174908
FindNodeRsp,130109
FindNodeReq,186748
FindNodeRsp,132993
PathSetupReq,64658
FindNodeRsp,116625
PathSetupReq,64895
FindNodeReq,176108
FindNodeReq,196019
FindNodeReq,253495
FindNodeRsp,103163
FindNodeReq,188076
FindNodeRsp,124577
FindNodeReq,168692
PathSetupReq,109220
FindNodeRsp,132046
PathSetupReq,81293
PathSetupReq,91289
PathSetupReq,118710
PathSetupReq,48733
FindNodeRsp,127249
FindNodeRsp,86224
FindNodeRsp,98382
FindNodeRsp,111286
PathSetupReq,102754
FindNodeReq,274856
PathSetupReq,48111
FindNodeRsp,92862
FindNodeReq,197828
FindNodeRsp,128746
FindNodeReq,172064
FindNodeReq,170705
FindNodeRsp,180365
FindNodeReq,176672
FindNodeReq,169797
FindNodeRsp,129537
FindNodeReq,187606
FindNodeRsp,126557
FindNodeReq,170588
FindNodeRsp,104414
FindNodeReq,171258
FindNodeRsp,118789
FindNodeReq,169423
FindNodeRsp,118516
FindNodeReq,166276
FindNodeReq,172829
FindNodeReq,167885
FindNodeRsp,140826
FindNodeReq,174563
FindNodeReq,175231
FindNodeReq,174494
FindNodeRsp,131072
FindNodeRsp,116020
FindNodeReq,181063
FindNodeRsp,98985
FindNodeReq,108330
FindNodeRsp,125205
FindNodeRsp,112056
FindNodeRsp,111930
FindNodeRsp,118349
FindNodeReq,173392
FindNodeReq,186351
FindNodeRsp,120113
FindNodeReq,164306
FindNodeReq,173169
FindNodeRsp,131269
FindNodeReq,170343
FindNodeRsp,114058
FindNodeReq,177283
FindNodeReq,174896
FindNodeRsp,146197
FindNodeReq,167745
FindNodeRsp,119041
FindNodeReq,174893
FindNodeReq,100943
FindNodeRsp,128750
FindNodeRsp,124175
FindNodeReq,118489
FindNodeRsp,130973
FindNodeReq,91223
FindNodeReq,169416
FindNodeRsp,120915
FindNodeReq,172705
FindNodeReq,175952
FindNodeReq,176120
FindNodeReq,174676
FindNodeReq,175358
FindNodeReq,154243
FindNodeRsp,124483
FindNodeReq,167452
FindNodeRsp,124773
FindNodeRsp,128217
FindNodeReq,170552
FindNodeReq,169624
FindNodeRsp,126215
FindNodeRsp,116889
FindNodeRsp,120005
FindNodeReq,172763
FindNodeRsp,126557
FindNodeRsp,131459
FindNodeReq,173283
FindNodeRsp,129610
FindNodeReq,125623
FindNodeRsp,113529
FindNodeReq,177816
FindNodeReq,182712
FindNodeRsp,128719
PNDiscReq,145078
FindNodeReq,185901
FindNodeRsp,108493
FindNodeReq,109071
FindNodeRsp,123734
FindNodeReq,171830
PNHello,120778
PNDiscRsp,66227
FindNodeRsp,228147
FindNodeReq,163283
FindNodeRsp,123149
FindNodeReq,176273
FindNodeRsp,110471
FindNodeReq,192058
FindNodeReq,227263
FindNodeReq,174189
FindNodeReq,169216
FindNodeReq,125855
FindNodeRsp,135129
FindNodeRsp,135008
FindNodeRsp,129252
FindNodeReq,165860
FindNodeRsp,133005
FindNodeRsp,115181
FindNodeRsp,114260
FindNodeReq,136977
FindNodeRsp,105657
FindNodeRsp,123269
FindNodeReq,176316
FindNodeRsp,89858
FindNodeRsp,89088
FindNodeRsp,120350
FindNodeReq,114834
FindNodeReq,175645
FindNodeReq,176986
FindNodeRsp,128145
FindNodeRsp,102427
FindNodeRsp,123739
FindNodeReq,171933
PathSetupReq,84225
FindNodeRsp,125452
FindNodeReq,174776
PathSetupReq,83086
FindNodeReq,174962
FindNodeReq,176825
FindNodeReq,175296
FindNodeReq,176341
FindNodeReq,165398
FindNodeReq,173751
FindNodeRsp,122435
FindNodeReq,178960
FindNodeReq,196359
FindNodeReq,168464
FindNodeRsp,124668
FindNodeReq,174171
PathSetupReq,109165
FindNodeReq,174823
FindNodeRsp,121802
PathSetupReq,80766
PathSetupReq,93016
PathSetupReq,37157
PathSetupReq,41634
FindNodeReq,168018
FindNodeRsp,124193
FindNodeRsp,117530
FindNodeRsp,118560
PathSetupReq,104012
FindNodeRsp,120966
FindNodeReq,172787
PathSetupReq,92776
FindNodeRsp,148996
FindNodeReq,177149
FindNodeReq,163372
FindNodeRsp,154453
FindNodeReq,259656
FindNodeReq,171877
FindNodeReq,167852
FindNodeRsp,154121
FindNodeRsp,128961
FindNodeReq,178144
FindNodeReq,169513
FindNodeRsp,91138
FindNodeReq,173874
FindNodeReq,177655
FindNodeReq,173372
FindNodeReq,179171
FindNodeRsp,113457
FindNodeRsp,120639
FindNodeReq,151528
FindNodeReq,170667
FindNodeReq,176396
FindNodeRsp,123103
FindNodeRsp,144821
FindNodeReq,240803
FindNodeReq,176734
FindNodeReq,162517
FindNodeReq,96574
FindNodeRsp,126528
FindNodeReq,169376
FindNodeReq,172447
FindNodeRsp,134664
FindNodeRsp,121814
FindNodeRsp,136408
FindNodeRsp,116830
FindNodeRsp,115030
FindNodeRsp,113086
FindNodeReq,172616
FindNodeReq,173134
FindNodeRsp,145386
FindNodeReq,198558
FindNodeReq,166284
FindNodeReq,173276
FindNodeRsp,99340
FindNodeReq,169395
FindNodeReq,176530
FindNodeRsp,172960
FindNodeReq,113537
FindNodeReq,167244
FindNodeReq,173920
FindNodeRsp,136001
FindNodeRsp,137286
FindNodeReq,138005
FindNodeRsp,155948
FindNodeReq,202467
FindNodeReq,175940
FindNodeRsp,118150
FindNodeReq,175143
FindNodeRsp,122756
FindNodeReq,176116
FindNodeReq,218523
FindNodeReq,176932
FindNodeReq,175766
FindNodeRsp,122965
FindNodeReq,178625
FindNodeReq,175938
FindNodeRsp,122318
FindNodeReq,177464
FindNodeRsp,108112
FindNodeReq,168108
FindNodeRsp,121070
FindNodeRsp,117800
FindNodeRsp,142157
FindNodeRsp,125193
FindNodeReq,171509
FindNodeRsp,111795
FindNodeRsp,144950
FindNodeReq,174360
FindNodeRsp,130053
FindNodeRsp,134957
FindNodeReq,171925
FindNodeRsp,151733
FindNodeReq,254545
FindNodeRsp,126537
FindNodeReq,171862
FindNodeRsp,132342
FindNodeRsp,102108
FindNodeReq,175516
FindNodeRsp,109546
FindNodeReq,176369
FindNodeReq,175533
FindNodeReq,174889
FindNodeRsp,126391
FindNodeReq,155824
FindNodeReq,166967
FindNodeRsp,113501
FindNodeReq,151260
FindNodeReq,175468
FindNodeReq,174646
FindNodeReq,166869
FindNodeReq,178816
FindNodeRsp,125683
FindNodeRsp,124902
FindNodeRsp,142076
FindNodeRsp,122443
FindNodeRsp,112218
FindNodeReq,165715
FindNodeRsp,126238
FindNodeReq,168602
FindNodeReq,172364
FindNodeRsp,117701
FindNodeReq,175368
FindNodeReq,169106
FindNodeRsp,130977
FindNodeRsp,143460
FindNodeReq,246647
FindNodeReq,166598
FindNodeRsp,132777
FindNodeRsp,113597
FindNodeRsp,115471
FindNodeReq,291323
FindNodeReq,166591
PathSetupReq,85184
FindNodeReq,171469
FindNodeRsp,129850
PathSetupReq,65171
FindNodeReq,201863
FindNodeReq,174304
FindNodeReq,169182
FindNodeReq,178727
FindNodeRsp,139241
FindNodeReq,188764
FindNodeReq,173316
FindNodeRsp,114867
FindNodeReq,163089
FindNodeReq,177096
FindNodeReq,166617
PathSetupReq,81285
FindNodeRsp,131599
FindNodeReq,229023
PathSetupReq,62097
PathSetupReq,89907
PathSetupReq,79379
FindNodeReq,171903
PathSetupReq,48823
FindNodeReq,175462
FindNodeRsp,122683
FindNodeRsp,117701
FindNodeRsp,118724
PathSetupReq,102028
PathSetupReq,92827
FindNodeReq,171566
FindNodeRsp,124086
FindNodeRsp,117402
FindNodeRsp,122493
FindNodeReq,167877
FindNodeReq,172776
FindNodeRsp,119917
FindNodeReq,176933
PNDiscReq,128897
FindNodeRsp,148737
FindNodeRsp,121129
PNHello,120745
PNDiscRsp,67391
FindNodeReq,167882
FindNodeReq,164516
FindNodeRsp,139353
FindNodeReq,169802
FindNodeReq,163755
FindNodeReq,166133
FindNodeRsp,136302
FindNodeRsp,142884
FindNodeReq,167742
FindNodeRsp,102186
FindNodeReq,172025
FindNodeRsp,135113
FindNodeRsp,124309
FindNodeReq,169750
FindNodeRsp,110917
FindNodeReq,176039
FindNodeRsp,103590
FindNodeRsp,121970
FindNodeRsp,122769
FindNodeRsp,107916
FindNodeReq,169442
FindNodeRsp,109290
FindNodeRsp,143391
FindNodeReq,175464
FindNodeReq,174405
FindNodeReq,173166
FindNodeReq,172264
FindNodeReq,209812
FindNodeRsp,116542
FindNodeRsp,137890
FindNodeRsp,128325
FindNodeRsp,139158
FindNodeRsp,110882
FindNodeReq,172909
FindNodeRsp,122730
FindNodeReq,173468
FindNodeReq,111925
FindNodeRsp,107719
FindNodeRsp,125562
FindNodeReq,174738
FindNodeRsp,134413
FindNodeReq,199839
FindNodeReq,138708
FindNodeRsp,121598
FindNodeReq,210472
FindNodeRsp,117505
FindNodeReq,167920
FindNodeReq,174297
PathSetupReq,64828
FindNodeReq,169988
FindNodeRsp,98678
FindNodeRsp,150247
FindNodeRsp,135143
FindNodeReq,176216
PathSetupReq,111674
FindNodeReq,173566
FindNodeReq,168264
PathSetupReq,84496
FindNodeRsp,112937
FindNodeReq,219052
PathSetupReq,91898
PathSetupReq,47817
PathSetupReq,101433
FindNodeReq,184480
FindNodeReq,169926
FindNodeRsp,133579
FindNodeReq,172111
FindNodeRsp,137189
FindNodeReq,170483
FindNodeReq,167835
FindNodeRsp,134801
FindNodeReq,171665
FindNodeReq,174296
FindNodeRsp,123948
FindNodeRsp,111986
FindNodeReq,188672
FindNodeRsp,125457
FindNodeReq,169158
FindNodeReq,213476
FindNodeRsp,131004
FindNodeReq,171824
FindNodeReq,171484
FindNodeRsp,107205
FindNodeReq,171800
FindNodeReq,170200
FindNodeRsp,103442
FindNodeReq,174110
FindNodeReq,169275
FindNodeReq,192535
FindNodeReq,171328
FindNodeRsp,135044
FindNodeReq,173797
FindNodeReq,163022
FindNodeReq,173301
FindNodeRsp,123424
FindNodeReq,171572
FindNodeRsp,116076
FindNodeRsp,135129
FindNodeReq,176401
FindNodeRsp,154616
FindNodeReq,125322
FindNodeRsp,125147
FindNodeReq,168325
FindNodeReq,169380
FindNodeRsp,126033
FindNodeReq,169938
FindNodeRsp,111102
PNDiscReq,124267
FindNodeRsp,124649
FindNodeReq,164972
FindNodeRsp,130761
PNHello,122948
PNDiscRsp,64450
FindNodeReq,173815
FindNodeReq,169316
FindNodeReq,175960
FindNodeReq,162796
FindNodeReq,167840
FindNodeRsp,113714
FindNodeRsp,90984
FindNodeReq,170467
FindNodeReq,170880
FindNodeRsp,140664
FindNodeReq,168176
FindNodeRsp,135527
FindNodeReq,173275
FindNodeRsp,110537
FindNodeReq,167528
FindNodeRsp,111429
FindNodeRsp,125178
FindNodeReq,164173
FindNodeRsp,111195
PathSetupReq,84261
FindNodeReq,168684
FindNodeReq,173620
FindNodeRsp,115843
FindNodeRsp,118358
FindNodeReq,161371
PathSetupReq,111289
PathSetupReq,81754
FindNodeRsp,115661
PathSetupReq,92312
PathSetupReq,48921
FindNodeReq,173371
PathSetupReq,107487
FindNodeRsp,124225
FindNodeRsp,126217
FindNodeReq,171444
FindNodeReq,167190
FindNodeRsp,112292
FindNodeReq,170429
FindNodeRsp,128237
FindNodeRsp,112990
FindNodeReq,170496
FindNodeRsp,117668
FindNodeRsp,134044
FindNodeReq,167258
FindNodeRsp,119821
FindNodeReq,174116
FindNodeRsp,107404
FindNodeReq,165535
FindNodeReq,124469
FindNodeRsp,127291
FindNodeReq,171905
FindNodeReq,163409
FindNodeReq,168625
FindNodeReq,230737
FindNodeRsp,110329
FindNodeReq,169387
FindNodeReq,163286
FindNodeRsp,120095
FindNodeRsp,151809
FindNodeReq,165501
FindNodeReq,165756
FindNodeReq,163045
FindNodeRsp,106330
FindNodeReq,163005
FindNodeRsp,115172
FindNodeRsp,113727
FindNodeRsp,127402
FindNodeReq,162170
FindNodeRsp,115083
FindNodeReq,160756
FindNodeRsp,114157
FindNodeRsp,107558
UpdateRouteReq,286596
UpdateRouteReq,397428
UpdateRouteReq,533127
UpdateRouteReq,498725
UpdateRouteReq,645658
UpdateRouteReq,757419
FindNodeReq,840781
FindNodeReq,76466
FindNodeReq,163513
FindNodeReq,69618
FindNodeReq,70367
UpdateRouteReq,113761
FindNodeRsp,118542
FindNodeRsp,71451
FindNodeReq,201606
Error,134828
Error,107734
Error,81579
Error,64035
FindNodeReq,99129
FindNodeRsp,121211
FindNodeReq,154356
UpdateRouteReq,117702
UpdateRouteReq,263362
Error,77061
Error,141530
Error,143497
UpdateRouteReq,121777
Error,166460
Error,142923
UpdateRouteReq,144226
Error,91075
Error,147665
Error,73771
Error,91016
UpdateRouteReq,102562
Error,110270
Error,118599
UpdateRouteReq,116497
UpdateRouteReq,159894
Error,170442
UpdateRouteReq,48930
UpdateRouteReq,63928
Error,95569
Error,118916
Error,79004
Error,79889
PathTeardownReq,37789
Error,50717
PathSetupReq,84818
PathTeardownReq,37050
UpdateRouteReq,98670
Error,128866
UpdateRouteReq,71464
UpdateRouteReq,47190
UpdateRouteReq,72633
PathTeardownReq,41847
PathSetupReq,54580
PathTeardownReq,55382
UpdateRouteReq,44691
UpdateRouteReq,43608
PathSetupReq,32647
UpdateRouteReq,41360
UpdateRouteReq,41874
UpdateRouteReq,46299
UpdateRouteReq,58164
PathSetupReq,57473
UpdateRouteReq,42094
UpdateRouteReq,41633
UpdateRouteReq,50189
UpdateRouteReq,42835
UpdateRouteReq,50713
UpdateRouteReq,43251
PathTeardownReq,81558
UpdateRouteReq,48371
Error,152616
UpdateRouteReq,56810
UpdateRouteReq,47559
UpdateRouteReq,43443
UpdateRouteReq,44627
UpdateRouteReq,75874
UpdateRouteReq,50086
PathSetupReq,40832
UpdateRouteReq,48949
UpdateRouteReq,46877
UpdateRouteReq,73592
UpdateRouteReq,46843
PathTeardownReq,42474
PathTeardownReq,39428
FindNodeReq,99284
UpdateRouteReq,50743
Error,147157
FindNodeReq,140013
UpdateRouteReq,55983
PathSetupReq,42514
PathTeardownReq,55526
UpdateRouteReq,72033
UpdateRouteReq,60142
UpdateRouteReq,47839
UpdateRouteReq,107096
Error,93734
UpdateRouteReq,74384
PathSetupReq,41660
FindNodeReq,78691
PathTeardownReq,73278
FindNodeReq,85003
FindNodeReq,72068
UpdateRouteReq,48427
FindNodeReq,73357
FindNodeReq,68054
UpdateRouteReq,48445
FindNodeReq,108570
Error,119313
