PNHello,234579
PNDiscRsp,41644
QueryRouteRsp,42466
QueryRouteReq,35201
UpdateRouteReq,16944
QueryRouteReq,29251
QueryRouteRsp,17207
PathSetupReq,26424
UpdateRouteReq,71678
UpdateRouteReq,65825
PNDiscReq,195056
QueryRouteRsp,178220
QueryRouteReq,75479
UpdateRouteReq,89030
UpdateRouteReq,152704
UpdateRouteReq,165656
QueryRouteRsp,191635
UpdateRouteReq,203378
UpdateRouteReq,211034
QueryRouteReq,119692
PathSetupReq,44319
UpdateRouteReq,123485
FindNodeReq,165945
FindNodeRsp,111924
UpdateRouteReq,54171
FindNodeReq,168567
FindNodeReq,162730
PNHello,152264
PNDiscRsp,64191
PNDiscReq,200410
FindNodeRsp,103993
FindNodeReq,168430
FindNodeReq,166162
FindNodeReq,186987
UpdateRouteReq,365018
UpdateRouteReq,50606
UpdateRouteReq,46999
UpdateRouteReq,138877
PathSetupReq,65331
UpdateRouteReq,169562
FindNodeRsp,138527
UpdateRouteReq,53706
UpdateRouteReq,51424
FindNodeReq,167926
FindNodeRsp,138885
FindNodeReq,173995
PNHello,120376
PNDiscRsp,99350
FindNodeReq,143717
PNDiscReq,133977
FindNodeReq,169080
FindNodeRsp,138631
FindNodeReq,177672
FindNodeRsp,128688
FindNodeReq,155121
FindNodeRsp,122133
FindNodeReq,169140
FindNodeReq,151788
FindNodeReq,163336
FindNodeReq,173117
FindNodeRsp,119280
FindNodeReq,170138
FindNodeReq,115829
FindNodeReq,171825
FindNodeReq,173840
FindNodeRsp,122165
PNDiscReq,129302
FindNodeReq,164299
FindNodeReq,158461
FindNodeReq,168310
FindNodeRsp,127246
PNHello,121477
PNDiscRsp,69251
FindNodeReq,162689
FindNodeRsp,114528
FindNodeReq,170996
FindNodeReq,164383
FindNodeReq,116199
FindNodeRsp,124289
FindNodeReq,198596
FindNodeReq,122624
FindNodeRsp,130485
FindNodeReq,228766
FindNodeRsp,133661
FindNodeReq,168001
FindNodeReq,164507
FindNodeReq,170520
FindNodeRsp,127755
FindNodeReq,167268
FindNodeReq,168296
FindNodeReq,168622
FindNodeRsp,111765
FindNodeReq,151459
FindNodeReq,162574
FindNodeReq,168160
FindNodeRsp,139113
FindNodeReq,122341
FindNodeReq,171465
FindNodeRsp,130465
FindNodeReq,151071
FindNodeReq,163681
FindNodeRsp,128289
FindNodeReq,165180
FindNodeReq,171062
PNDiscReq,127389
FindNodeReq,170715
FindNodeRsp,120465
FindNodeReq,121702
FindNodeReq,162777
FindNodeReq,112799
FindNodeRsp,115552
FindNodeReq,164830
FindNodeRsp,119837
FindNodeReq,170432
FindNodeReq,115298
FindNodeReq,168008
FindNodeReq,168002
PNHello,119153
PNDiscRsp,68343
FindNodeRsp,132011
FindNodeReq,152188
FindNodeReq,163093
FindNodeRsp,124514
FindNodeReq,171823
FindNodeReq,171644
FindNodeReq,171191
FindNodeReq,164633
FindNodeRsp,130965
FindNodeReq,166467
FindNodeRsp,129237
FindNodeRsp,125388
FindNodeRsp,127599
FindNodeReq,190861
FindNodeReq,164096
FindNodeReq,168089
FindNodeRsp,126421
FindNodeReq,167594
FindNodeReq,152411
FindNodeReq,206254
FindNodeReq,167429
FindNodeRsp,123765
FindNodeReq,201783
FindNodeReq,150387
FindNodeReq,160277
FindNodeRsp,130016
FindNodeReq,207390
FindNodeReq,167788
FindNodeRsp,112194
FindNodeReq,171144
FindNodeRsp,143093
FindNodeReq,166131
FindNodeReq,171248
FindNodeRsp,121301
FindNodeReq,180067
FindNodeRsp,121218
FindNodeReq,153571
FindNodeReq,163808
FindNodeReq,137421
FindNodeRsp,135129
FindNodeReq,185100
FindNodeReq,161143
FindNodeRsp,136341
FindNodeReq,146873
FindNodeReq,150349
FindNodeReq,128027
FindNodeRsp,132192
FindNodeReq,211485
FindNodeReq,125052
FindNodeReq,166581
FindNodeRsp,137782
FindNodeRsp,124616
FindNodeReq,116409
PNDiscReq,128127
FindNodeRsp,113042
FindNodeReq,168858
FindNodeReq,172276
FindNodeReq,167660
FindNodeRsp,132511
FindNodeReq,154581
FindNodeReq,102215
FindNodeReq,151472
FindNodeRsp,122432
FindNodeReq,154385
FindNodeReq,174658
FindNodeRsp,155545
FindNodeReq,166461
FindNodeRsp,122436
FindNodeReq,173238
FindNodeReq,160808
FindNodeRsp,138663
FindNodeReq,168469
FindNodeReq,171472
FindNodeReq,171027
FindNodeReq,167101
FindNodeRsp,111657
FindNodeReq,163736
FindNodeReq,193557
FindNodeRsp,124794
FindNodeReq,169369
PNHello,119176
PNDiscRsp,67919
FindNodeRsp,136137
FindNodeReq,167164
FindNodeReq,167392
FindNodeReq,132689
FindNodeReq,167574
FindNodeReq,162352
FindNodeReq,159624
FindNodeReq,164649
FindNodeRsp,134350
PathSetupReq,61979
PathSetupReq,41400
FindNodeReq,150449
FindNodeReq,162828
FindNodeReq,168680
FindNodeReq,165233
FindNodeRsp,128175
FindNodeReq,169954
FindNodeReq,155728
FindNodeReq,165713
FindNodeReq,165337
PathSetupReq,92649
FindNodeReq,128299
FindNodeRsp,122482
PathSetupReq,113161
PathSetupReq,78260
FindNodeReq,179425
PathSetupReq,76674
PathSetupReq,57787
PathSetupReq,83810
PathSetupReq,64855
FindNodeRsp,133561
FindNodeReq,168189
FindNodeRsp,137519
FindNodeReq,162808
FindNodeRsp,112780
FindNodeReq,152237
FindNodeReq,163311
FindNodeReq,151307
FindNodeRsp,137357
FindNodeReq,168440
FindNodeReq,217827
FindNodeReq,282665
FindNodeReq,151943
FindNodeRsp,143553
FindNodeReq,136124
FindNodeRsp,134973
FindNodeReq,169196
FindNodeReq,169789
FindNodeRsp,128749
FindNodeReq,188130
FindNodeReq,170607
FindNodeReq,156748
FindNodeRsp,125224
FindNodeReq,148737
FindNodeReq,136697
FindNodeRsp,109535
FindNodeReq,170002
FindNodeReq,144333
FindNodeReq,168252
FindNodeRsp,128603
FindNodeReq,117518
FindNodeRsp,124030
FindNodeReq,159808
FindNodeRsp,140829
FindNodeReq,153869
FindNodeReq,162408
FindNodeReq,170036
FindNodeRsp,133510
FindNodeReq,171300
FindNodeRsp,131999
FindNodeRsp,127023
FindNodeRsp,129144
FindNodeReq,172737
FindNodeReq,138291
FindNodeRsp,120919
FindNodeReq,153495
FindNodeReq,168116
FindNodeRsp,125246
FindNodeRsp,133509
FindNodeReq,171011
FindNodeReq,173932
FindNodeReq,117816
FindNodeRsp,142537
FindNodeRsp,140363
FindNodeReq,166720
FindNodeReq,168191
FindNodeReq,155268
FindNodeRsp,109198
FindNodeReq,173918
FindNodeReq,162836
FindNodeRsp,133715
FindNodeReq,233087
FindNodeRsp,126427
FindNodeRsp,121685
FindNodeReq,175276
FindNodeRsp,131667
FindNodeReq,193361
FindNodeReq,168220
FindNodeRsp,128152
FindNodeReq,154312
FindNodeReq,122957
FindNodeRsp,125417
FindNodeRsp,131993
FindNodeReq,131023
FindNodeRsp,123146
FindNodeReq,167705
FindNodeReq,164175
PNDiscReq,128361
FindNodeReq,168626
FindNodeRsp,122046
FindNodeReq,161816
FindNodeReq,104889
FindNodeRsp,114343
FindNodeReq,168858
FindNodeReq,165313
FindNodeRsp,117508
FindNodeReq,198888
FindNodeRsp,130125
FindNodeReq,173295
FindNodeReq,149743
FindNodeReq,171732
FindNodeReq,142716
FindNodeRsp,131979
FindNodeRsp,122901
FindNodeReq,212631
FindNodeReq,166820
FindNodeRsp,140284
FindNodeReq,160593
FindNodeRsp,163316
FindNodeReq,173484
FindNodeReq,167926
FindNodeRsp,122331
FindNodeReq,168881
FindNodeReq,153184
FindNodeReq,170153
FindNodeRsp,126801
FindNodeReq,155164
FindNodeReq,168346
FindNodeReq,164144
FindNodeRsp,112493
FindNodeRsp,125746
FindNodeReq,178265
FindNodeReq,155835
FindNodeReq,164928
FindNodeReq,153673
FindNodeRsp,122759
FindNodeReq,169413
FindNodeReq,152813
FindNodeReq,118723
FindNodeRsp,134049
FindNodeReq,172871
FindNodeReq,148309
FindNodeRsp,133550
FindNodeReq,169208
FindNodeRsp,132513
FindNodeReq,168605
FindNodeRsp,128284
FindNodeReq,167218
FindNodeReq,174257
FindNodeReq,173445
PNHello,119128
PNDiscRsp,67260
FindNodeRsp,132630
FindNodeReq,172193
FindNodeRsp,132275
FindNodeReq,170651
FindNodeReq,168171
FindNodeRsp,138714
FindNodeReq,168097
FindNodeReq,165084
FindNodeReq,217070
FindNodeRsp,125146
FindNodeReq,196310
FindNodeRsp,133047
PathSetupReq,64312
PathSetupReq,41387
FindNodeReq,168876
FindNodeReq,168042
FindNodeReq,171303
FindNodeRsp,142205
PathSetupReq,93173
FindNodeReq,167508
PathSetupReq,96121
FindNodeRsp,136294
PathSetupReq,113659
PathSetupReq,98074
PathSetupReq,124283
PathSetupReq,84598
PathSetupReq,63220
FindNodeRsp,127509
FindNodeReq,151052
FindNodeRsp,119985
FindNodeRsp,115200
FindNodeReq,197011
FindNodeRsp,138542
FindNodeReq,167900
FindNodeReq,172016
FindNodeReq,171996
FindNodeReq,171146
FindNodeRsp,130089
FindNodeReq,172338
FindNodeRsp,124290
FindNodeReq,171210
FindNodeReq,171388
FindNodeReq,175387
FindNodeReq,166316
FindNodeRsp,132335
FindNodeReq,168905
FindNodeRsp,135831
FindNodeReq,164429
FindNodeReq,138255
FindNodeRsp,130663
FindNodeReq,157592
FindNodeReq,106546
FindNodeRsp,125818
FindNodeReq,150610
FindNodeReq,163560
FindNodeRsp,137617
FindNodeReq,167842
FindNodeRsp,109178
FindNodeReq,168197
FindNodeReq,171065
FindNodeReq,169011
FindNodeRsp,112568
FindNodeReq,172612
FindNodeReq,167524
FindNodeReq,163697
FindNodeRsp,136618
FindNodeRsp,129409
FindNodeReq,174482
FindNodeReq,153017
FindNodeReq,163857
FindNodeRsp,122334
FindNodeReq,165818
FindNodeReq,173282
FindNodeReq,111842
FindNodeRsp,119221
FindNodeReq,164391
FindNodeReq,186463
FindNodeReq,152817
FindNodeReq,126618
FindNodeRsp,108554
FindNodeReq,171849
FindNodeReq,169326
FindNodeRsp,126784
FindNodeReq,163585
FindNodeReq,163456
FindNodeReq,170240
FindNodeRsp,126264
FindNodeReq,167109
FindNodeReq,162466
FindNodeReq,169962
FindNodeRsp,127097
FindNodeRsp,123932
FindNodeRsp,123421
FindNodeReq,171136
FindNodeReq,166436
FindNodeReq,161204
FindNodeRsp,122761
FindNodeReq,155205
FindNodeReq,172096
FindNodeRsp,134365
FindNodeReq,153988
FindNodeReq,166325
FindNodeRsp,126197
FindNodeReq,167645
FindNodeReq,161946
FindNodeRsp,121190
FindNodeReq,154076
FindNodeReq,167680
FindNodeRsp,129341
FindNodeReq,125326
FindNodeRsp,119345
FindNodeReq,155668
FindNodeReq,164955
FindNodeRsp,113564
FindNodeReq,161588
FindNodeRsp,117021
FindNodeReq,151963
FindNodeReq,167877
FindNodeReq,162736
FindNodeReq,165356
FindNodeRsp,128071
FindNodeReq,167517
FindNodeReq,170102
FindNodeReq,160728
FindNodeReq,162875
FindNodeReq,146924
FindNodeRsp,126322
FindNodeReq,167785
FindNodeReq,122929
FindNodeRsp,153489
FindNodeReq,155461
FindNodeReq,169557
FindNodeReq,167846
FindNodeRsp,126541
FindNodeReq,170464
FindNodeReq,170900
FindNodeRsp,131556
FindNodeReq,148968
FindNodeReq,161579
FindNodeReq,169977
FindNodeReq,125025
FindNodeRsp,144423
FindNodeReq,172183
FindNodeReq,171640
FindNodeReq,150456
FindNodeReq,163908
FindNodeReq,163182
FindNodeReq,174436
FindNodeReq,165937
FindNodeRsp,124708
FindNodeReq,167967
FindNodeReq,169760
FindNodeRsp,125259
FindNodeReq,168251
FindNodeReq,168736
FindNodeReq,169035
FindNodeRsp,141365
FindNodeReq,169489
FindNodeRsp,118961
FindNodeRsp,122812
FindNodeReq,168040
FindNodeReq,163371
FindNodeReq,170107
FindNodeRsp,131332
FindNodeReq,168689
FindNodeReq,162208
FindNodeRsp,135259
FindNodeReq,172380
FindNodeReq,165725
FindNodeRsp,151201
FindNodeReq,171727
FindNodeReq,171765
FindNodeReq,165005
FindNodeRsp,127587
FindNodeReq,162868
FindNodeReq,169620
FindNodeReq,148817
FindNodeRsp,124258
FindNodeReq,160665
FindNodeReq,168814
FindNodeRsp,113307
FindNodeReq,188256
FindNodeRsp,122991
FindNodeReq,172936
FindNodeReq,174067
FindNodeReq,168689
FindNodeRsp,125728
FindNodeReq,173897
FindNodeReq,161947
FindNodeReq,166284
FindNodeRsp,132213
FindNodeReq,157503
FindNodeReq,164892
FindNodeReq,157963
FindNodeReq,166722
PathSetupReq,65003
PathSetupReq,84298
FindNodeRsp,125526
FindNodeReq,168302
FindNodeReq,158642
FindNodeReq,167308
FindNodeRsp,120149
FindNodeReq,168166
PathSetupReq,93629
PathSetupReq,112036
FindNodeReq,189467
PathSetupReq,107180
FindNodeRsp,105934
PathSetupReq,178552
PathSetupReq,92874
PathSetupReq,83908
FindNodeReq,157140
FindNodeReq,148601
PathSetupReq,64321
FindNodeRsp,128577
FindNodeReq,169681
FindNodeReq,199932
FindNodeRsp,61014
PNDiscReq,79698
FindNodeReq,168240
FindNodeRsp,126461
FindNodeReq,174180
FindNodeReq,170809
FindNodeRsp,123296
FindNodeReq,168355
FindNodeReq,167796
FindNodeRsp,128228
FindNodeReq,168219
FindNodeRsp,111813
FindNodeRsp,130983
FindNodeReq,169477
FindNodeReq,166408
FindNodeReq,166924
FindNodeReq,168989
FindNodeRsp,129137
FindNodeReq,174249
FindNodeReq,171924
FindNodeRsp,136817
FindNodeRsp,132157
FindNodeReq,164240
FindNodeRsp,130671
FindNodeReq,173065
FindNodeReq,164162
FindNodeReq,167353
FindNodeReq,167703
FindNodeReq,162852
FindNodeRsp,115042
FindNodeReq,161961
FindNodeReq,164371
FindNodeRsp,136793
PNHello,118723
PNDiscRsp,67279
FindNodeRsp,133957
FindNodeReq,172565
FindNodeReq,167253
FindNodeReq,164866
FindNodeReq,165160
FindNodeReq,165272
FindNodeRsp,121501
FindNodeReq,167348
FindNodeReq,183283
FindNodeRsp,150181
FindNodeRsp,131269
FindNodeReq,171101
FindNodeRsp,131353
FindNodeReq,172412
FindNodeReq,194061
FindNodeRsp,129265
FindNodeRsp,136068
FindNodeReq,189899
FindNodeRsp,141357
FindNodeReq,167782
FindNodeRsp,127293
FindNodeReq,174028
FindNodeReq,168108
FindNodeReq,169721
FindNodeRsp,143038
FindNodeReq,172029
FindNodeReq,162276
FindNodeReq,170650
FindNodeRsp,140052
FindNodeReq,168345
FindNodeRsp,136581
FindNodeReq,174669
FindNodeReq,168716
FindNodeReq,162167
FindNodeReq,169625
FindNodeReq,167972
FindNodeReq,171529
FindNodeReq,168004
FindNodeRsp,133298
FindNodeReq,173572
FindNodeReq,168017
FindNodeReq,168671
FindNodeReq,171720
FindNodeRsp,125112
FindNodeReq,168946
FindNodeReq,168117
FindNodeRsp,128385
FindNodeRsp,150827
FindNodeRsp,130209
FindNodeReq,189364
FindNodeReq,171417
FindNodeReq,170569
FindNodeReq,171737
FindNodeReq,167673
FindNodeRsp,114900
FindNodeReq,169309
FindNodeReq,164293
FindNodeRsp,126993
FindNodeReq,169636
FindNodeReq,167828
FindNodeRsp,143265
FindNodeReq,170960
FindNodeReq,171723
FindNodeRsp,145849
FindNodeReq,175956
FindNodeReq,203544
FindNodeReq,167832
FindNodeReq,170486
PathSetupReq,67055
FindNodeRsp,115849
FindNodeReq,168907
FindNodeReq,169953
FindNodeRsp,162191
PathSetupReq,112090
FindNodeReq,169321
PathSetupReq,98967
PathSetupReq,77467
PathSetupReq,140339
FindNodeRsp,128218
PathSetupReq,102669
FindNodeReq,172836
FindNodeReq,168978
FindNodeRsp,127851
FindNodeRsp,124702
FindNodeRsp,127325
FindNodeReq,165904
FindNodeReq,166789
FindNodeRsp,119932
FindNodeReq,164985
FindNodeRsp,137917
FindNodeRsp,110266
FindNodeReq,172676
FindNodeReq,168678
FindNodeRsp,139294
FindNodeReq,174342
FindNodeReq,168020
FindNodeRsp,113557
FindNodeReq,170066
FindNodeReq,173312
FindNodeReq,170997
FindNodeReq,166788
FindNodeRsp,124850
FindNodeRsp,134975
FindNodeReq,170253
FindNodeReq,166447
FindNodeRsp,135314
FindNodeReq,170681
FindNodeRsp,129714
FindNodeRsp,130505
FindNodeRsp,123363
FindNodeReq,168473
FindNodeReq,165820
FindNodeRsp,136389
FindNodeReq,163086
FindNodeRsp,122890
FindNodeReq,172668
FindNodeRsp,131144
FindNodeRsp,145785
FindNodeReq,171494
FindNodeReq,171827
FindNodeRsp,125795
FindNodeReq,166992
FindNodeRsp,137759
FindNodeReq,166664
FindNodeReq,169400
FindNodeReq,163653
FindNodeRsp,130263
FindNodeReq,168367
FindNodeRsp,133501
FindNodeRsp,138413
FindNodeRsp,123289
FindNodeReq,172620
PNDiscReq,131249
FindNodeReq,160801
FindNodeRsp,139589
FindNodeReq,174311
FindNodeReq,169775
FindNodeRsp,131685
FindNodeReq,169224
FindNodeRsp,132197
FindNodeRsp,134493
FindNodeReq,168947
FindNodeReq,170761
FindNodeRsp,130526
FindNodeReq,172855
FindNodeReq,167977
FindNodeRsp,127853
FindNodeReq,165011
FindNodeRsp,137729
FindNodeReq,172049
FindNodeReq,170932
FindNodeRsp,137737
FindNodeReq,170394
FindNodeReq,166176
FindNodeReq,203776
FindNodeRsp,130863
FindNodeRsp,123879
FindNodeReq,168175
FindNodeReq,164943
FindNodeReq,167077
FindNodeReq,172238
FindNodeReq,170145
FindNodeReq,164073
FindNodeReq,170288
FindNodeRsp,140988
FindNodeReq,173361
FindNodeReq,164373
FindNodeReq,167537
FindNodeRsp,135637
FindNodeReq,172072
FindNodeReq,171088
FindNodeReq,168409
PNHello,118800
PNDiscRsp,69023
FindNodeReq,173060
FindNodeReq,170484
FindNodeRsp,123422
FindNodeRsp,115218
FindNodeReq,162724
FindNodeReq,166149
FindNodeRsp,124318
FindNodeReq,172301
PathSetupReq,104882
FindNodeRsp,133317
FindNodeReq,172740
FindNodeReq,168871
PathSetupReq,110764
FindNodeReq,167811
PathSetupReq,102099
PathSetupReq,76746
PathSetupReq,146353
FindNodeRsp,129794
PathSetupReq,101254
FindNodeReq,175025
FindNodeRsp,126331
FindNodeRsp,126249
FindNodeReq,169000
FindNodeReq,172025
FindNodeRsp,133893
FindNodeReq,169476
FindNodeRsp,110914
FindNodeReq,170596
FindNodeReq,170385
FindNodeRsp,124931
FindNodeRsp,128187
FindNodeRsp,125281
FindNodeReq,168109
FindNodeReq,170176
FindNodeRsp,113953
FindNodeReq,197225
FindNodeRsp,121961
FindNodeReq,170560
FindNodeReq,166617
FindNodeReq,165348
FindNodeReq,166805
FindNodeReq,165736
FindNodeRsp,122925
FindNodeReq,171560
FindNodeReq,169816
FindNodeRsp,128233
FindNodeReq,173152
FindNodeReq,164197
FindNodeReq,167757
FindNodeRsp,124723
FindNodeRsp,107602
FindNodeReq,172144
FindNodeReq,165196
FindNodeRsp,129041
FindNodeReq,159684
FindNodeReq,166240
FindNodeRsp,128116
FindNodeReq,195804
FindNodeReq,163562
FindNodeRsp,123193
FindNodeReq,166243
FindNodeReq,164057
FindNodeRsp,111294
FindNodeReq,166387
FindNodeReq,162531
FindNodeRsp,130155
FindNodeReq,170217
FindNodeReq,164313
FindNodeRsp,138073
FindNodeReq,163733
FindNodeReq,168131
FindNodeRsp,134857
FindNodeReq,189756
FindNodeRsp,107440
FindNodeReq,167004
FindNodeRsp,115274
FindNodeReq,165137
FindNodeRsp,114282
FindNodeReq,167524
FindNodeRsp,72609
FindNodeReq,166176
FindNodeReq,163337
FindNodeReq,154624
FindNodeRsp,69666
UpdateRouteReq,110053
UpdateRouteReq,57533
FindNodeRsp,123678
FindNodeReq,161830
UpdateRouteReq,71731
FindNodeReq,169593
FindNodeRsp,129130
FindNodeReq,151973
FindNodeReq,158820
FindNodeRsp,124315
FindNodeReq,151697
FindNodeReq,158276
FindNodeReq,156336
FindNodeRsp,123077
FindNodeReq,158616
FindNodeReq,148425
FindNodeReq,153681
FindNodeReq,159465
FindNodeReq,154832
FindNodeReq,159213
UpdateRouteReq,191384
UpdateRouteReq,68127
FindNodeRsp,105916
UpdateRouteReq,69442
FindNodeReq,159300
UpdateRouteReq,90583
FindNodeRsp,100224
FindNodeReq,154398
FindNodeRsp,109952
FindNodeReq,155437
FindNodeRsp,73291
FindNodeReq,156592
FindNodeReq,152809
FindNodeRsp,102790
UpdateRouteReq,88445
FindNodeReq,156622
UpdateRouteReq,69947
FindNodeReq,150685
FindNodeRsp,98023
FindNodeReq,156388
FindNodeReq,158048
UpdateRouteReq,219068
UpdateRouteReq,102370
UpdateRouteReq,44819
UpdateRouteReq,72531
UpdateRouteReq,51302
UpdateRouteReq,92791
UpdateRouteReq,79391
Error,90638
FindNodeReq,132936
UpdateRouteReq,100402
UpdateRouteReq,53351
UpdateRouteReq,71144
UpdateRouteReq,45998
UpdateRouteReq,42952
Error,135603
UpdateRouteReq,48735
PathTeardownReq,121724
UpdateRouteReq,112306
UpdateRouteReq,171455
Error,90982
UpdateRouteReq,48750
Error,87226
UpdateRouteReq,44392
Error,50870
UpdateRouteReq,104477
Error,107027
PathTeardownReq,39411
UpdateRouteReq,47783
FindNodeReq,89384
UpdateRouteReq,46334
UpdateRouteReq,42650
UpdateRouteReq,44239
PathSetupReq,35408
UpdateRouteReq,43419
Error,95870
UpdateRouteReq,100486
UpdateRouteReq,48273
Error,128929
UpdateRouteReq,51640
PathSetupReq,38758
UpdateRouteReq,43932
FindNodeReq,99777
Error,94883
Error,107843
Error,89488
UpdateRouteReq,49101
PathTeardownReq,38860
UpdateRouteReq,80271
UpdateRouteReq,88562
Error,154111
UpdateRouteReq,64503
UpdateRouteReq,96698
UpdateRouteReq,52532
Error,56986
UpdateRouteReq,49892
UpdateRouteReq,95502
UpdateRouteReq,85465
UpdateRouteReq,76100
Error,206259
PathSetupReq,250310
PathTeardownReq,258371
UpdateRouteReq,265674
UpdateRouteReq,53205
UpdateRouteReq,96089
UpdateRouteReq,48099
UpdateRouteReq,49406
UpdateRouteReq,46050
Error,89013
UpdateRouteReq,46447
UpdateRouteReq,45104
FindNodeReq,114558
UpdateRouteReq,50902
UpdateRouteReq,46193
UpdateRouteReq,46483
UpdateRouteReq,54071
PathSetupReq,40130
UpdateRouteReq,42235
Error,91060
UpdateRouteReq,54270
UpdateRouteReq,47151
UpdateRouteReq,39286
PathTeardownReq,82802
UpdateRouteReq,47839
Error,154796
UpdateRouteReq,62618
UpdateRouteReq,47111
Error,200012
UpdateRouteReq,234735
PathSetupReq,274764
PathTeardownReq,97193
Error,115409
UpdateRouteReq,52408
UpdateRouteReq,47731
UpdateRouteReq,63617
Error,180240
Error,186945
UpdateRouteReq,80786
PathSetupReq,77127
UpdateRouteReq,49669
UpdateRouteReq,65614
FindNodeRsp,89373
Error,139684
UpdateRouteReq,45646
Error,184395
UpdateRouteReq,52798
Error,83620
UpdateRouteReq,125089
Error,248246
UpdateRouteReq,244535
UpdateRouteReq,92933
UpdateRouteReq,127099
UpdateRouteReq,100562
PathTeardownReq,42304
Error,105406
UpdateRouteReq,46862
UpdateRouteReq,41051
UpdateRouteReq,41252
UpdateRouteReq,141181
UpdateRouteReq,133583
Error,230282
PathSetupReq,235843
Error,130887
UpdateRouteReq,51727
UpdateRouteReq,65411
UpdateRouteReq,43608
Error,103558
Error,146864
UpdateRouteReq,151871
UpdateRouteReq,52414
UpdateRouteReq,45457
UpdateRouteReq,49415
UpdateRouteReq,43089
PathTeardownReq,45192
Error,114578
UpdateRouteReq,49617
UpdateRouteReq,45711
UpdateRouteReq,47108
UpdateRouteReq,43175
UpdateRouteReq,43723
Error,42966
UpdateRouteReq,129759
PathSetupReq,131233
Error,147008
UpdateRouteReq,157465
UpdateRouteReq,167106
UpdateRouteReq,81724
UpdateRouteReq,114873
UpdateRouteReq,42129
UpdateRouteReq,43010
UpdateRouteReq,38677
FindNodeReq,166522
UpdateRouteReq,55353
QueryRouteReq,91198
UpdateRouteReq,49651
UpdateRouteReq,79358
UpdateRouteReq,106936
UpdateRouteReq,315677
Error,365750
UpdateRouteReq,424576
UpdateRouteReq,100721
UpdateRouteReq,94678
UpdateRouteReq,68395
UpdateRouteReq,74035
UpdateRouteReq,49902
UpdateRouteReq,68545
UpdateRouteReq,43208
UpdateRouteReq,174885
Error,160750
UpdateRouteReq,202984
UpdateRouteReq,42504
UpdateRouteReq,46267
UpdateRouteReq,47246
UpdateRouteReq,62838
Error,161013
Error,140137
Error,93004
UpdateRouteReq,55486
Error,105304
Error,42439
UpdateRouteReq,46977
FindNodeReq,190165
UpdateRouteReq,92706
FindNodeReq,160233
Error,51637
FindNodeReq,157529
UpdateRouteReq,72727
UpdateRouteReq,95348
UpdateRouteReq,47756
UpdateRouteReq,44580
UpdateRouteReq,66070
UpdateRouteReq,92542
UpdateRouteReq,79178
PathTeardownReq,48323
FindNodeRsp,69974
FindNodeRsp,70930
UpdateRouteReq,303964
UpdateRouteReq,74271
UpdateRouteReq,46659
QueryRouteReq,122186
UpdateRouteReq,64535
UpdateRouteReq,57814
UpdateRouteReq,92817
UpdateRouteReq,88405
UpdateRouteReq,47682
PathSetupReq,58224
UpdateRouteReq,56778
UpdateRouteReq,78029
PathTeardownReq,39577
FindNodeReq,84914
UpdateRouteReq,283526
UpdateRouteReq,384016
FindNodeReq,449112
UpdateRouteReq,455200
UpdateRouteReq,520585
UpdateRouteReq,571595
UpdateRouteReq,333119
UpdateRouteReq,409719
UpdateRouteReq,442431
UpdateRouteReq,472374
FindNodeReq,532827
UpdateRouteReq,536826
UpdateRouteReq,565782
UpdateRouteReq,74193
UpdateRouteReq,89878
PathSetupReq,60415
PathTeardownReq,40949
PathSetupReq,34058
PathTeardownReq,33987
PathSetupReq,52935
PathTeardownReq,34051
PathSetupReq,35367
PathTeardownReq,34332
PathSetupReq,149055
PathTeardownReq,52726
PathTeardownReq,50314
PathSetupReq,35283
PathTeardownReq,33768
PathSetupReq,32868
PathTeardownReq,33152
UpdateRouteReq,122863
UpdateRouteReq,192345
UpdateRouteReq,174969
UpdateRouteReq,205760
UpdateRouteReq,233479
UpdateRouteReq,57503
UpdateRouteReq,73947
FindNodeReq,157691
PathSetupReq,36559
PathTeardownReq,36229
PathSetupReq,59848
PathTeardownReq,42792
PathSetupReq,35649
PathTeardownReq,36251
PathSetupReq,36466
PathTeardownReq,36067
PathSetupReq,34859
PathTeardownReq,35983
PathSetupReq,80418
PathTeardownReq,72860
PathTeardownReq,62313
FindNodeReq,149829
Error,110345
UpdateRouteReq,148733
UpdateRouteReq,60511
UpdateRouteReq,94265
UpdateRouteReq,62544
FindNodeReq,153961
UpdateRouteReq,56179
UpdateRouteReq,53573
UpdateRouteReq,44435
Error,101589
UpdateRouteReq,135597
UpdateRouteReq,138592
UpdateRouteReq,179708
UpdateRouteReq,51174
FindNodeReq,209258
UpdateRouteReq,202755
FindNodeReq,96054
Error,97047
UpdateRouteReq,69567
Error,138101
PathSetupReq,46849
UpdateRouteReq,51672
UpdateRouteReq,156284
PathSetupReq,57417
Error,113030
UpdateRouteReq,129841
FindNodeRsp,110258
UpdateRouteReq,110905
Error,197723
Error,81137
UpdateRouteReq,72868
UpdateRouteReq,59934
UpdateRouteReq,102879
UpdateRouteReq,132605
UpdateRouteReq,40450
UpdateRouteReq,102138
UpdateRouteReq,42506
UpdateRouteReq,105290
UpdateRouteReq,67697
UpdateRouteReq,70485
UpdateRouteReq,39048
UpdateRouteReq,112345
Error,146477
Error,282188
UpdateRouteReq,95483
UpdateRouteReq,137290
UpdateRouteReq,142842
UpdateRouteReq,66002
UpdateRouteReq,66751
UpdateRouteReq,96250
UpdateRouteReq,91339
UpdateRouteReq,39439
Error,40416
Error,33632
UpdateRouteReq,52375
UpdateRouteReq,45891
UpdateRouteReq,69951
UpdateRouteReq,94486
FindNodeReq,149364
FindNodeReq,152097
FindNodeRsp,95618
FindNodeRsp,69932
FindNodeRsp,98416
FindNodeRsp,96251
FindNodeReq,159628
FindNodeRsp,71198
PathSetupReq,57644
PathSetupReq,137143
FindNodeRsp,101192
FindNodeRsp,97937
FindNodeReq,157409
PNDiscReq,165684
FindNodeReq,157233
FindNodeReq,149897
FindNodeReq,149729
FindNodeReq,151490
FindNodeRsp,71831
UpdateRouteReq,94006
UpdateRouteReq,66118
UpdateRouteReq,70558
FindNodeRsp,104550
FindNodeReq,152176
FindNodeRsp,76151
FindNodeReq,154113
FindNodeRsp,110622
FindNodeRsp,111246
FindNodeRsp,111999
FindNodeReq,157776
FindNodeReq,153064
FindNodeRsp,110869
FindNodeRsp,77889
PNHello,120513
PNDiscRsp,66920
FindNodeReq,156911
FindNodeRsp,103026
FindNodeReq,158138
FindNodeReq,151904
FindNodeRsp,112365
FindNodeReq,160005
FindNodeRsp,110118
FindNodeRsp,112967
FindNodeReq,159921
FindNodeReq,158243
FindNodeRsp,107239
FindNodeRsp,105822
FindNodeReq,153921
FindNodeReq,159613
FindNodeRsp,106945
FindNodeReq,152335
FindNodeReq,160493
FindNodeRsp,107696
FindNodeReq,152893
FindNodeReq,159892
FindNodeRsp,117378
FindNodeReq,153825
FindNodeReq,154187
FindNodeReq,153896
FindNodeRsp,110448
FindNodeReq,234124
FindNodeReq,158768
FindNodeRsp,76158
PathSetupReq,77423
PathSetupReq,138450
FindNodeRsp,121040
FindNodeRsp,107518
FindNodeReq,158705
FindNodeReq,160356
FindNodeRsp,132589
FindNodeReq,153817
FindNodeRsp,107837
FindNodeReq,161700
FindNodeRsp,76750
FindNodeRsp,113662
FindNodeRsp,109982
FindNodeReq,160425
FindNodeReq,160908
FindNodeReq,157091
FindNodeRsp,80117
FindNodeReq,163536
FindNodeRsp,111769
FindNodeRsp,82002
FindNodeRsp,115257
FindNodeReq,156400
FindNodeRsp,78049
FindNodeReq,155713
FindNodeRsp,110282
FindNodeRsp,113922
PNDiscReq,124174
FindNodeReq,162677
FindNodeReq,177916
FindNodeRsp,78798
FindNodeReq,160909
FindNodeRsp,77959
FindNodeReq,161824
FindNodeReq,157422
FindNodeRsp,107670
FindNodeRsp,81182
FindNodeReq,154805
FindNodeRsp,113089
FindNodeRsp,80342
FindNodeReq,153732
FindNodeRsp,103638
FindNodeRsp,109474
FindNodeReq,154256
PNHello,117921
PNDiscRsp,70330
FindNodeReq,160040
Error,183764
UpdateRouteReq,184445
Error,225349
UpdateRouteReq,259000
UpdateRouteReq,95706
UpdateRouteReq,139703
UpdateRouteReq,135997
UpdateRouteReq,148953
FindNodeReq,236895
UpdateRouteReq,152192
UpdateRouteReq,156092
FindNodeReq,220371
UpdateRouteReq,232095
UpdateRouteReq,239462
FindNodeReq,289742
UpdateRouteReq,97266
FindNodeReq,145915
FindNodeRsp,78699
FindNodeReq,153603
FindNodeReq,161089
FindNodeReq,154537
FindNodeReq,151483
FindNodeRsp,76591
FindNodeReq,145124
FindNodeReq,154136
PathSetupReq,72763
PathSetupReq,137548
FindNodeReq,145657
FindNodeReq,151609
FindNodeRsp,64759
FindNodeReq,152922
FindNodeReq,143984
FindNodeReq,144273
FindNodeReq,144870
FindNodeReq,176336
FindNodeRsp,60272
FindNodeReq,143445
FindNodeReq,155665
FindNodeReq,151729
FindNodeRsp,59947
FindNodeReq,142349
FindNodeReq,151603
FindNodeReq,152902
FindNodeRsp,63244
FindNodeReq,154909
FindNodeReq,142933
FindNodeReq,142305
FindNodeReq,143742
FindNodeRsp,57686
FindNodeReq,153223
FindNodeReq,144373
FindNodeReq,151564
FindNodeReq,143088
FindNodeReq,197430
FindNodeReq,148632
FindNodeReq,155954
FindNodeRsp,68950
FindNodeReq,138324
FindNodeRsp,69306
FindNodeReq,136229
FindNodeReq,87892
FindNodeRsp,48470
FindNodeReq,78863
UpdateRouteReq,68762
Error,122969
UpdateRouteReq,162749
Error,159983
Error,94115
Error,96302
UpdateRouteReq,100446
Error,73890
Error,77530
Error,73601
Error,74018
Error,74590
Error,73204
Error,43590
Error,40574
Error,56587
Error,59926
Error,231019
UpdateRouteReq,265106
Error,288553
UpdateRouteReq,64993
Error,76233
Error,77450
Error,75511
Error,38899
Error,36176
FindNodeRsp,60324
FindNodeReq,140257
Error,105881
Error,79284
Error,77299
Error,39332
FindNodeRsp,76462
FindNodeRsp,72835
FindNodeRsp,75075
Error,104857
Error,79482
Error,75762
Error,38613
Error,95584
UpdateRouteReq,40311
Error,81662
Error,75504
Error,74123
Error,36739
FindNodeReq,84260
UpdateRouteReq,57163
FindNodeRsp,64011
FindNodeRsp,60451
FindNodeReq,134979
FindNodeRsp,52632
FindNodeRsp,57614
FindNodeReq,140888
Error,107688
Error,82585
Error,76978
Error,38523
Error,106910
Error,80442
Error,75815
Error,38670
FindNodeRsp,57215
FindNodeReq,137377
FindNodeReq,159487
FindNodeRsp,79408
FindNodeRsp,56415
FindNodeReq,139479
FindNodeReq,132905
FindNodeRsp,56795
FindNodeReq,137293
FindNodeRsp,58299
FindNodeReq,140129
FindNodeRsp,57577
FindNodeRsp,58143
FindNodeReq,142789
FindNodeReq,133749
FindNodeRsp,56320
FindNodeRsp,55557
FindNodeReq,132234
FindNodeRsp,51839
FindNodeReq,139282
FindNodeRsp,58001
FindNodeReq,130745
FindNodeReq,83006
UpdateRouteReq,61366
FindNodeReq,133998
FindNodeRsp,61386
UpdateRouteReq,65568
FindNodeRsp,57583
FindNodeReq,133241
FindNodeRsp,56998
FindNodeReq,139561
FindNodeRsp,58223
FindNodeReq,140601
FindNodeRsp,56753
FindNodeReq,129262
UpdateRouteReq,64375
FindNodeReq,137177
FindNodeRsp,56575
Error,152769
Error,80264
UpdateRouteReq,64200
UpdateRouteReq,63484
Error,75090
Error,77924
UpdateRouteReq,81897
UpdateRouteReq,82467
UpdateRouteReq,61250
Error,75224
Error,93862
UpdateRouteReq,96744
Error,148953
Error,204842
Error,73684
Error,40443
Error,39127
FindNodeReq,143836
FindNodeRsp,83290
UpdateRouteReq,75144
FindNodeRsp,51031
FindNodeReq,133143
Error,80027
Error,49003
Error,92490
UpdateRouteReq,66666
UpdateRouteReq,62775
Error,113769
Error,95827
UpdateRouteReq,97422
Error,77194
Error,72633
Error,73733
Error,72942
Error,72580
Error,39739
Error,40376
Error,47753
Error,53973
UpdateRouteReq,57729
UpdateRouteReq,126981
Error,100937
Error,98080
Error,114830
Error,82190
Error,76754
Error,35613
Error,33399
FindNodeRsp,57999
FindNodeReq,131594
FindNodeRsp,58418
FindNodeReq,141179
FindNodeReq,133322
FindNodeRsp,63233
Error,36717
Error,50767
Error,99236
UpdateRouteReq,92271
UpdateRouteReq,123051
Error,96467
Error,94627
UpdateRouteReq,98332
Error,75265
Error,102112
Error,74034
Error,73774
Error,73731
Error,40411
Error,39863
Error,49879
Error,55219
UpdateRouteReq,56844
UpdateRouteReq,59307
Error,96383
Error,94165
Error,114782
Error,80118
Error,76424
Error,35353
Error,33738
FindNodeRsp,56115
FindNodeReq,133689
FindNodeRsp,52471
PathSetupReq,67891
PathSetupReq,67129
FindNodeReq,132931
FindNodeRsp,58220
FindNodeReq,132127
FindNodeRsp,62425
FindNodeRsp,55619
FindNodeReq,142325
FindNodeReq,132416
FindNodeRsp,52540
FindNodeReq,133137
PNDiscReq,109811
FindNodeRsp,31946
FindNodeReq,91420
FindNodeRsp,70737
FindNodeRsp,42059
FindNodeReq,145517
FindNodeRsp,51879
FindNodeReq,90910
FindNodeRsp,56872
FindNodeRsp,56343
FindNodeRsp,57041
FindNodeReq,140116
FindNodeRsp,63610
FindNodeReq,137303
UpdateRouteReq,78522
QueryRouteReq,194988
QueryRouteRsp,122268
UpdateRouteReq,127770
FindNodeRsp,75396
QueryRouteRsp,62973
QueryRouteReq,82124
UpdateRouteReq,74357
PathSetupReq,41390
FindNodeReq,162646
UpdateRouteReq,57127
UpdateRouteReq,149153
FindNodeRsp,96996
FindNodeReq,151301
FindNodeRsp,102072
FindNodeReq,314020
FindNodeRsp,78332
FindNodeReq,161770
FindNodeReq,153738
FindNodeReq,156725
FindNodeRsp,98673
FindNodeReq,177843
FindNodeReq,157136
FindNodeRsp,89611
FindNodeReq,147670
FindNodeReq,300124
FindNodeReq,149363
FindNodeRsp,122051
FindNodeReq,152619
FindNodeRsp,96805
FindNodeReq,154656
FindNodeRsp,107950
FindNodeReq,303477
FindNodeRsp,110129
PNHello,118876
PNDiscRsp,99803
FindNodeReq,160978
FindNodeRsp,87730
FindNodeReq,232043
FindNodeReq,187836
FindNodeRsp,55591
FindNodeRsp,84080
FindNodeRsp,94007
FindNodeReq,221961
FindNodeReq,150042
FindNodeReq,158145
FindNodeRsp,137841
FindNodeReq,155455
FindNodeRsp,87270
FindNodeReq,152814
FindNodeReq,149792
FindNodeReq,197028
FindNodeRsp,78198
FindNodeReq,158786
FindNodeRsp,93349
FindNodeReq,155835
FindNodeReq,153542
FindNodeRsp,88390
FindNodeRsp,109490
FindNodeReq,235999
FindNodeReq,148997
FindNodeRsp,98970
FindNodeReq,156097
FindNodeRsp,96202
FindNodeReq,196221
FindNodeRsp,130519
FindNodeRsp,92264
FindNodeRsp,92768
FindNodeReq,195086
FindNodeReq,148957
FindNodeReq,148531
FindNodeRsp,87138
FindNodeRsp,108639
FindNodeReq,161731
FindNodeReq,195054
UpdateRouteReq,59726
UpdateRouteReq,57753
UpdateRouteReq,58157
UpdateRouteReq,52919
PathTeardownReq,43819
FindNodeReq,85858
FindNodeRsp,65846
UpdateRouteReq,52468
PathSetupReq,42735
FindNodeRsp,89198
UpdateRouteReq,167169
FindNodeRsp,84838
FindNodeRsp,84817
FindNodeReq,148484
FindNodeReq,160464
UpdateRouteReq,56613
FindNodeRsp,84434
FindNodeRsp,79111
FindNodeReq,162118
FindNodeReq,147997
FindNodeRsp,92678
FindNodeReq,156116
FindNodeRsp,74834
FindNodeReq,133359
FindNodeReq,149108
FindNodeRsp,88789
FindNodeReq,164492
UpdateRouteReq,58171
UpdateRouteReq,61263
UpdateRouteReq,63907
UpdateRouteReq,66107
PathTeardownReq,71062
FindNodeReq,156429
FindNodeRsp,89577
FindNodeReq,148689
FindNodeReq,156156
FindNodeRsp,106152
FindNodeRsp,75909
FindNodeReq,163009
FindNodeRsp,71844
FindNodeReq,110928
FindNodeRsp,90002
FindNodeReq,148245
FindNodeRsp,104270
UpdateRouteReq,93992
PathSetupReq,55367
FindNodeRsp,86375
PathSetupReq,123196
PathSetupReq,59495
UpdateRouteReq,102287
FindNodeReq,164222
UpdateRouteReq,94360
PathSetupReq,85150
FindNodeRsp,84150
UpdateRouteReq,88877
UpdateRouteReq,53492
UpdateRouteReq,61887
UpdateRouteReq,84978
PathTeardownReq,67327
FindNodeRsp,111010
UpdateRouteReq,61528
PathSetupReq,70277
FindNodeReq,181378
UpdateRouteReq,79624
FindNodeRsp,87851
UpdateRouteReq,90310
UpdateRouteReq,61784
UpdateRouteReq,63941
FindNodeRsp,85990
UpdateRouteReq,61293
UpdateRouteReq,87579
UpdateRouteReq,54580
UpdateRouteReq,55181
PathTeardownReq,92836
FindNodeRsp,85872
UpdateRouteReq,57103
PathSetupReq,44567
FindNodeReq,159467
PathSetupReq,78369
UpdateRouteReq,76238
FindNodeReq,120218
FindNodeReq,155288
FindNodeRsp,87158
FindNodeReq,155561
FindNodeReq,157284
FindNodeRsp,87480
FindNodeReq,151352
FindNodeRsp,94134
UpdateRouteReq,91573
UpdateRouteReq,86314
FindNodeReq,152200
FindNodeRsp,89406
UpdateRouteReq,83103
UpdateRouteReq,78408
PathTeardownReq,49842
FindNodeRsp,93242
UpdateRouteReq,58103
PathSetupReq,42893
FindNodeReq,157617
FindNodeReq,152136
FindNodeRsp,75939
FindNodeReq,158929
FindNodeRsp,92262
FindNodeReq,164824
UpdateRouteReq,82770
UpdateRouteReq,86874
UpdateRouteReq,85407
UpdateRouteReq,76522
FindNodeReq,149183
FindNodeRsp,92596
FindNodeRsp,96175
FindNodeRsp,86126
UpdateRouteReq,79640
UpdateRouteReq,67562
UpdateRouteReq,83786
UpdateRouteReq,78638
PathTeardownReq,71159
FindNodeReq,159317
FindNodeRsp,104836
FindNodeRsp,75067
UpdateRouteReq,71079
UpdateRouteReq,60179
PathSetupReq,60334
UpdateRouteReq,101216
FindNodeReq,147573
FindNodeReq,163859
FindNodeReq,151548
FindNodeRsp,93973
FindNodeReq,156926
FindNodeRsp,99151
FindNodeReq,152852
FindNodeRsp,104720
FindNodeRsp,88944
FindNodeRsp,100582
FindNodeRsp,92118
FindNodeRsp,88603
FindNodeReq,155516
FindNodeRsp,90527
FindNodeReq,152263
FindNodeRsp,97247
FindNodeRsp,99545
FindNodeRsp,83159
FindNodeRsp,98122
FindNodeRsp,77762
PNDiscReq,184546
FindNodeRsp,87638
FindNodeRsp,109272
FindNodeReq,156391
FindNodeReq,151427
FindNodeRsp,107423
FindNodeReq,153058
FindNodeRsp,74230
FindNodeRsp,90220
FindNodeReq,172300
FindNodeReq,151843
FindNodeRsp,97486
FindNodeReq,149160
FindNodeRsp,75818
FindNodeRsp,93988
FindNodeRsp,81974
FindNodeReq,150461
FindNodeRsp,105452
FindNodeReq,152612
FindNodeRsp,89074
FindNodeRsp,77151
FindNodeReq,153845
FindNodeRsp,108910
FindNodeRsp,82948
FindNodeReq,148799
FindNodeRsp,95390
FindNodeReq,156649
FindNodeRsp,131070
FindNodeReq,150296
FindNodeRsp,93195
Error,77158
Error,150888
Error,160687
Error,159654
Error,156440
Error,75834
Error,39346
Error,162004
Error,159345
Error,160566
Error,158768
Error,76546
FindNodeRsp,82093
PNHello,124838
PNDiscRsp,54109
FindNodeReq,144888
FindNodeRsp,86698
FindNodeReq,154041
Error,38643
Error,52511
Error,158120
Error,214255
FindNodeReq,248327
Error,121963
Error,98663
Error,55635
Error,42355
FindNodeRsp,97718
FindNodeReq,154610
FindNodeReq,156709
FindNodeRsp,79910
FindNodeReq,153455
FindNodeReq,152835
PathSetupReq,60593
FindNodeRsp,80924
Error,38596
Error,31301
Error,111226
Error,84558
Error,89234
Error,86118
Error,48640
Error,36415
FindNodeRsp,77132
FindNodeRsp,95238
FindNodeReq,145070
PathSetupReq,116750
PathSetupReq,54468
FindNodeRsp,82683
PathSetupReq,77593
FindNodeReq,153270
FindNodeRsp,77869
FindNodeRsp,82438
FindNodeReq,145866
FindNodeReq,151755
FindNodeRsp,94838
FindNodeRsp,87364
FindNodeRsp,84302
PathSetupReq,77995
FindNodeReq,149619
FindNodeRsp,103614
FindNodeRsp,85622
FindNodeReq,155887
FindNodeRsp,86668
FindNodeReq,149286
FindNodeReq,154062
FindNodeReq,149841
FindNodeRsp,89844
FindNodeReq,152417
FindNodeRsp,95003
FindNodeRsp,90191
FindNodeReq,149229
FindNodeReq,153200
FindNodeRsp,79980
FindNodeRsp,104238
FindNodeReq,154361
FindNodeRsp,88942
FindNodeRsp,78966
FindNodeRsp,95477
FindNodeReq,153444
FindNodeRsp,91580
FindNodeRsp,104513
FindNodeReq,153584
FindNodeRsp,80706
FindNodeReq,151166
FindNodeReq,149598
FindNodeRsp,85525
FindNodeReq,151317
FindNodeRsp,87277
FindNodeRsp,104762
FindNodeRsp,95683
FindNodeRsp,84625
FindNodeReq,150716
FindNodeRsp,83162
FindNodeRsp,98254
FindNodeReq,152973
FindNodeRsp,92886
FindNodeRsp,79450
FindNodeRsp,71818
FindNodeReq,156345
FindNodeRsp,84489
FindNodeReq,151456
FindNodeRsp,78663
FindNodeRsp,90574
FindNodeReq,171232
FindNodeRsp,86405
FindNodeReq,151820
FindNodeRsp,91458
FindNodeReq,155986
FindNodeRsp,87983
FindNodeReq,150637
FindNodeRsp,102973
FindNodeRsp,89810
FindNodeReq,154298
FindNodeRsp,107640
FindNodeRsp,105788
FindNodeRsp,76421
FindNodeRsp,79632
FindNodeRsp,90439
FindNodeReq,147720
FindNodeRsp,103898
FindNodeReq,153157
FindNodeRsp,86313
FindNodeReq,148439
FindNodeReq,153496
FindNodeRsp,103758
FindNodeRsp,97222
FindNodeReq,152552
FindNodeReq,152551
FindNodeRsp,87214
FindNodeRsp,106515
FindNodeReq,156535
FindNodeRsp,75850
FindNodeReq,180418
FindNodeReq,158207
FindNodeRsp,92381
FindNodeRsp,83958
PathSetupReq,83872
FindNodeRsp,124150
FindNodeReq,148269
FindNodeRsp,85113
PathSetupReq,123410
PathSetupReq,54803
FindNodeRsp,77894
PathSetupReq,60359
FindNodeRsp,81479
FindNodeReq,159253
FindNodeRsp,91830
FindNodeReq,162958
FindNodeReq,156501
FindNodeRsp,105397
PNDiscReq,131309
FindNodeReq,159757
FindNodeRsp,81491
FindNodeReq,158649
FindNodeRsp,76738
PathSetupReq,76738
FindNodeReq,156661
FindNodeRsp,87450
FindNodeReq,183317
FindNodeReq,157471
FindNodeRsp,104811
FindNodeRsp,109022
FindNodeReq,154487
FindNodeReq,162164
FindNodeRsp,98817
UpdateRouteReq,207800
UpdateRouteReq,78907
UpdateRouteReq,70327
UpdateRouteReq,85882
PathTeardownReq,80380
FindNodeReq,136757
FindNodeRsp,77054
UpdateRouteReq,58027
PathSetupReq,43411
FindNodeReq,144291
FindNodeReq,135639
FindNodeRsp,80566
FindNodeReq,146686
FindNodeReq,146570
FindNodeRsp,98038
FindNodeReq,147628
UpdateRouteReq,204523
UpdateRouteReq,81787
UpdateRouteReq,66513
UpdateRouteReq,78117
FindNodeRsp,80297
FindNodeRsp,100501
FindNodeReq,154644
FindNodeRsp,101218
FindNodeReq,135804
FindNodeRsp,97630
UpdateRouteReq,172128
UpdateRouteReq,77731
PathTeardownReq,53027
FindNodeReq,156027
FindNodeRsp,81707
FindNodeReq,148699
FindNodeRsp,74059
UpdateRouteReq,59459
PathSetupReq,42709
FindNodeReq,143215
FindNodeReq,155698
FindNodeReq,139713
FindNodeRsp,88536
FindNodeReq,139437
FindNodeReq,145417
UpdateRouteReq,77251
UpdateRouteReq,210748
UpdateRouteReq,54930
FindNodeReq,135929
FindNodeRsp,87168
UpdateRouteReq,176602
FindNodeRsp,81838
PNHello,120718
PNDiscRsp,55840
FindNodeRsp,93651
FindNodeReq,135419
FindNodeRsp,108080
FindNodeReq,154173
FindNodeRsp,90398
FindNodeRsp,100553
FindNodeReq,146341
FindNodeRsp,92218
FindNodeReq,148300
FindNodeReq,107477
FindNodeReq,156796
FindNodeRsp,84907
FindNodeRsp,78358
FindNodeReq,155536
FindNodeRsp,90782
FindNodeRsp,76615
FindNodeReq,163441
FindNodeRsp,104690
FindNodeRsp,89278
FindNodeReq,161660
FindNodeReq,157528
FindNodeRsp,101337
FindNodeRsp,72699
FindNodeReq,155182
FindNodeRsp,104622
FindNodeReq,158373
FindNodeRsp,84377
FindNodeReq,159936
FindNodeReq,154081
FindNodeRsp,94510
FindNodeRsp,85734
FindNodeReq,158797
FindNodeRsp,89370
FindNodeRsp,80744
FindNodeRsp,80359
FindNodeRsp,81407
FindNodeReq,150857
FindNodeReq,164469
FindNodeRsp,89300
FindNodeRsp,111133
FindNodeRsp,93290
FindNodeReq,160391
FindNodeRsp,102724
FindNodeReq,154338
FindNodeRsp,94023
FindNodeRsp,84126
FindNodeReq,147809
FindNodeReq,161924
FindNodeReq,156257
FindNodeRsp,111374
FindNodeReq,148956
FindNodeRsp,96460
FindNodeReq,153921
FindNodeRsp,66143
FindNodeReq,152030
PathSetupReq,79656
FindNodeRsp,119654
FindNodeReq,159416
FindNodeReq,165852
FindNodeRsp,87204
PathSetupReq,122461
PathSetupReq,54723
FindNodeRsp,93777
PathSetupReq,60218
FindNodeRsp,76649
FindNodeReq,152110
FindNodeRsp,87770
FindNodeRsp,83540
FindNodeRsp,115331
FindNodeRsp,79290
PathSetupReq,75219
FindNodeReq,155197
FindNodeReq,163289
FindNodeRsp,94218
FindNodeRsp,96384
FindNodeRsp,93409
FindNodeRsp,94218
FindNodeReq,146907
FindNodeRsp,96802
FindNodeReq,160309
FindNodeRsp,82438
FindNodeRsp,80848
FindNodeRsp,92594
FindNodeRsp,80690
FindNodeRsp,79984
FindNodeReq,150041
FindNodeReq,122609
FindNodeRsp,66398
FindNodeReq,158585
FindNodeRsp,100478
FindNodeRsp,104973
FindNodeReq,154782
FindNodeRsp,67830
FindNodeReq,161855
FindNodeReq,159155
FindNodeRsp,67826
FindNodeReq,152353
FindNodeRsp,76158
FindNodeReq,155160
FindNodeRsp,90858
FindNodeRsp,91998
FindNodeRsp,94642
FindNodeRsp,92638
FindNodeRsp,105094
FindNodeReq,159350
FindNodeRsp,90016
FindNodeRsp,79689
FindNodeReq,162833
FindNodeReq,93286
FindNodeRsp,84159
FindNodeReq,173545
FindNodeRsp,75990
PNDiscReq,129613
FindNodeRsp,74873
FindNodeRsp,97752
FindNodeReq,160778
FindNodeReq,153824
FindNodeRsp,69998
FindNodeRsp,89626
FindNodeRsp,80838
FindNodeReq,110879
FindNodeReq,159600
FindNodeReq,144165
FindNodeRsp,72557
FindNodeRsp,89263
FindNodeRsp,85438
FindNodeRsp,110838
FindNodeReq,199205
FindNodeReq,98190
FindNodeRsp,107461
FindNodeReq,160113
FindNodeRsp,38242
FindNodeRsp,84617
FindNodeRsp,97678
FindNodeRsp,76786
FindNodeRsp,75522
FindNodeReq,155302
FindNodeReq,105689
FindNodeRsp,91140
FindNodeReq,119904
FindNodeRsp,105923
PNHello,141059
PNDiscRsp,56499
FindNodeRsp,102260
FindNodeRsp,87103
FindNodeRsp,89907
FindNodeReq,101380
FindNodeReq,143281
FindNodeRsp,70246
FindNodeReq,161880
PathSetupReq,79835
FindNodeRsp,92481
FindNodeRsp,81360
PathSetupReq,123172
PathSetupReq,54660
FindNodeReq,159918
PathSetupReq,78789
FindNodeRsp,90363
FindNodeRsp,83965
FindNodeReq,93902
FindNodeRsp,110142
FindNodeReq,199304
FindNodeReq,158619
FindNodeRsp,82518
FindNodeReq,157937
FindNodeRsp,99498
FindNodeRsp,103946
PathSetupReq,77238
FindNodeReq,155345
FindNodeRsp,95062
FindNodeReq,160802
FindNodeReq,165513
FindNodeRsp,96432
FindNodeRsp,87166
FindNodeRsp,85945
FindNodeReq,163397
FindNodeReq,150927
FindNodeRsp,102805
FindNodeRsp,81230
FindNodeReq,99038
FindNodeRsp,86178
FindNodeReq,161877
FindNodeRsp,88491
FindNodeRsp,82114
FindNodeRsp,104528
FindNodeReq,184590
FindNodeReq,157397
FindNodeRsp,101098
FindNodeRsp,95198
UpdateRouteReq,175687
UpdateRouteReq,50666
UpdateRouteReq,57726
UpdateRouteReq,58007
PathTeardownReq,48499
FindNodeRsp,86585
UpdateRouteReq,59175
UpdateRouteReq,51764
PathSetupReq,40704
FindNodeReq,147692
FindNodeReq,155695
FindNodeRsp,89072
FindNodeReq,184043
FindNodeRsp,75648
FindNodeRsp,85938
FindNodeRsp,81804
FindNodeRsp,80099
FindNodeRsp,107400
FindNodeReq,156388
FindNodeRsp,85255
FindNodeRsp,85890
FindNodeReq,95004
FindNodeRsp,105145
FindNodeRsp,84262
FindNodeRsp,80272
FindNodeRsp,107139
FindNodeReq,154279
FindNodeRsp,93625
UpdateRouteReq,59725
FindNodeReq,160736
FindNodeRsp,81338
FindNodeReq,155113
UpdateRouteReq,61239
FindNodeRsp,105512
FindNodeReq,160004
FindNodeReq,158475
FindNodeRsp,86462
FindNodeRsp,105770
FindNodeRsp,75221
FindNodeReq,157082
FindNodeReq,179165
FindNodeRsp,95114
FindNodeReq,160489
FindNodeRsp,89450
FindNodeReq,155392
FindNodeRsp,97502
FindNodeReq,180163
FindNodeRsp,83664
UpdateRouteReq,169439
UpdateRouteReq,57488
PathTeardownReq,43491
FindNodeRsp,82227
FindNodeRsp,71514
FindNodeRsp,103848
FindNodeRsp,115754
UpdateRouteReq,57551
PathSetupReq,44595
UpdateRouteReq,54441
UpdateRouteReq,57471
FindNodeReq,150268
FindNodeReq,161287
FindNodeRsp,86143
FindNodeReq,149792
FindNodeReq,183002
FindNodeRsp,88542
FindNodeRsp,84674
FindNodeRsp,95814
FindNodeRsp,93178
FindNodeRsp,101565
FindNodeRsp,88599
PathSetupReq,62718
FindNodeReq,156932
FindNodeRsp,81809
FindNodeReq,158332
FindNodeRsp,97013
PathSetupReq,119888
PathSetupReq,56021
PathSetupReq,79626
FindNodeRsp,98906
FindNodeRsp,81658
FindNodeReq,162576
FindNodeRsp,105202
FindNodeReq,160576
PNDiscReq,132328
FindNodeRsp,104098
FindNodeRsp,91027
FindNodeRsp,80015
PathSetupReq,59019
FindNodeReq,154925
